jvm,seed,model,method,draws,nanos,covered,precision,error
0,0,0,0,31200,27423000,true,true,0.019997314923989207
0,0,0,1,21900,166092900,true,true,0.019981617777748595
0,0,1,0,31200,15239100,true,true,0.019997314923989158
0,0,1,1,500,2443300,true,true,0.01695286080233314
0,0,2,0,31200,15975200,true,true,0.019997314923989207
0,0,2,1,500,2932100,true,true,0.016649423766040006
0,0,3,0,31200,100791400,true,true,0.019997314923989262
0,0,3,1,500,4669800,true,true,0.016635938797892214
0,1,0,1,22200,105136100,true,true,0.019971456419683897
0,1,0,0,31200,4618500,true,true,0.019997314923989262
0,1,1,1,500,971300,true,true,0.019258740607810257
0,1,1,0,31200,3887200,true,true,0.019997314923989155
0,1,2,1,500,2433500,true,true,0.016648972611980395
0,1,2,0,31200,11816700,true,true,0.019997314923989207
0,1,3,1,500,3260500,true,true,0.01663593159187332
0,1,3,0,31200,81493300,true,true,0.019997314923989207
0,2,0,0,31200,4459300,true,true,0.019997314923989207
0,2,0,1,21900,90574500,true,true,0.019995433611862956
0,2,1,0,31200,3729300,true,true,0.019997314923989155
0,2,1,1,500,787400,true,true,0.01695286080233314
0,2,2,0,31200,9204000,true,true,0.019997314923989207
0,2,2,1,500,1478200,true,true,0.016649980124603503
0,2,3,0,31200,74013000,true,true,0.019997314923989207
0,2,3,1,500,2637800,true,true,0.01663594333871793
0,3,0,1,21500,60382700,true,true,0.01996891533956585
0,3,0,0,31200,3405100,true,true,0.019997314923989207
0,3,1,1,500,755100,true,true,0.017724732147099593
0,3,1,0,31200,3649900,true,true,0.019997314923989155
0,3,2,1,500,2100300,true,true,0.01664823219856798
0,3,2,0,31200,8052800,true,true,0.019997314923989262
0,3,3,1,500,2937700,true,true,0.01663592336186881
0,3,3,0,31200,84087500,true,true,0.019997314923989262
0,4,0,0,31200,7781100,true,true,0.019997314923989207
0,4,0,1,21900,72713300,true,true,0.019987217733080598
0,4,1,0,31200,3325400,true,true,0.019997314923989155
0,4,1,1,500,696700,true,true,0.01695286080233314
0,4,2,0,31200,7236700,true,true,0.019997314923989262
0,4,2,1,500,1386700,true,true,0.016648844305329202
0,4,3,0,31200,72975200,true,true,0.019997314923989207
0,4,3,1,500,2530500,true,true,0.016635915962367687
0,5,0,1,21800,57492200,true,true,0.019994782339531836
0,5,0,0,31200,3230000,true,true,0.019997314923989207
0,5,1,1,500,616600,true,true,0.017724020168585375
0,5,1,0,31200,3033600,true,true,0.019997314923989155
0,5,2,1,500,1453200,true,true,0.0166494379531823
0,5,2,0,31200,7238400,true,true,0.019997314923989207
0,5,3,1,500,2325300,true,true,0.01663593772763905
0,5,3,0,31200,72559200,true,true,0.019997314923989207
0,6,0,0,31200,3194400,true,true,0.019997314923989262
0,6,0,1,21800,55944700,true,true,0.01997576840336368
0,6,1,0,31200,3093100,true,true,0.019997314923989155
0,6,1,1,500,581000,true,true,0.01695286080233314
0,6,2,0,31200,7384300,true,true,0.019997314923989207
0,6,2,1,500,1346000,true,true,0.016648810577706175
0,6,3,0,31200,72188200,true,true,0.019997314923989262
0,6,3,1,500,2306200,true,true,0.016635924345446806
0,7,0,1,22000,57133900,true,true,0.019994589711548327
0,7,0,0,31200,3211000,true,true,0.019997314923989207
0,7,1,1,500,556100,true,true,0.01695286080233314
0,7,1,0,31200,3024300,true,true,0.019997314923989155
0,7,2,1,500,1291400,true,true,0.01664945128307993
0,7,2,0,31200,7478500,true,true,0.019997314923989207
0,7,3,1,500,2261100,true,true,0.016635932902862527
0,7,3,0,31200,71342600,true,true,0.019997314923989207
0,8,0,0,31200,3216000,true,true,0.019997314923989207
0,8,0,1,22100,56560300,true,true,0.019991666184780876
0,8,1,0,31200,2737500,true,true,0.019997314923989155
0,8,1,1,500,660900,true,true,0.01695286080233314
0,8,2,0,31200,7324000,true,true,0.019997314923989262
0,8,2,1,500,1451300,true,true,0.016648967558825722
0,8,3,0,31200,71867800,true,true,0.019997314923989207
0,8,3,1,500,2435000,true,true,0.016635930820200873
0,9,0,1,21700,65493300,true,true,0.019967213555354912
0,9,0,0,31200,3263000,true,true,0.019997314923989207
0,9,1,1,500,621400,true,true,0.017727727283136163
0,9,1,0,31200,2579200,true,true,0.019997314923989158
0,9,2,1,500,1777400,true,true,0.01664919161329448
0,9,2,0,31200,7627100,true,true,0.019997314923989207
0,9,3,1,500,2296400,true,true,0.016635934278393272
0,9,3,0,31200,74799400,true,true,0.019997314923989207
0,10,0,0,31200,3256300,true,true,0.019997314923989207
0,10,0,1,21800,64995600,true,true,0.01997320676497738
0,10,1,0,31200,2599100,true,true,0.019997314923989158
0,10,1,1,500,575700,true,true,0.01695286080233314
0,10,2,0,31200,7287800,true,true,0.019997314923989207
0,10,2,1,500,1344400,true,true,0.01664919275668958
0,10,3,0,31200,73254100,true,true,0.019997314923989262
0,10,3,1,500,2317400,true,true,0.01663593503772831
0,11,0,1,21600,58111300,true,true,0.019998663260863192
0,11,0,0,31200,3759400,true,true,0.019997314923989262
0,11,1,1,500,629300,true,true,0.01773502532090454
0,11,1,0,31200,2540800,true,true,0.019997314923989158
0,11,2,1,500,1291300,true,true,0.016648358188694812
0,11,2,0,31200,6999500,true,true,0.019997314923989207
0,11,3,1,500,2458500,true,true,0.016635927749212465
0,11,3,0,31200,71725900,true,true,0.019997314923989207
0,12,0,0,31200,3105400,true,true,0.019997314923989262
0,12,0,1,22100,57236300,true,true,0.01998938348429058
0,12,1,0,31200,3013500,true,true,0.019997314923989155
0,12,1,1,500,618800,true,true,0.0185078285816393
0,12,2,0,31200,7218300,true,true,0.019997314923989207
0,12,2,1,500,1252200,true,true,0.016649107098264393
0,12,3,0,31200,72065100,true,true,0.019997314923989262
0,12,3,1,500,2504200,true,true,0.01663593457578849
0,13,0,1,22000,59158600,true,true,0.019985706761631694
0,13,0,0,31200,3243600,true,true,0.019997314923989207
0,13,1,1,500,604400,true,true,0.01772511166069866
0,13,1,0,31200,2823400,true,true,0.019997314923989155
0,13,2,1,500,1277100,true,true,0.016649079798015887
0,13,2,0,31200,7134800,true,true,0.019997314923989207
0,13,3,1,500,2310000,true,true,0.016635935524640044
0,13,3,0,31200,72184900,true,true,0.019997314923989207
0,14,0,0,31200,3027600,true,true,0.019997314923989262
0,14,0,1,21900,54861200,true,true,0.019988312652659435
0,14,1,0,31200,2660800,true,true,0.019997314923989155
0,14,1,1,500,562700,true,true,0.01695286080233314
0,14,2,0,31200,7489700,true,true,0.019997314923989262
0,14,2,1,500,1276000,true,true,0.016648032931536216
0,14,3,0,31200,71652900,true,true,0.019997314923989207
0,14,3,1,500,2249300,true,true,0.01663591939829523
0,15,0,1,21900,52917400,true,true,0.019986984483568893
0,15,0,0,31200,4415000,true,true,0.019997314923989262
0,15,1,1,500,727700,true,true,0.017723932555921623
0,15,1,0,31200,2986100,true,true,0.019997314923989155
0,15,2,1,500,1278700,true,true,0.016649254108689504
0,15,2,0,31200,9807000,true,true,0.019997314923989207
0,15,3,1,500,2349400,true,true,0.016635928871943706
0,15,3,0,31200,71466700,true,true,0.019997314923989207
0,16,0,0,31200,3257100,true,true,0.019997314923989262
0,16,0,1,22100,53841200,true,true,0.019989572989013216
0,16,1,0,31200,2779100,true,true,0.019997314923989155
0,16,1,1,500,618700,true,true,0.017725322338889207
0,16,2,0,31200,6947200,true,true,0.019997314923989207
0,16,2,1,500,1290400,true,true,0.0166485158331402
0,16,3,0,31200,71469600,true,true,0.019997314923989207
0,16,3,1,500,2432100,true,true,0.01663593395089613
0,17,0,1,21900,58784100,true,true,0.01997269701510962
0,17,0,0,31200,3069300,true,true,0.019997314923989207
0,17,1,1,500,551700,true,true,0.01695286080233314
0,17,1,0,31200,2761300,true,true,0.019997314923989158
0,17,2,1,500,1287100,true,true,0.016647831527041412
0,17,2,0,31200,7103000,true,true,0.019997314923989207
0,17,3,1,500,2293500,true,true,0.016635919383919173
0,17,3,0,31200,71857100,true,true,0.019997314923989207
0,18,0,0,31200,3183800,true,true,0.019997314923989207
0,18,0,1,21800,55295500,true,true,0.019966001208691075
0,18,1,0,31200,2781200,true,true,0.019997314923989158
0,18,1,1,500,582000,true,true,0.017724703421527165
0,18,2,0,31200,7410800,true,true,0.019997314923989207
0,18,2,1,500,1271400,true,true,0.016648128931127992
0,18,3,0,31200,71968200,true,true,0.019997314923989207
0,18,3,1,500,2249900,true,true,0.016635914613054525
0,19,0,1,21600,54795900,true,true,0.019973071366707895
0,19,0,0,31200,3280300,true,true,0.019997314923989262
0,19,1,1,500,602800,true,true,0.01695286080233314
0,19,1,0,31200,2545500,true,true,0.019997314923989155
0,19,2,1,500,1280000,true,true,0.016647858403821603
0,19,2,0,31200,6989000,true,true,0.019997314923989207
0,19,3,1,500,2676400,true,true,0.016635916027498865
0,19,3,0,31200,71428100,true,true,0.019997314923989262
1,0,0,0,31200,26326200,true,true,0.019997314923989207
1,0,0,1,21900,165578400,true,true,0.019981617777748595
1,0,1,0,31200,14801700,true,true,0.019997314923989158
1,0,1,1,500,2350700,true,true,0.01695286080233314
1,0,2,0,31200,15655100,true,true,0.019997314923989207
1,0,2,1,500,2566800,true,true,0.016649423766040006
1,0,3,0,31200,95756300,true,true,0.019997314923989262
1,0,3,1,500,3224100,true,true,0.016635938797892214
1,1,0,1,22200,98539400,true,true,0.019971456419683897
1,1,0,0,31200,4912300,true,true,0.019997314923989262
1,1,1,1,500,1382000,true,true,0.019258740607810257
1,1,1,0,31200,4335300,true,true,0.019997314923989155
1,1,2,1,500,1848600,true,true,0.016648972611980395
1,1,2,0,31200,11982700,true,true,0.019997314923989207
1,1,3,1,500,3137700,true,true,0.01663593159187332
1,1,3,0,31200,78181600,true,true,0.019997314923989207
1,2,0,0,31200,4441400,true,true,0.019997314923989207
1,2,0,1,21900,100837600,true,true,0.019995433611862956
1,2,1,0,31200,4165100,true,true,0.019997314923989155
1,2,1,1,500,874300,true,true,0.01695286080233314
1,2,2,0,31200,14442900,true,true,0.019997314923989207
1,2,2,1,500,1900300,true,true,0.016649980124603503
1,2,3,0,31200,82321700,true,true,0.019997314923989207
1,2,3,1,500,3331000,true,true,0.01663594333871793
1,3,0,1,21500,77109600,true,true,0.01996891533956585
1,3,0,0,31200,3255000,true,true,0.019997314923989207
1,3,1,1,500,734800,true,true,0.017724732147099593
1,3,1,0,31200,3330100,true,true,0.019997314923989155
1,3,2,1,500,1718900,true,true,0.01664823219856798
1,3,2,0,31200,10418800,true,true,0.019997314923989262
1,3,3,1,500,2466400,true,true,0.01663592336186881
1,3,3,0,31200,79264600,true,true,0.019997314923989262
1,4,0,0,31200,3632200,true,true,0.019997314923989207
1,4,0,1,21900,81769400,true,true,0.019987217733080598
1,4,1,0,31200,3839200,true,true,0.019997314923989155
1,4,1,1,500,783100,true,true,0.01695286080233314
1,4,2,0,31200,11585800,true,true,0.019997314923989262
1,4,2,1,500,1920100,true,true,0.016648844305329202
1,4,3,0,31200,79551500,true,true,0.019997314923989207
1,4,3,1,500,3022000,true,true,0.016635915962367687
1,5,0,1,21800,87260600,true,true,0.019994782339531836
1,5,0,0,31200,4206600,true,true,0.019997314923989207
1,5,1,1,500,1028300,true,true,0.017724020168585375
1,5,1,0,31200,3619400,true,true,0.019997314923989155
1,5,2,1,500,1721800,true,true,0.0166494379531823
1,5,2,0,31200,11446100,true,true,0.019997314923989207
1,5,3,1,500,2755400,true,true,0.01663593772763905
1,5,3,0,31200,76324800,true,true,0.019997314923989207
1,6,0,0,31200,3362400,true,true,0.019997314923989262
1,6,0,1,21800,52078600,true,true,0.01997576840336368
1,6,1,0,31200,2589200,true,true,0.019997314923989155
1,6,1,1,500,599700,true,true,0.01695286080233314
1,6,2,0,31200,7543000,true,true,0.019997314923989207
1,6,2,1,500,1294300,true,true,0.016648810577706175
1,6,3,0,31200,71723300,true,true,0.019997314923989262
1,6,3,1,500,2304900,true,true,0.016635924345446806
1,7,0,1,22000,63952900,true,true,0.019994589711548327
1,7,0,0,31200,3419200,true,true,0.019997314923989207
1,7,1,1,500,612000,true,true,0.01695286080233314
1,7,1,0,31200,2522300,true,true,0.019997314923989155
1,7,2,1,500,1328700,true,true,0.01664945128307993
1,7,2,0,31200,7682600,true,true,0.019997314923989207
1,7,3,1,500,2394600,true,true,0.016635932902862527
1,7,3,0,31200,73663700,true,true,0.019997314923989207
1,8,0,0,31200,4217900,true,true,0.019997314923989207
1,8,0,1,22100,57382400,true,true,0.019991666184780876
1,8,1,0,31200,2679200,true,true,0.019997314923989155
1,8,1,1,500,592000,true,true,0.01695286080233314
1,8,2,0,31200,7589400,true,true,0.019997314923989262
1,8,2,1,500,1277600,true,true,0.016648967558825722
1,8,3,0,31200,71821900,true,true,0.019997314923989207
1,8,3,1,500,2313600,true,true,0.016635930820200873
1,9,0,1,21700,65537500,true,true,0.019967213555354912
1,9,0,0,31200,3520900,true,true,0.019997314923989207
1,9,1,1,500,611000,true,true,0.017727727283136163
1,9,1,0,31200,2429200,true,true,0.019997314923989158
1,9,2,1,500,1633800,true,true,0.01664919161329448
1,9,2,0,31200,7197600,true,true,0.019997314923989207
1,9,3,1,500,2296100,true,true,0.016635934278393272
1,9,3,0,31200,72413100,true,true,0.019997314923989207
1,10,0,0,31200,3150100,true,true,0.019997314923989207
1,10,0,1,21800,63183000,true,true,0.01997320676497738
1,10,1,0,31200,2951600,true,true,0.019997314923989158
1,10,1,1,500,598400,true,true,0.01695286080233314
1,10,2,0,31200,7481800,true,true,0.019997314923989207
1,10,2,1,500,1588700,true,true,0.01664919275668958
1,10,3,0,31200,71659600,true,true,0.019997314923989262
1,10,3,1,500,2409500,true,true,0.01663593503772831
1,11,0,1,21600,51644600,true,true,0.019998663260863192
1,11,0,0,31200,3051500,true,true,0.019997314923989262
1,11,1,1,500,606700,true,true,0.01773502532090454
1,11,1,0,31200,2993300,true,true,0.019997314923989158
1,11,2,1,500,1435800,true,true,0.016648358188694812
1,11,2,0,31200,7117600,true,true,0.019997314923989207
1,11,3,1,500,2239600,true,true,0.016635927749212465
1,11,3,0,31200,71436300,true,true,0.019997314923989207
1,12,0,0,31200,3153700,true,true,0.019997314923989262
1,12,0,1,22100,59882500,true,true,0.01998938348429058
1,12,1,0,31200,2595400,true,true,0.019997314923989155
1,12,1,1,500,579700,true,true,0.0185078285816393
1,12,2,0,31200,7532100,true,true,0.019997314923989207
1,12,2,1,500,1265600,true,true,0.016649107098264393
1,12,3,0,31200,71860900,true,true,0.019997314923989262
1,12,3,1,500,2272300,true,true,0.01663593457578849
1,13,0,1,22000,53006400,true,true,0.019985706761631694
1,13,0,0,31200,3200800,true,true,0.019997314923989207
1,13,1,1,500,568200,true,true,0.01772511166069866
1,13,1,0,31200,2575900,true,true,0.019997314923989155
1,13,2,1,500,1212800,true,true,0.016649079798015887
1,13,2,0,31200,7009300,true,true,0.019997314923989207
1,13,3,1,500,2482800,true,true,0.016635935524640044
1,13,3,0,31200,79886900,true,true,0.019997314923989207
1,14,0,0,31200,3772700,true,true,0.019997314923989262
1,14,0,1,21900,50696800,true,true,0.019988312652659435
1,14,1,0,31200,2458000,true,true,0.019997314923989155
1,14,1,1,500,603600,true,true,0.01695286080233314
1,14,2,0,31200,7159000,true,true,0.019997314923989262
1,14,2,1,500,1315600,true,true,0.016648032931536216
1,14,3,0,31200,71778500,true,true,0.019997314923989207
1,14,3,1,500,2361700,true,true,0.01663591939829523
1,15,0,1,21900,60638200,true,true,0.019986984483568893
1,15,0,0,31200,3463600,true,true,0.019997314923989262
1,15,1,1,500,595600,true,true,0.017723932555921623
1,15,1,0,31200,2760600,true,true,0.019997314923989155
1,15,2,1,500,1213200,true,true,0.016649254108689504
1,15,2,0,31200,7050900,true,true,0.019997314923989207
1,15,3,1,500,2382700,true,true,0.016635928871943706
1,15,3,0,31200,71226900,true,true,0.019997314923989207
1,16,0,0,31200,3204700,true,true,0.019997314923989262
1,16,0,1,22100,52371300,true,true,0.019989572989013216
1,16,1,0,31200,2743700,true,true,0.019997314923989155
1,16,1,1,500,576200,true,true,0.017725322338889207
1,16,2,0,31200,7568100,true,true,0.019997314923989207
1,16,2,1,500,1393300,true,true,0.0166485158331402
1,16,3,0,31200,71461200,true,true,0.019997314923989207
1,16,3,1,500,2265700,true,true,0.01663593395089613
1,17,0,1,21900,62165000,true,true,0.01997269701510962
1,17,0,0,31200,3069000,true,true,0.019997314923989207
1,17,1,1,500,556300,true,true,0.01695286080233314
1,17,1,0,31200,2708700,true,true,0.019997314923989158
1,17,2,1,500,1683500,true,true,0.016647831527041412
1,17,2,0,31200,6931400,true,true,0.019997314923989207
1,17,3,1,500,2248700,true,true,0.016635919383919173
1,17,3,0,31200,71551500,true,true,0.019997314923989207
1,18,0,0,31200,3305000,true,true,0.019997314923989207
1,18,0,1,21800,53855000,true,true,0.019966001208691075
1,18,1,0,31200,2932700,true,true,0.019997314923989158
1,18,1,1,500,605100,true,true,0.017724703421527165
1,18,2,0,31200,15323900,true,true,0.019997314923989207
1,18,2,1,500,1439000,true,true,0.016648128931127992
1,18,3,0,31200,72044700,true,true,0.019997314923989207
1,18,3,1,500,2565700,true,true,0.016635914613054525
1,19,0,1,21600,51396600,true,true,0.019973071366707895
1,19,0,0,31200,3124400,true,true,0.019997314923989262
1,19,1,1,500,560500,true,true,0.01695286080233314
1,19,1,0,31200,2618000,true,true,0.019997314923989155
1,19,2,1,500,1342300,true,true,0.016647858403821603
1,19,2,0,31200,7424400,true,true,0.019997314923989207
1,19,3,1,500,2338600,true,true,0.016635916027498865
1,19,3,0,31200,71298500,true,true,0.019997314923989262
2,0,0,0,31200,31606600,true,true,0.019997314923989207
2,0,0,1,21900,237403500,true,true,0.019981617777748595
2,0,1,0,31200,15437400,true,true,0.019997314923989158
2,0,1,1,500,1839800,true,true,0.01695286080233314
2,0,2,0,31200,14693900,true,true,0.019997314923989207
2,0,2,1,500,2409300,true,true,0.016649423766040006
2,0,3,0,31200,102696500,true,true,0.019997314923989262
2,0,3,1,500,3557800,true,true,0.016635938797892214
2,1,0,1,22200,114230000,true,true,0.019971456419683897
2,1,0,0,31200,6002800,true,true,0.019997314923989262
2,1,1,1,500,1623200,true,true,0.019258740607810257
2,1,1,0,31200,4137600,true,true,0.019997314923989155
2,1,2,1,500,2044100,true,true,0.016648972611980395
2,1,2,0,31200,15498500,true,true,0.019997314923989207
2,1,3,1,500,3553700,true,true,0.01663593159187332
2,1,3,0,31200,80110300,true,true,0.019997314923989207
2,2,0,0,31200,4391400,true,true,0.019997314923989207
2,2,0,1,21900,129685700,true,true,0.019995433611862956
2,2,1,0,31200,10820200,true,true,0.019997314923989155
2,2,1,1,500,1952400,true,true,0.01695286080233314
2,2,2,0,31200,25186900,true,true,0.019997314923989207
2,2,2,1,500,2517900,true,true,0.016649980124603503
2,2,3,0,31200,80323500,true,true,0.019997314923989207
2,2,3,1,500,2967100,true,true,0.01663594333871793
2,3,0,1,21500,100207600,true,true,0.01996891533956585
2,3,0,0,31200,5843700,true,true,0.019997314923989207
2,3,1,1,500,940500,true,true,0.017724732147099593
2,3,1,0,31200,5267700,true,true,0.019997314923989155
2,3,2,1,500,2724900,true,true,0.01664823219856798
2,3,2,0,31200,15965300,true,true,0.019997314923989262
2,3,3,1,500,3401100,true,true,0.01663592336186881
2,3,3,0,31200,77207800,true,true,0.019997314923989262
2,4,0,0,31200,4127200,true,true,0.019997314923989207
2,4,0,1,21900,83736900,true,true,0.019987217733080598
2,4,1,0,31200,2691800,true,true,0.019997314923989155
2,4,1,1,500,564800,true,true,0.01695286080233314
2,4,2,0,31200,7457400,true,true,0.019997314923989262
2,4,2,1,500,1293500,true,true,0.016648844305329202
2,4,3,0,31200,72132300,true,true,0.019997314923989207
2,4,3,1,500,2240400,true,true,0.016635915962367687
2,5,0,1,21800,51708000,true,true,0.019994782339531836
2,5,0,0,31200,3321500,true,true,0.019997314923989207
2,5,1,1,500,661700,true,true,0.017724020168585375
2,5,1,0,31200,2530600,true,true,0.019997314923989155
2,5,2,1,500,1250600,true,true,0.0166494379531823
2,5,2,0,31200,7044800,true,true,0.019997314923989207
2,5,3,1,500,2270100,true,true,0.01663593772763905
2,5,3,0,31200,71695500,true,true,0.019997314923989207
2,6,0,0,31200,3121600,true,true,0.019997314923989262
2,6,0,1,21800,52195000,true,true,0.01997576840336368
2,6,1,0,31200,2701800,true,true,0.019997314923989155
2,6,1,1,500,643500,true,true,0.01695286080233314
2,6,2,0,31200,8386500,true,true,0.019997314923989207
2,6,2,1,500,1270700,true,true,0.016648810577706175
2,6,3,0,31200,80899400,true,true,0.019997314923989262
2,6,3,1,500,2351100,true,true,0.016635924345446806
2,7,0,1,22000,52840700,true,true,0.019994589711548327
2,7,0,0,31200,3071800,true,true,0.019997314923989207
2,7,1,1,500,554600,true,true,0.01695286080233314
2,7,1,0,31200,2482300,true,true,0.019997314923989155
2,7,2,1,500,1444600,true,true,0.01664945128307993
2,7,2,0,31200,7252600,true,true,0.019997314923989207
2,7,3,1,500,2275900,true,true,0.016635932902862527
2,7,3,0,31200,71644900,true,true,0.019997314923989207
2,8,0,0,31200,3738900,true,true,0.019997314923989207
2,8,0,1,22100,56662600,true,true,0.019991666184780876
2,8,1,0,31200,2751400,true,true,0.019997314923989155
2,8,1,1,500,586100,true,true,0.01695286080233314
2,8,2,0,31200,7388500,true,true,0.019997314923989262
2,8,2,1,500,1291800,true,true,0.016648967558825722
2,8,3,0,31200,71679300,true,true,0.019997314923989207
2,8,3,1,500,2417300,true,true,0.016635930820200873
2,9,0,1,21700,62350000,true,true,0.019967213555354912
2,9,0,0,31200,3079400,true,true,0.019997314923989207
2,9,1,1,500,592400,true,true,0.017727727283136163
2,9,1,0,31200,2539100,true,true,0.019997314923989158
2,9,2,1,500,1923900,true,true,0.01664919161329448
2,9,2,0,31200,9770400,true,true,0.019997314923989207
2,9,3,1,500,2317400,true,true,0.016635934278393272
2,9,3,0,31200,72776700,true,true,0.019997314923989207
2,10,0,0,31200,4673300,true,true,0.019997314923989207
2,10,0,1,21800,82222400,true,true,0.01997320676497738
2,10,1,0,31200,3896500,true,true,0.019997314923989158
2,10,1,1,500,725600,true,true,0.01695286080233314
2,10,2,0,31200,11732100,true,true,0.019997314923989207
2,10,2,1,500,2090300,true,true,0.01664919275668958
2,10,3,0,31200,74370200,true,true,0.019997314923989262
2,10,3,1,500,2511500,true,true,0.01663593503772831
2,11,0,1,21600,62547900,true,true,0.019998663260863192
2,11,0,0,31200,3094600,true,true,0.019997314923989262
2,11,1,1,500,709900,true,true,0.01773502532090454
2,11,1,0,31200,2855700,true,true,0.019997314923989158
2,11,2,1,500,1279300,true,true,0.016648358188694812
2,11,2,0,31200,6933100,true,true,0.019997314923989207
2,11,3,1,500,2244100,true,true,0.016635927749212465
2,11,3,0,31200,71718100,true,true,0.019997314923989207
2,12,0,0,31200,2995600,true,true,0.019997314923989262
2,12,0,1,22100,52300600,true,true,0.01998938348429058
2,12,1,0,31200,2627500,true,true,0.019997314923989155
2,12,1,1,500,583500,true,true,0.0185078285816393
2,12,2,0,31200,7768400,true,true,0.019997314923989207
2,12,2,1,500,1305200,true,true,0.016649107098264393
2,12,3,0,31200,71659900,true,true,0.019997314923989262
2,12,3,1,500,2240500,true,true,0.01663593457578849
2,13,0,1,22000,63767900,true,true,0.019985706761631694
2,13,0,0,31200,3043600,true,true,0.019997314923989207
2,13,1,1,500,545700,true,true,0.01772511166069866
2,13,1,0,31200,2509300,true,true,0.019997314923989155
2,13,2,1,500,1295100,true,true,0.016649079798015887
2,13,2,0,31200,7440900,true,true,0.019997314923989207
2,13,3,1,500,2258900,true,true,0.016635935524640044
2,13,3,0,31200,71317700,true,true,0.019997314923989207
2,14,0,0,31200,3069700,true,true,0.019997314923989262
2,14,0,1,21900,53134500,true,true,0.019988312652659435
2,14,1,0,31200,2624200,true,true,0.019997314923989155
2,14,1,1,500,576000,true,true,0.01695286080233314
2,14,2,0,31200,7046900,true,true,0.019997314923989262
2,14,2,1,500,1277300,true,true,0.016648032931536216
2,14,3,0,31200,71391400,true,true,0.019997314923989207
2,14,3,1,500,2248000,true,true,0.01663591939829523
2,15,0,1,21900,53587000,true,true,0.019986984483568893
2,15,0,0,31200,3067200,true,true,0.019997314923989262
2,15,1,1,500,1018000,true,true,0.017723932555921623
2,15,1,0,31200,2625500,true,true,0.019997314923989155
2,15,2,1,500,1443800,true,true,0.016649254108689504
2,15,2,0,31200,14277400,true,true,0.019997314923989207
2,15,3,1,500,2672500,true,true,0.016635928871943706
2,15,3,0,31200,71494800,true,true,0.019997314923989207
2,16,0,0,31200,3451700,true,true,0.019997314923989262
2,16,0,1,22100,51603200,true,true,0.019989572989013216
2,16,1,0,31200,2503800,true,true,0.019997314923989155
2,16,1,1,500,590500,true,true,0.017725322338889207
2,16,2,0,31200,7466200,true,true,0.019997314923989207
2,16,2,1,500,1301700,true,true,0.0166485158331402
2,16,3,0,31200,71726000,true,true,0.019997314923989207
2,16,3,1,500,2287500,true,true,0.01663593395089613
2,17,0,1,21900,51182100,true,true,0.01997269701510962
2,17,0,0,31200,3516100,true,true,0.019997314923989207
2,17,1,1,500,624300,true,true,0.01695286080233314
2,17,1,0,31200,2520300,true,true,0.019997314923989158
2,17,2,1,500,1292300,true,true,0.016647831527041412
2,17,2,0,31200,7143700,true,true,0.019997314923989207
2,17,3,1,500,2740100,true,true,0.016635919383919173
2,17,3,0,31200,71772400,true,true,0.019997314923989207
2,18,0,0,31200,3138700,true,true,0.019997314923989207
2,18,0,1,21800,60413100,true,true,0.019966001208691075
2,18,1,0,31200,2930400,true,true,0.019997314923989158
2,18,1,1,500,637600,true,true,0.017724703421527165
2,18,2,0,31200,7013600,true,true,0.019997314923989207
2,18,2,1,500,1312200,true,true,0.016648128931127992
2,18,3,0,31200,73802600,true,true,0.019997314923989207
2,18,3,1,500,2339600,true,true,0.016635914613054525
2,19,0,1,21600,51063800,true,true,0.019973071366707895
2,19,0,0,31200,2967000,true,true,0.019997314923989262
2,19,1,1,500,577100,true,true,0.01695286080233314
2,19,1,0,31200,2453100,true,true,0.019997314923989155
2,19,2,1,500,1586100,true,true,0.016647858403821603
2,19,2,0,31200,10567900,true,true,0.019997314923989207
2,19,3,1,500,2839400,true,true,0.016635916027498865
2,19,3,0,31200,72038300,true,true,0.019997314923989262
