case,seed,method,attempts,priorCalls,proposalDraws,rejected,reference,mean,ess,accurate,health
normal,19000001,prior,2000,2000,2000,0,0.8,0.7920416667322481,806.2959778610532,true,ChecksPassed
normal,19000001,informed,2000,2000,2000,0,0.8,0.7811934040032443,1895.1732649841053,true,ChecksPassed
normal,34485864,prior,2000,2000,2000,0,0.8,0.8037057133864215,854.6895743770045,true,ChecksPassed
normal,34485864,informed,2000,2000,2000,0,0.8,0.8057366683005243,1878.5457523612426,true,ChecksPassed
normal,49971727,prior,2000,2000,2000,0,0.8,0.7597100759212345,828.9515287622663,false,ChecksPassed
normal,49971727,informed,2000,2000,2000,0,0.8,0.7879983520402024,1881.5505445977808,true,ChecksPassed
normal,65457590,prior,2000,2000,2000,0,0.8,0.7925673045084676,850.8538917286439,true,ChecksPassed
normal,65457590,informed,2000,2000,2000,0,0.8,0.8075807834207651,1885.566871831782,true,ChecksPassed
normal,80943453,prior,2000,2000,2000,0,0.8,0.7798823969027339,851.8376082238449,true,ChecksPassed
normal,80943453,informed,2000,2000,2000,0,0.8,0.8053246349249653,1883.7976664744692,true,ChecksPassed
normal,96429316,prior,2000,2000,2000,0,0.8,0.788134949272091,853.4553154606682,true,ChecksPassed
normal,96429316,informed,2000,2000,2000,0,0.8,0.8060566540813254,1885.8882756338699,true,ChecksPassed
normal,111915179,prior,2000,2000,2000,0,0.8,0.8078283315803534,847.92675683931,true,ChecksPassed
normal,111915179,informed,2000,2000,2000,0,0.8,0.8037195280311993,1885.7088143080841,true,ChecksPassed
normal,127401042,prior,2000,2000,2000,0,0.8,0.8199972578169986,855.5925281203057,true,ChecksPassed
normal,127401042,informed,2000,2000,2000,0,0.8,0.8061801332554202,1885.8696659548584,true,ChecksPassed
normal,142886905,prior,2000,2000,2000,0,0.8,0.788577047137321,824.3451874783825,true,ChecksPassed
normal,142886905,informed,2000,2000,2000,0,0.8,0.7921507531787644,1889.0309905740555,true,ChecksPassed
normal,158372768,prior,2000,2000,2000,0,0.8,0.7914826767102858,822.7018779044485,true,ChecksPassed
normal,158372768,informed,2000,2000,2000,0,0.8,0.7889621779564282,1889.4670667130429,true,ChecksPassed
normal,173858631,prior,2000,2000,2000,0,0.8,0.7867299382006038,828.5289139895474,true,ChecksPassed
normal,173858631,informed,2000,2000,2000,0,0.8,0.7943117474307572,1874.860939205219,true,ChecksPassed
normal,189344494,prior,2000,2000,2000,0,0.8,0.7918560257684667,835.4755674488486,true,ChecksPassed
normal,189344494,informed,2000,2000,2000,0,0.8,0.7940258682736455,1881.0364085937974,true,ChecksPassed
normal,204830357,prior,2000,2000,2000,0,0.8,0.7990685280519293,823.1534396887149,true,ChecksPassed
normal,204830357,informed,2000,2000,2000,0,0.8,0.7899572202462701,1887.4967809429265,true,ChecksPassed
normal,220316220,prior,2000,2000,2000,0,0.8,0.7952246899976777,836.8387816111403,true,ChecksPassed
normal,220316220,informed,2000,2000,2000,0,0.8,0.7952186717302493,1882.6483901096133,true,ChecksPassed
normal,235802083,prior,2000,2000,2000,0,0.8,0.793657559972521,857.6927516886155,true,ChecksPassed
normal,235802083,informed,2000,2000,2000,0,0.8,0.8020752427335238,1889.789507235118,true,ChecksPassed
normal,251287946,prior,2000,2000,2000,0,0.8,0.7902166317252836,825.9244529140615,true,ChecksPassed
normal,251287946,informed,2000,2000,2000,0,0.8,0.7972631272921263,1885.2891446738947,true,ChecksPassed
normal,266773809,prior,2000,2000,2000,0,0.8,0.8130518491670389,830.202296833878,true,ChecksPassed
normal,266773809,informed,2000,2000,2000,0,0.8,0.7984378974537033,1887.0542182330032,true,ChecksPassed
normal,282259672,prior,2000,2000,2000,0,0.8,0.8060694982709398,847.4784477267948,true,ChecksPassed
normal,282259672,informed,2000,2000,2000,0,0.8,0.7994340605066556,1884.2601337522697,true,ChecksPassed
normal,297745535,prior,2000,2000,2000,0,0.8,0.7900691191822767,848.995343511819,true,ChecksPassed
normal,297745535,informed,2000,2000,2000,0,0.8,0.7990938110684871,1893.2731706328864,true,ChecksPassed
normal,313231398,prior,2000,2000,2000,0,0.8,0.7820066305216405,837.8507428260008,true,ChecksPassed
normal,313231398,informed,2000,2000,2000,0,0.8,0.7970852542847727,1886.9127078695042,true,ChecksPassed
normal,328717261,prior,2000,2000,2000,0,0.8,0.8060515074426707,837.1804259009673,true,ChecksPassed
normal,328717261,informed,2000,2000,2000,0,0.8,0.7916100501144713,1881.065194880961,true,ChecksPassed
normal,344203124,prior,2000,2000,2000,0,0.8,0.8152306415009403,847.7983305160786,true,ChecksPassed
normal,344203124,informed,2000,2000,2000,0,0.8,0.8039100044500359,1888.4479712797709,true,ChecksPassed
normal,359688987,prior,2000,2000,2000,0,0.8,0.8086501716999677,862.403390085656,true,ChecksPassed
normal,359688987,informed,2000,2000,2000,0,0.8,0.8139551112333587,1889.5135016267348,true,ChecksPassed
normal,375174850,prior,2000,2000,2000,0,0.8,0.802507674253314,816.9855538962935,true,ChecksPassed
normal,375174850,informed,2000,2000,2000,0,0.8,0.7858048548709905,1890.8281469274484,true,ChecksPassed
normal,390660713,prior,2000,2000,2000,0,0.8,0.7865570830698825,792.2474787587086,true,ChecksPassed
normal,390660713,informed,2000,2000,2000,0,0.8,0.7787812131207134,1887.2042618974033,true,ChecksPassed
normal,406146576,prior,2000,2000,2000,0,0.8,0.7951110745810437,848.2200021938218,true,ChecksPassed
normal,406146576,informed,2000,2000,2000,0,0.8,0.8062510524599651,1884.8466470277067,true,ChecksPassed
normal,421632439,prior,2000,2000,2000,0,0.8,0.8018777950869312,841.720011230762,true,ChecksPassed
normal,421632439,informed,2000,2000,2000,0,0.8,0.8040489645199074,1879.904849115693,true,ChecksPassed
normal,437118302,prior,2000,2000,2000,0,0.8,0.8131479379542971,867.5764898248167,true,ChecksPassed
normal,437118302,informed,2000,2000,2000,0,0.8,0.8142937826807896,1885.5392115885793,true,ChecksPassed
normal,452604165,prior,2000,2000,2000,0,0.8,0.8062784007662979,866.7200038587195,true,ChecksPassed
normal,452604165,informed,2000,2000,2000,0,0.8,0.8078028239253844,1892.7740319997276,true,ChecksPassed
normal,468090028,prior,2000,2000,2000,0,0.8,0.8082349841486097,839.523038017838,true,ChecksPassed
normal,468090028,informed,2000,2000,2000,0,0.8,0.795508483825355,1892.627468118039,true,ChecksPassed
normal,483575891,prior,2000,2000,2000,0,0.8,0.7977542570058024,847.1783777916386,true,ChecksPassed
normal,483575891,informed,2000,2000,2000,0,0.8,0.7995339023882133,1891.952585963699,true,ChecksPassed
normal,499061754,prior,2000,2000,2000,0,0.8,0.797770696209867,843.0446975492465,true,ChecksPassed
normal,499061754,informed,2000,2000,2000,0,0.8,0.8011158952339036,1882.013016537151,true,ChecksPassed
normal,514547617,prior,2000,2000,2000,0,0.8,0.784007988214835,837.7873615665166,true,ChecksPassed
normal,514547617,informed,2000,2000,2000,0,0.8,0.7931488531522916,1882.345943698171,true,ChecksPassed
normal,530033480,prior,2000,2000,2000,0,0.8,0.8100342724424247,831.1807173761806,true,ChecksPassed
normal,530033480,informed,2000,2000,2000,0,0.8,0.7967961719901961,1883.78663998832,true,ChecksPassed
normal,545519343,prior,2000,2000,2000,0,0.8,0.7994193322826546,859.1189446244646,true,ChecksPassed
normal,545519343,informed,2000,2000,2000,0,0.8,0.8099783031214407,1888.5449418065434,true,ChecksPassed
normal,561005206,prior,2000,2000,2000,0,0.8,0.8246685158430751,858.1741457017873,true,ChecksPassed
normal,561005206,informed,2000,2000,2000,0,0.8,0.8197651172635567,1880.931717478209,true,ChecksPassed
normal,576491069,prior,2000,2000,2000,0,0.8,0.7983953015853243,867.6148958609839,true,ChecksPassed
normal,576491069,informed,2000,2000,2000,0,0.8,0.8117812974018924,1880.4990025313987,true,ChecksPassed
normal,591976932,prior,2000,2000,2000,0,0.8,0.7969964084144572,829.3263041777568,true,ChecksPassed
normal,591976932,informed,2000,2000,2000,0,0.8,0.7963388204414228,1883.390937240302,true,ChecksPassed
normal,607462795,prior,2000,2000,2000,0,0.8,0.7885527946642801,866.5082858470813,true,ChecksPassed
normal,607462795,informed,2000,2000,2000,0,0.8,0.8108197698609053,1885.4850640666268,true,ChecksPassed
normal,622948658,prior,2000,2000,2000,0,0.8,0.8053194073945534,849.0630602446676,true,ChecksPassed
normal,622948658,informed,2000,2000,2000,0,0.8,0.8042982899585812,1882.9726481805426,true,ChecksPassed
normal,638434521,prior,2000,2000,2000,0,0.8,0.8149563173203013,824.8360791878757,true,ChecksPassed
normal,638434521,informed,2000,2000,2000,0,0.8,0.7966977110698006,1876.7821621219482,true,ChecksPassed
normal,653920384,prior,2000,2000,2000,0,0.8,0.7960046449877421,813.1530167901282,true,ChecksPassed
normal,653920384,informed,2000,2000,2000,0,0.8,0.784292057801068,1888.2347797348386,true,ChecksPassed
normal,669406247,prior,2000,2000,2000,0,0.8,0.8163933375196548,870.6874024232927,true,ChecksPassed
normal,669406247,informed,2000,2000,2000,0,0.8,0.8203802230026089,1881.760791719961,true,ChecksPassed
normal,684892110,prior,2000,2000,2000,0,0.8,0.7927511554407047,869.3351820960072,true,ChecksPassed
normal,684892110,informed,2000,2000,2000,0,0.8,0.8101932460663135,1889.587833645944,true,ChecksPassed
normal,700377973,prior,2000,2000,2000,0,0.8,0.8140292670566168,828.28581590114,true,ChecksPassed
normal,700377973,informed,2000,2000,2000,0,0.8,0.7999206015278616,1878.368433490356,true,ChecksPassed
normal,715863836,prior,2000,2000,2000,0,0.8,0.818929353293279,845.4550884039651,true,ChecksPassed
normal,715863836,informed,2000,2000,2000,0,0.8,0.8043142356863879,1889.4854422303138,true,ChecksPassed
normal,731349699,prior,2000,2000,2000,0,0.8,0.8254651764339663,841.2720664088456,false,ChecksPassed
normal,731349699,informed,2000,2000,2000,0,0.8,0.8005143100362293,1881.2901052996997,true,ChecksPassed
normal,746835562,prior,2000,2000,2000,0,0.8,0.8071206255571574,862.3181494390833,true,ChecksPassed
normal,746835562,informed,2000,2000,2000,0,0.8,0.8080900400608643,1891.5274912109185,true,ChecksPassed
normal,762321425,prior,2000,2000,2000,0,0.8,0.8036115553327778,850.990634561719,true,ChecksPassed
normal,762321425,informed,2000,2000,2000,0,0.8,0.8026735275620329,1889.5310133538833,true,ChecksPassed
normal,777807288,prior,2000,2000,2000,0,0.8,0.7828848636919632,860.9639233651503,true,ChecksPassed
normal,777807288,informed,2000,2000,2000,0,0.8,0.8029028599115386,1894.0258983096594,true,ChecksPassed
normal,793293151,prior,2000,2000,2000,0,0.8,0.7951541796908641,843.5827613331379,true,ChecksPassed
normal,793293151,informed,2000,2000,2000,0,0.8,0.7960525263267255,1891.4135789109043,true,ChecksPassed
normal,808779014,prior,2000,2000,2000,0,0.8,0.812825537896356,830.5274964322593,true,ChecksPassed
normal,808779014,informed,2000,2000,2000,0,0.8,0.7976511216504566,1881.4185764551196,true,ChecksPassed
normal,824264877,prior,2000,2000,2000,0,0.8,0.7794051100677651,825.5697052340672,true,ChecksPassed
normal,824264877,informed,2000,2000,2000,0,0.8,0.7932739637481933,1887.589508749974,true,ChecksPassed
normal,839750740,prior,2000,2000,2000,0,0.8,0.8127522066548581,849.4505389301976,true,ChecksPassed
normal,839750740,informed,2000,2000,2000,0,0.8,0.8027741332726701,1877.3682651660363,true,ChecksPassed
normal,855236603,prior,2000,2000,2000,0,0.8,0.8028366852912987,856.8109471980492,true,ChecksPassed
normal,855236603,informed,2000,2000,2000,0,0.8,0.8066293671610565,1892.5318701050905,true,ChecksPassed
normal,870722466,prior,2000,2000,2000,0,0.8,0.7972466528285227,852.2165393801571,true,ChecksPassed
normal,870722466,informed,2000,2000,2000,0,0.8,0.8022509033633444,1896.6643902924852,true,ChecksPassed
normal,886208329,prior,2000,2000,2000,0,0.8,0.8070070364582612,842.8448520749157,true,ChecksPassed
normal,886208329,informed,2000,2000,2000,0,0.8,0.8128571586713553,1880.9298819483001,true,ChecksPassed
normal,901694192,prior,2000,2000,2000,0,0.8,0.7908193433422039,831.0722040408768,true,ChecksPassed
normal,901694192,informed,2000,2000,2000,0,0.8,0.7978317012456886,1887.9825549808627,true,ChecksPassed
normal,917180055,prior,2000,2000,2000,0,0.8,0.8079188523702365,834.4769480640896,true,ChecksPassed
normal,917180055,informed,2000,2000,2000,0,0.8,0.797834242380272,1886.3397964328035,true,ChecksPassed
normal,932665918,prior,2000,2000,2000,0,0.8,0.7912419242399391,825.3509343070009,true,ChecksPassed
normal,932665918,informed,2000,2000,2000,0,0.8,0.7915130350966841,1890.7145431320591,true,ChecksPassed
normal,948151781,prior,2000,2000,2000,0,0.8,0.7964315932548791,829.2746742350143,true,ChecksPassed
normal,948151781,informed,2000,2000,2000,0,0.8,0.794756917416001,1894.953916429283,true,ChecksPassed
normal,963637644,prior,2000,2000,2000,0,0.8,0.8246070724322777,859.7745321954742,true,ChecksPassed
normal,963637644,informed,2000,2000,2000,0,0.8,0.8156816226106078,1883.3974778004063,true,ChecksPassed
normal,979123507,prior,2000,2000,2000,0,0.8,0.8170409705878325,824.4350064911636,true,ChecksPassed
normal,979123507,informed,2000,2000,2000,0,0.8,0.800940334817283,1882.2695098093911,true,ChecksPassed
normal,994609370,prior,2000,2000,2000,0,0.8,0.8096399506184822,850.1198495658651,true,ChecksPassed
normal,994609370,informed,2000,2000,2000,0,0.8,0.8083603065173195,1880.8366630195908,true,ChecksPassed
normal,1010095233,prior,2000,2000,2000,0,0.8,0.799425674388894,857.8896079530608,true,ChecksPassed
normal,1010095233,informed,2000,2000,2000,0,0.8,0.8073744984052889,1880.4304209140146,true,ChecksPassed
normal,1025581096,prior,2000,2000,2000,0,0.8,0.7988924853335212,847.822652676889,true,ChecksPassed
normal,1025581096,informed,2000,2000,2000,0,0.8,0.8039811593909985,1883.8901042130844,true,ChecksPassed
normal,1041066959,prior,2000,2000,2000,0,0.8,0.806919312375486,858.5006113567164,true,ChecksPassed
normal,1041066959,informed,2000,2000,2000,0,0.8,0.8144056754016432,1885.4708162940274,true,ChecksPassed
normal,1056552822,prior,2000,2000,2000,0,0.8,0.8040281809412125,875.64212193253,true,ChecksPassed
normal,1056552822,informed,2000,2000,2000,0,0.8,0.8172409940880719,1892.0102270069408,true,ChecksPassed
normal,1072038685,prior,2000,2000,2000,0,0.8,0.8038347947279552,851.4055689890826,true,ChecksPassed
normal,1072038685,informed,2000,2000,2000,0,0.8,0.8015086535998261,1883.7814879232226,true,ChecksPassed
normal,1087524548,prior,2000,2000,2000,0,0.8,0.810144694975961,857.305509561531,true,ChecksPassed
normal,1087524548,informed,2000,2000,2000,0,0.8,0.8091857811675689,1898.6016612828175,true,ChecksPassed
normal,1103010411,prior,2000,2000,2000,0,0.8,0.788393286987897,812.4327018482117,true,ChecksPassed
normal,1103010411,informed,2000,2000,2000,0,0.8,0.7894480730133951,1884.1050971553157,true,ChecksPassed
normal,1118496274,prior,2000,2000,2000,0,0.8,0.790309999909875,842.5068375439186,true,ChecksPassed
normal,1118496274,informed,2000,2000,2000,0,0.8,0.8040276717222447,1877.1852549684647,true,ChecksPassed
normal,1133982137,prior,2000,2000,2000,0,0.8,0.8182222595739005,845.853472558717,true,ChecksPassed
normal,1133982137,informed,2000,2000,2000,0,0.8,0.8044474596081832,1883.095749044614,true,ChecksPassed
normal,1149468000,prior,2000,2000,2000,0,0.8,0.8152722122371622,863.1239198719536,true,ChecksPassed
normal,1149468000,informed,2000,2000,2000,0,0.8,0.8110753975912539,1888.6588813827682,true,ChecksPassed
normal,1164953863,prior,2000,2000,2000,0,0.8,0.8049861733576261,858.2834405711372,true,ChecksPassed
normal,1164953863,informed,2000,2000,2000,0,0.8,0.8047467997654728,1893.7307328652,true,ChecksPassed
normal,1180439726,prior,2000,2000,2000,0,0.8,0.80513721624736,799.1229360137935,true,ChecksPassed
normal,1180439726,informed,2000,2000,2000,0,0.8,0.7859537747921743,1880.2583533385819,true,ChecksPassed
normal,1195925589,prior,2000,2000,2000,0,0.8,0.8029205506109877,863.0093590746183,true,ChecksPassed
normal,1195925589,informed,2000,2000,2000,0,0.8,0.8028664899474756,1893.1115776501197,true,ChecksPassed
normal,1211411452,prior,2000,2000,2000,0,0.8,0.7954062676906574,834.0282540355004,true,ChecksPassed
normal,1211411452,informed,2000,2000,2000,0,0.8,0.795907888048704,1890.4496320099663,true,ChecksPassed
normal,1226897315,prior,2000,2000,2000,0,0.8,0.8002470128157712,844.3361926215706,true,ChecksPassed
normal,1226897315,informed,2000,2000,2000,0,0.8,0.798000587702617,1895.4089428616605,true,ChecksPassed
normal,1242383178,prior,2000,2000,2000,0,0.8,0.788100847923998,840.6875050724886,true,ChecksPassed
normal,1242383178,informed,2000,2000,2000,0,0.8,0.7951276838925609,1883.867298698689,true,ChecksPassed
normal,1257869041,prior,2000,2000,2000,0,0.8,0.8172231983218174,858.8258659033323,true,ChecksPassed
normal,1257869041,informed,2000,2000,2000,0,0.8,0.8117743104343528,1888.557942720338,true,ChecksPassed
normal,1273354904,prior,2000,2000,2000,0,0.8,0.820352392156262,861.0012815062819,true,ChecksPassed
normal,1273354904,informed,2000,2000,2000,0,0.8,0.8108151041595231,1888.3895260333802,true,ChecksPassed
normal,1288840767,prior,2000,2000,2000,0,0.8,0.7981842763450956,858.490907371377,true,ChecksPassed
normal,1288840767,informed,2000,2000,2000,0,0.8,0.810097561305703,1889.4219828648686,true,ChecksPassed
normal,1304326630,prior,2000,2000,2000,0,0.8,0.8021472557577558,858.6805005179178,true,ChecksPassed
normal,1304326630,informed,2000,2000,2000,0,0.8,0.8033439323652124,1888.1641693637607,true,ChecksPassed
normal,1319812493,prior,2000,2000,2000,0,0.8,0.7873424267767366,815.7117493168612,true,ChecksPassed
normal,1319812493,informed,2000,2000,2000,0,0.8,0.7850157277509281,1890.036292889724,true,ChecksPassed
normal,1335298356,prior,2000,2000,2000,0,0.8,0.8102715308552513,836.8433726706841,true,ChecksPassed
normal,1335298356,informed,2000,2000,2000,0,0.8,0.7991191550319238,1889.9455468225171,true,ChecksPassed
normal,1350784219,prior,2000,2000,2000,0,0.8,0.8021250543634587,860.18440562158,true,ChecksPassed
normal,1350784219,informed,2000,2000,2000,0,0.8,0.8097182098549018,1878.8532634481621,true,ChecksPassed
normal,1366270082,prior,2000,2000,2000,0,0.8,0.8080283462248132,854.4516182320758,true,ChecksPassed
normal,1366270082,informed,2000,2000,2000,0,0.8,0.8090404973027688,1890.290040451857,true,ChecksPassed
normal,1381755945,prior,2000,2000,2000,0,0.8,0.8146468772372477,837.5689328735214,true,ChecksPassed
normal,1381755945,informed,2000,2000,2000,0,0.8,0.7964987191217854,1886.4633397696311,true,ChecksPassed
normal,1397241808,prior,2000,2000,2000,0,0.8,0.8151736449226712,857.9635701190709,true,ChecksPassed
normal,1397241808,informed,2000,2000,2000,0,0.8,0.8083891669191619,1884.176875457435,true,ChecksPassed
normal,1412727671,prior,2000,2000,2000,0,0.8,0.7910559684780883,836.2891752219801,true,ChecksPassed
normal,1412727671,informed,2000,2000,2000,0,0.8,0.7948718357551442,1887.9019142253394,true,ChecksPassed
normal,1428213534,prior,2000,2000,2000,0,0.8,0.7937455792443914,839.3942578249939,true,ChecksPassed
normal,1428213534,informed,2000,2000,2000,0,0.8,0.800474022748644,1881.5009174865577,true,ChecksPassed
normal,1443699397,prior,2000,2000,2000,0,0.8,0.8179871750844713,850.7768293967284,true,ChecksPassed
normal,1443699397,informed,2000,2000,2000,0,0.8,0.801370478563025,1886.5117991357852,true,ChecksPassed
normal,1459185260,prior,2000,2000,2000,0,0.8,0.8114495669197822,845.5532354464547,true,ChecksPassed
normal,1459185260,informed,2000,2000,2000,0,0.8,0.804748547857356,1883.2237738610936,true,ChecksPassed
normal,1474671123,prior,2000,2000,2000,0,0.8,0.8061514325664975,821.8101738538132,true,ChecksPassed
normal,1474671123,informed,2000,2000,2000,0,0.8,0.7914595761209003,1883.978029022817,true,ChecksPassed
normal,1490156986,prior,2000,2000,2000,0,0.8,0.791522895589072,835.8903514925141,true,ChecksPassed
normal,1490156986,informed,2000,2000,2000,0,0.8,0.7919985292735668,1886.71374324265,true,ChecksPassed
normal,1505642849,prior,2000,2000,2000,0,0.8,0.798311719349891,860.8489641908822,true,ChecksPassed
normal,1505642849,informed,2000,2000,2000,0,0.8,0.8111936501582738,1882.3225900829025,true,ChecksPassed
normal,1521128712,prior,2000,2000,2000,0,0.8,0.7986625207230017,843.6701737743538,true,ChecksPassed
normal,1521128712,informed,2000,2000,2000,0,0.8,0.7981774264026088,1891.492885368481,true,ChecksPassed
normal,1536614575,prior,2000,2000,2000,0,0.8,0.8043169018730619,871.1812647819326,true,ChecksPassed
normal,1536614575,informed,2000,2000,2000,0,0.8,0.8195389634011107,1885.3331236694094,true,ChecksPassed
normal,1552100438,prior,2000,2000,2000,0,0.8,0.8017404963826199,854.6045702987582,true,ChecksPassed
normal,1552100438,informed,2000,2000,2000,0,0.8,0.8067982137529682,1889.2516432982206,true,ChecksPassed
hierarchical,19000001,prior,2000,2000,2000,0,0.3333333333333333,0.31371340727931635,1294.2862260306672,true,ChecksPassed
hierarchical,19000001,informed,2000,2000,2000,0,0.3333333333333333,0.323516645041829,1411.561427243415,true,ChecksPassed
hierarchical,34485864,prior,2000,2000,2000,0,0.3333333333333333,0.3252804971759886,1301.008525755595,true,ChecksPassed
hierarchical,34485864,informed,2000,2000,2000,0,0.3333333333333333,0.3434352008985903,1418.9626213015156,true,ChecksPassed
hierarchical,49971727,prior,2000,2000,2000,0,0.3333333333333333,0.2856524442153759,1298.2500399596745,true,ChecksPassed
hierarchical,49971727,informed,2000,2000,2000,0,0.3333333333333333,0.29887853431019645,1407.4270748760057,true,ChecksPassed
hierarchical,65457590,prior,2000,2000,2000,0,0.3333333333333333,0.370519831430939,1338.614776566051,true,ChecksPassed
hierarchical,65457590,informed,2000,2000,2000,0,0.3333333333333333,0.37687280132729983,1440.319660900183,true,ChecksPassed
hierarchical,80943453,prior,2000,2000,2000,0,0.3333333333333333,0.29620200445549444,1314.18314140373,true,ChecksPassed
hierarchical,80943453,informed,2000,2000,2000,0,0.3333333333333333,0.29124985763242883,1387.8810538541964,true,ChecksPassed
hierarchical,96429316,prior,2000,2000,2000,0,0.3333333333333333,0.31681882904767844,1281.7355638849328,true,ChecksPassed
hierarchical,96429316,informed,2000,2000,2000,0,0.3333333333333333,0.3178731179567524,1385.6682040382295,true,ChecksPassed
hierarchical,111915179,prior,2000,2000,2000,0,0.3333333333333333,0.32430673595690335,1301.4988902056343,true,ChecksPassed
hierarchical,111915179,informed,2000,2000,2000,0,0.3333333333333333,0.3372878418975151,1397.8911840430335,true,ChecksPassed
hierarchical,127401042,prior,2000,2000,2000,0,0.3333333333333333,0.3585865921321688,1277.210546470873,true,ChecksPassed
hierarchical,127401042,informed,2000,2000,2000,0,0.3333333333333333,0.35425845700669306,1383.6048644936882,true,ChecksPassed
hierarchical,142886905,prior,2000,2000,2000,0,0.3333333333333333,0.3346901427910642,1313.553051903847,true,ChecksPassed
hierarchical,142886905,informed,2000,2000,2000,0,0.3333333333333333,0.32342724540544054,1413.842096198805,true,ChecksPassed
hierarchical,158372768,prior,2000,2000,2000,0,0.3333333333333333,0.33914694621869435,1256.920854773648,true,ChecksPassed
hierarchical,158372768,informed,2000,2000,2000,0,0.3333333333333333,0.327976455875586,1383.5196775418217,true,ChecksPassed
hierarchical,173858631,prior,2000,2000,2000,0,0.3333333333333333,0.3271863015354521,1277.0597618695308,true,ChecksPassed
hierarchical,173858631,informed,2000,2000,2000,0,0.3333333333333333,0.330059003429009,1376.1985598661824,true,ChecksPassed
hierarchical,189344494,prior,2000,2000,2000,0,0.3333333333333333,0.3544271072372013,1317.1688775436623,true,ChecksPassed
hierarchical,189344494,informed,2000,2000,2000,0,0.3333333333333333,0.3649145431480703,1420.220160589263,true,ChecksPassed
hierarchical,204830357,prior,2000,2000,2000,0,0.3333333333333333,0.31655807771435956,1324.1504229697089,true,ChecksPassed
hierarchical,204830357,informed,2000,2000,2000,0,0.3333333333333333,0.33517614608265855,1427.9935269932491,true,ChecksPassed
hierarchical,220316220,prior,2000,2000,2000,0,0.3333333333333333,0.34067558217919164,1289.6766437855777,true,ChecksPassed
hierarchical,220316220,informed,2000,2000,2000,0,0.3333333333333333,0.3423596663258222,1395.4265089790151,true,ChecksPassed
hierarchical,235802083,prior,2000,2000,2000,0,0.3333333333333333,0.3321691781027805,1331.7366842865672,true,ChecksPassed
hierarchical,235802083,informed,2000,2000,2000,0,0.3333333333333333,0.36160124085463763,1434.1211310920303,true,ChecksPassed
hierarchical,251287946,prior,2000,2000,2000,0,0.3333333333333333,0.3429507836434151,1316.0881430309023,true,ChecksPassed
hierarchical,251287946,informed,2000,2000,2000,0,0.3333333333333333,0.3433739787421461,1437.0594107675936,true,ChecksPassed
hierarchical,266773809,prior,2000,2000,2000,0,0.3333333333333333,0.3570105065585503,1310.5051435420974,true,ChecksPassed
hierarchical,266773809,informed,2000,2000,2000,0,0.3333333333333333,0.3651123003292967,1423.1679216645691,true,ChecksPassed
hierarchical,282259672,prior,2000,2000,2000,0,0.3333333333333333,0.33087630318887085,1303.5259705981077,true,ChecksPassed
hierarchical,282259672,informed,2000,2000,2000,0,0.3333333333333333,0.3245726192049538,1409.9391767877528,true,ChecksPassed
hierarchical,297745535,prior,2000,2000,2000,0,0.3333333333333333,0.3214579159390838,1307.4836271345166,true,ChecksPassed
hierarchical,297745535,informed,2000,2000,2000,0,0.3333333333333333,0.3359445105632087,1408.6830834993066,true,ChecksPassed
hierarchical,313231398,prior,2000,2000,2000,0,0.3333333333333333,0.3436490587602919,1305.0685784433442,true,ChecksPassed
hierarchical,313231398,informed,2000,2000,2000,0,0.3333333333333333,0.3530919072321248,1423.1377575630556,true,ChecksPassed
hierarchical,328717261,prior,2000,2000,2000,0,0.3333333333333333,0.29154775894694357,1308.418850087793,true,ChecksPassed
hierarchical,328717261,informed,2000,2000,2000,0,0.3333333333333333,0.28452462342926754,1403.9030118110552,true,ChecksPassed
hierarchical,344203124,prior,2000,2000,2000,0,0.3333333333333333,0.36853523042132413,1295.7784411930063,true,ChecksPassed
hierarchical,344203124,informed,2000,2000,2000,0,0.3333333333333333,0.3660933795238986,1403.165981690646,true,ChecksPassed
hierarchical,359688987,prior,2000,2000,2000,0,0.3333333333333333,0.3269166360758483,1306.2649846002398,true,ChecksPassed
hierarchical,359688987,informed,2000,2000,2000,0,0.3333333333333333,0.32163141428483166,1420.5638336897082,true,ChecksPassed
hierarchical,375174850,prior,2000,2000,2000,0,0.3333333333333333,0.3120674882276666,1279.1944683288878,true,ChecksPassed
hierarchical,375174850,informed,2000,2000,2000,0,0.3333333333333333,0.30626978017251444,1381.0524275294667,true,ChecksPassed
hierarchical,390660713,prior,2000,2000,2000,0,0.3333333333333333,0.31596590358469095,1273.610681469044,true,ChecksPassed
hierarchical,390660713,informed,2000,2000,2000,0,0.3333333333333333,0.3134855005938899,1390.8946890621128,true,ChecksPassed
hierarchical,406146576,prior,2000,2000,2000,0,0.3333333333333333,0.3383338913764257,1325.3072461737288,true,ChecksPassed
hierarchical,406146576,informed,2000,2000,2000,0,0.3333333333333333,0.3461376074642757,1426.834144078003,true,ChecksPassed
hierarchical,421632439,prior,2000,2000,2000,0,0.3333333333333333,0.3376962580886522,1288.520326968036,true,ChecksPassed
hierarchical,421632439,informed,2000,2000,2000,0,0.3333333333333333,0.3258388475946418,1376.7968242070613,true,ChecksPassed
hierarchical,437118302,prior,2000,2000,2000,0,0.3333333333333333,0.3086852593716887,1290.6068226589641,true,ChecksPassed
hierarchical,437118302,informed,2000,2000,2000,0,0.3333333333333333,0.3141787750332056,1378.0062511288847,true,ChecksPassed
hierarchical,452604165,prior,2000,2000,2000,0,0.3333333333333333,0.31975758510526847,1316.10439833822,true,ChecksPassed
hierarchical,452604165,informed,2000,2000,2000,0,0.3333333333333333,0.34493524649188434,1405.48106685127,true,ChecksPassed
hierarchical,468090028,prior,2000,2000,2000,0,0.3333333333333333,0.3425643129850612,1325.064260529933,true,ChecksPassed
hierarchical,468090028,informed,2000,2000,2000,0,0.3333333333333333,0.35880267428573315,1431.0725543606711,true,ChecksPassed
hierarchical,483575891,prior,2000,2000,2000,0,0.3333333333333333,0.3544893457175837,1317.355601665391,true,ChecksPassed
hierarchical,483575891,informed,2000,2000,2000,0,0.3333333333333333,0.3677305927324281,1420.7111675313504,true,ChecksPassed
hierarchical,499061754,prior,2000,2000,2000,0,0.3333333333333333,0.3642416370623873,1339.0914656114592,true,ChecksPassed
hierarchical,499061754,informed,2000,2000,2000,0,0.3333333333333333,0.3931874687194108,1443.0065047749902,false,ChecksPassed
hierarchical,514547617,prior,2000,2000,2000,0,0.3333333333333333,0.33128532484457734,1300.6967912212576,true,ChecksPassed
hierarchical,514547617,informed,2000,2000,2000,0,0.3333333333333333,0.34075414994191316,1410.7192903863304,true,ChecksPassed
hierarchical,530033480,prior,2000,2000,2000,0,0.3333333333333333,0.38768790061138486,1291.2528897369984,false,ChecksPassed
hierarchical,530033480,informed,2000,2000,2000,0,0.3333333333333333,0.39168129747106195,1405.9486631469645,false,ChecksPassed
hierarchical,545519343,prior,2000,2000,2000,0,0.3333333333333333,0.34798199673347996,1277.1279221994282,true,ChecksPassed
hierarchical,545519343,informed,2000,2000,2000,0,0.3333333333333333,0.3576571846194861,1386.6553686759485,true,ChecksPassed
hierarchical,561005206,prior,2000,2000,2000,0,0.3333333333333333,0.3144836494675582,1321.3466146295216,true,ChecksPassed
hierarchical,561005206,informed,2000,2000,2000,0,0.3333333333333333,0.29071385957864265,1409.1851254928895,true,ChecksPassed
hierarchical,576491069,prior,2000,2000,2000,0,0.3333333333333333,0.30124998203776043,1310.619312968888,true,ChecksPassed
hierarchical,576491069,informed,2000,2000,2000,0,0.3333333333333333,0.30302500082725253,1399.183951873178,true,ChecksPassed
hierarchical,591976932,prior,2000,2000,2000,0,0.3333333333333333,0.3184723133156513,1294.668366482867,true,ChecksPassed
hierarchical,591976932,informed,2000,2000,2000,0,0.3333333333333333,0.30550425474518084,1372.7825417905376,true,ChecksPassed
hierarchical,607462795,prior,2000,2000,2000,0,0.3333333333333333,0.301904434780184,1311.7658474485825,true,ChecksPassed
hierarchical,607462795,informed,2000,2000,2000,0,0.3333333333333333,0.3115205534970721,1415.8146483586238,true,ChecksPassed
hierarchical,622948658,prior,2000,2000,2000,0,0.3333333333333333,0.37900811269371254,1325.1939594089677,true,ChecksPassed
hierarchical,622948658,informed,2000,2000,2000,0,0.3333333333333333,0.36854713764831826,1403.6994141647203,true,ChecksPassed
hierarchical,638434521,prior,2000,2000,2000,0,0.3333333333333333,0.31815272342562606,1291.6930704697868,true,ChecksPassed
hierarchical,638434521,informed,2000,2000,2000,0,0.3333333333333333,0.31994394707086715,1379.072662472587,true,ChecksPassed
hierarchical,653920384,prior,2000,2000,2000,0,0.3333333333333333,0.31210205442609457,1318.2015575216762,true,ChecksPassed
hierarchical,653920384,informed,2000,2000,2000,0,0.3333333333333333,0.32232390947729944,1420.8631126812163,true,ChecksPassed
hierarchical,669406247,prior,2000,2000,2000,0,0.3333333333333333,0.32517510132108707,1331.5386542941815,true,ChecksPassed
hierarchical,669406247,informed,2000,2000,2000,0,0.3333333333333333,0.3405341593179427,1414.0867545680749,true,ChecksPassed
hierarchical,684892110,prior,2000,2000,2000,0,0.3333333333333333,0.3288736256186845,1326.8864433865242,true,ChecksPassed
hierarchical,684892110,informed,2000,2000,2000,0,0.3333333333333333,0.34108955010906916,1428.369382733953,true,ChecksPassed
hierarchical,700377973,prior,2000,2000,2000,0,0.3333333333333333,0.3011686605682646,1318.4013682860036,true,ChecksPassed
hierarchical,700377973,informed,2000,2000,2000,0,0.3333333333333333,0.30446444452039956,1410.5135509410252,true,ChecksPassed
hierarchical,715863836,prior,2000,2000,2000,0,0.3333333333333333,0.35639796272712104,1308.3057737209033,true,ChecksPassed
hierarchical,715863836,informed,2000,2000,2000,0,0.3333333333333333,0.34948500801462257,1421.1755184521405,true,ChecksPassed
hierarchical,731349699,prior,2000,2000,2000,0,0.3333333333333333,0.3054346254536406,1295.5918122602588,true,ChecksPassed
hierarchical,731349699,informed,2000,2000,2000,0,0.3333333333333333,0.29587231579765355,1393.3168003862604,true,ChecksPassed
hierarchical,746835562,prior,2000,2000,2000,0,0.3333333333333333,0.2897934214628301,1316.8397042855574,true,ChecksPassed
hierarchical,746835562,informed,2000,2000,2000,0,0.3333333333333333,0.29385823629892066,1418.232730839893,true,ChecksPassed
hierarchical,762321425,prior,2000,2000,2000,0,0.3333333333333333,0.3403983190489007,1303.1274097108887,true,ChecksPassed
hierarchical,762321425,informed,2000,2000,2000,0,0.3333333333333333,0.3613895696182228,1417.163090816018,true,ChecksPassed
hierarchical,777807288,prior,2000,2000,2000,0,0.3333333333333333,0.28347972625355383,1291.9715036273863,true,ChecksPassed
hierarchical,777807288,informed,2000,2000,2000,0,0.3333333333333333,0.27178856991461,1386.17220377706,false,ChecksPassed
hierarchical,793293151,prior,2000,2000,2000,0,0.3333333333333333,0.35779845482644584,1310.629499756146,true,ChecksPassed
hierarchical,793293151,informed,2000,2000,2000,0,0.3333333333333333,0.3520475351564995,1406.2429502373693,true,ChecksPassed
hierarchical,808779014,prior,2000,2000,2000,0,0.3333333333333333,0.30782483087694473,1300.7462758023153,true,ChecksPassed
hierarchical,808779014,informed,2000,2000,2000,0,0.3333333333333333,0.3088230877197635,1394.385668342561,true,ChecksPassed
hierarchical,824264877,prior,2000,2000,2000,0,0.3333333333333333,0.34415580842127413,1315.5689633315062,true,ChecksPassed
hierarchical,824264877,informed,2000,2000,2000,0,0.3333333333333333,0.32870348967810453,1393.4597737445706,true,ChecksPassed
hierarchical,839750740,prior,2000,2000,2000,0,0.3333333333333333,0.3466594120394776,1342.4754909161186,true,ChecksPassed
hierarchical,839750740,informed,2000,2000,2000,0,0.3333333333333333,0.33588028064324876,1398.9825189515323,true,ChecksPassed
hierarchical,855236603,prior,2000,2000,2000,0,0.3333333333333333,0.310408320960163,1320.4518195544374,true,ChecksPassed
hierarchical,855236603,informed,2000,2000,2000,0,0.3333333333333333,0.29917752632129746,1400.3015089018593,true,ChecksPassed
hierarchical,870722466,prior,2000,2000,2000,0,0.3333333333333333,0.3682035226015399,1294.3690411203577,true,ChecksPassed
hierarchical,870722466,informed,2000,2000,2000,0,0.3333333333333333,0.3475040585843085,1380.3630402401047,true,ChecksPassed
hierarchical,886208329,prior,2000,2000,2000,0,0.3333333333333333,0.3048896836408766,1316.2769368558972,true,ChecksPassed
hierarchical,886208329,informed,2000,2000,2000,0,0.3333333333333333,0.3201431778154755,1433.1541845740421,true,ChecksPassed
hierarchical,901694192,prior,2000,2000,2000,0,0.3333333333333333,0.336656224154573,1298.1451054558443,true,ChecksPassed
hierarchical,901694192,informed,2000,2000,2000,0,0.3333333333333333,0.32802451713653263,1415.2662449523045,true,ChecksPassed
hierarchical,917180055,prior,2000,2000,2000,0,0.3333333333333333,0.3301565172944771,1296.86255052166,true,ChecksPassed
hierarchical,917180055,informed,2000,2000,2000,0,0.3333333333333333,0.34630980611298245,1400.9340470778106,true,ChecksPassed
hierarchical,932665918,prior,2000,2000,2000,0,0.3333333333333333,0.3200441189503988,1270.5136315314298,true,ChecksPassed
hierarchical,932665918,informed,2000,2000,2000,0,0.3333333333333333,0.32145119619658874,1400.0773132862694,true,ChecksPassed
hierarchical,948151781,prior,2000,2000,2000,0,0.3333333333333333,0.3451457924583563,1303.4217530877606,true,ChecksPassed
hierarchical,948151781,informed,2000,2000,2000,0,0.3333333333333333,0.3574354379255463,1421.319773959,true,ChecksPassed
hierarchical,963637644,prior,2000,2000,2000,0,0.3333333333333333,0.3711256693501069,1300.5537643148427,true,ChecksPassed
hierarchical,963637644,informed,2000,2000,2000,0,0.3333333333333333,0.36947289288786994,1407.66593787776,true,ChecksPassed
hierarchical,979123507,prior,2000,2000,2000,0,0.3333333333333333,0.3252619183979425,1321.6448096871545,true,ChecksPassed
hierarchical,979123507,informed,2000,2000,2000,0,0.3333333333333333,0.32341290953996477,1405.2426723178253,true,ChecksPassed
hierarchical,994609370,prior,2000,2000,2000,0,0.3333333333333333,0.32755562231616087,1299.4986959126493,true,ChecksPassed
hierarchical,994609370,informed,2000,2000,2000,0,0.3333333333333333,0.3227423608769398,1384.204911673057,true,ChecksPassed
hierarchical,1010095233,prior,2000,2000,2000,0,0.3333333333333333,0.34272515107717677,1280.6590984418394,true,ChecksPassed
hierarchical,1010095233,informed,2000,2000,2000,0,0.3333333333333333,0.3268611136146666,1371.629525696437,true,ChecksPassed
hierarchical,1025581096,prior,2000,2000,2000,0,0.3333333333333333,0.33317471059758325,1323.2949188186956,true,ChecksPassed
hierarchical,1025581096,informed,2000,2000,2000,0,0.3333333333333333,0.3337911739351673,1434.9199467166127,true,ChecksPassed
hierarchical,1041066959,prior,2000,2000,2000,0,0.3333333333333333,0.35963742002972166,1312.4699763312099,true,ChecksPassed
hierarchical,1041066959,informed,2000,2000,2000,0,0.3333333333333333,0.3673363592952197,1418.2990512840267,true,ChecksPassed
hierarchical,1056552822,prior,2000,2000,2000,0,0.3333333333333333,0.34202765819391134,1302.014389488716,true,ChecksPassed
hierarchical,1056552822,informed,2000,2000,2000,0,0.3333333333333333,0.3465660228617066,1410.826635213342,true,ChecksPassed
hierarchical,1072038685,prior,2000,2000,2000,0,0.3333333333333333,0.28245380083220206,1322.655861100667,false,ChecksPassed
hierarchical,1072038685,informed,2000,2000,2000,0,0.3333333333333333,0.2907582584387987,1405.8020661971395,true,ChecksPassed
hierarchical,1087524548,prior,2000,2000,2000,0,0.3333333333333333,0.3512338189172347,1311.077162040659,true,ChecksPassed
hierarchical,1087524548,informed,2000,2000,2000,0,0.3333333333333333,0.33121165068261366,1403.6588847108783,true,ChecksPassed
hierarchical,1103010411,prior,2000,2000,2000,0,0.3333333333333333,0.3720949458457915,1310.491854942508,true,ChecksPassed
hierarchical,1103010411,informed,2000,2000,2000,0,0.3333333333333333,0.35705830292424223,1385.8567058227434,true,ChecksPassed
hierarchical,1118496274,prior,2000,2000,2000,0,0.3333333333333333,0.33631948386037164,1297.8287176054746,true,ChecksPassed
hierarchical,1118496274,informed,2000,2000,2000,0,0.3333333333333333,0.3190091434050894,1401.8979880844927,true,ChecksPassed
hierarchical,1133982137,prior,2000,2000,2000,0,0.3333333333333333,0.3342361344443194,1304.350548438587,true,ChecksPassed
hierarchical,1133982137,informed,2000,2000,2000,0,0.3333333333333333,0.3161746468822831,1382.2653142387317,true,ChecksPassed
hierarchical,1149468000,prior,2000,2000,2000,0,0.3333333333333333,0.3332561332642569,1323.6465301975848,true,ChecksPassed
hierarchical,1149468000,informed,2000,2000,2000,0,0.3333333333333333,0.3479984681632167,1417.7784266100791,true,ChecksPassed
hierarchical,1164953863,prior,2000,2000,2000,0,0.3333333333333333,0.3405046696794383,1294.6923312834585,true,ChecksPassed
hierarchical,1164953863,informed,2000,2000,2000,0,0.3333333333333333,0.3264852926073513,1396.6482130501736,true,ChecksPassed
hierarchical,1180439726,prior,2000,2000,2000,0,0.3333333333333333,0.29862788152713055,1301.5053193255142,true,ChecksPassed
hierarchical,1180439726,informed,2000,2000,2000,0,0.3333333333333333,0.3057983644397562,1396.1388256102434,true,ChecksPassed
hierarchical,1195925589,prior,2000,2000,2000,0,0.3333333333333333,0.28963182524581416,1314.518238170194,true,ChecksPassed
hierarchical,1195925589,informed,2000,2000,2000,0,0.3333333333333333,0.2907890114077392,1393.2168657172317,true,ChecksPassed
hierarchical,1211411452,prior,2000,2000,2000,0,0.3333333333333333,0.37315260553678603,1313.3073350867007,true,ChecksPassed
hierarchical,1211411452,informed,2000,2000,2000,0,0.3333333333333333,0.37543922931413914,1432.6956453212845,true,ChecksPassed
hierarchical,1226897315,prior,2000,2000,2000,0,0.3333333333333333,0.32615217982715294,1288.7177496205566,true,ChecksPassed
hierarchical,1226897315,informed,2000,2000,2000,0,0.3333333333333333,0.3438682526437183,1399.4926127447466,true,ChecksPassed
hierarchical,1242383178,prior,2000,2000,2000,0,0.3333333333333333,0.3492048223083899,1317.9375263110371,true,ChecksPassed
hierarchical,1242383178,informed,2000,2000,2000,0,0.3333333333333333,0.32750009514276335,1387.6673499480526,true,ChecksPassed
hierarchical,1257869041,prior,2000,2000,2000,0,0.3333333333333333,0.3059682962480506,1309.6607165481282,true,ChecksPassed
hierarchical,1257869041,informed,2000,2000,2000,0,0.3333333333333333,0.29656239801626166,1426.2862749837393,true,ChecksPassed
hierarchical,1273354904,prior,2000,2000,2000,0,0.3333333333333333,0.3473524148145014,1319.5621789298993,true,ChecksPassed
hierarchical,1273354904,informed,2000,2000,2000,0,0.3333333333333333,0.3444859076345329,1393.4485057103334,true,ChecksPassed
hierarchical,1288840767,prior,2000,2000,2000,0,0.3333333333333333,0.3044759360972064,1305.0254818364792,true,ChecksPassed
hierarchical,1288840767,informed,2000,2000,2000,0,0.3333333333333333,0.3238262604631461,1400.947349732677,true,ChecksPassed
hierarchical,1304326630,prior,2000,2000,2000,0,0.3333333333333333,0.3244824110531763,1272.7484249267713,true,ChecksPassed
hierarchical,1304326630,informed,2000,2000,2000,0,0.3333333333333333,0.325275387482146,1402.2018626816775,true,ChecksPassed
hierarchical,1319812493,prior,2000,2000,2000,0,0.3333333333333333,0.33790619557304696,1319.406972384097,true,ChecksPassed
hierarchical,1319812493,informed,2000,2000,2000,0,0.3333333333333333,0.34182238905023365,1419.1393057843984,true,ChecksPassed
hierarchical,1335298356,prior,2000,2000,2000,0,0.3333333333333333,0.307241719552137,1315.9742028145452,true,ChecksPassed
hierarchical,1335298356,informed,2000,2000,2000,0,0.3333333333333333,0.33013262230277624,1413.0731080825722,true,ChecksPassed
hierarchical,1350784219,prior,2000,2000,2000,0,0.3333333333333333,0.330105723004513,1312.2922701678012,true,ChecksPassed
hierarchical,1350784219,informed,2000,2000,2000,0,0.3333333333333333,0.33475275775059776,1407.563650514991,true,ChecksPassed
hierarchical,1366270082,prior,2000,2000,2000,0,0.3333333333333333,0.34122338631443655,1306.523292531844,true,ChecksPassed
hierarchical,1366270082,informed,2000,2000,2000,0,0.3333333333333333,0.3340929377455665,1388.8769727204053,true,ChecksPassed
hierarchical,1381755945,prior,2000,2000,2000,0,0.3333333333333333,0.3002788299835908,1301.5704753478528,true,ChecksPassed
hierarchical,1381755945,informed,2000,2000,2000,0,0.3333333333333333,0.2937121475261091,1380.5909759134604,true,ChecksPassed
hierarchical,1397241808,prior,2000,2000,2000,0,0.3333333333333333,0.32980763422992443,1323.023298644245,true,ChecksPassed
hierarchical,1397241808,informed,2000,2000,2000,0,0.3333333333333333,0.3311979768885196,1418.2882932630662,true,ChecksPassed
hierarchical,1412727671,prior,2000,2000,2000,0,0.3333333333333333,0.32613574063532397,1303.5237226776655,true,ChecksPassed
hierarchical,1412727671,informed,2000,2000,2000,0,0.3333333333333333,0.3218285511439164,1407.8960293839884,true,ChecksPassed
hierarchical,1428213534,prior,2000,2000,2000,0,0.3333333333333333,0.3469976366709966,1311.0227441539134,true,ChecksPassed
hierarchical,1428213534,informed,2000,2000,2000,0,0.3333333333333333,0.3458658024790355,1408.982755047382,true,ChecksPassed
hierarchical,1443699397,prior,2000,2000,2000,0,0.3333333333333333,0.3534662747938432,1318.0080100807127,true,ChecksPassed
hierarchical,1443699397,informed,2000,2000,2000,0,0.3333333333333333,0.3515023715393566,1403.5174522669854,true,ChecksPassed
hierarchical,1459185260,prior,2000,2000,2000,0,0.3333333333333333,0.3288162520560472,1319.2052776950823,true,ChecksPassed
hierarchical,1459185260,informed,2000,2000,2000,0,0.3333333333333333,0.31227740056434933,1368.2897762239363,true,ChecksPassed
hierarchical,1474671123,prior,2000,2000,2000,0,0.3333333333333333,0.3658723867958873,1297.0701961551208,true,ChecksPassed
hierarchical,1474671123,informed,2000,2000,2000,0,0.3333333333333333,0.34829658481104053,1398.8526937622655,true,ChecksPassed
hierarchical,1490156986,prior,2000,2000,2000,0,0.3333333333333333,0.3641065514195445,1313.052936026729,true,ChecksPassed
hierarchical,1490156986,informed,2000,2000,2000,0,0.3333333333333333,0.3888629080163952,1432.7014864449645,false,ChecksPassed
hierarchical,1505642849,prior,2000,2000,2000,0,0.3333333333333333,0.3456552818126673,1291.7918844308901,true,ChecksPassed
hierarchical,1505642849,informed,2000,2000,2000,0,0.3333333333333333,0.32919888328100017,1382.9172985441724,true,ChecksPassed
hierarchical,1521128712,prior,2000,2000,2000,0,0.3333333333333333,0.3283515111972611,1310.710479462364,true,ChecksPassed
hierarchical,1521128712,informed,2000,2000,2000,0,0.3333333333333333,0.32645129042873894,1413.4807227626418,true,ChecksPassed
hierarchical,1536614575,prior,2000,2000,2000,0,0.3333333333333333,0.3383536760646528,1320.121870154205,true,ChecksPassed
hierarchical,1536614575,informed,2000,2000,2000,0,0.3333333333333333,0.35052393372061147,1412.0817479854393,true,ChecksPassed
hierarchical,1552100438,prior,2000,2000,2000,0,0.3333333333333333,0.3674347406182163,1299.014970646675,true,ChecksPassed
hierarchical,1552100438,informed,2000,2000,2000,0,0.3333333333333333,0.3679548224123367,1415.8752645409916,true,ChecksPassed
mixture,19000001,prior,2000,2000,2000,0,0.631578947368421,0.65149578113014,1323.7491129381074,true,InsufficientEvidence
mixture,19000001,informed,2000,2000,2000,0,0.631578947368421,0.6456999040089292,1942.497967446235,true,ChecksPassed
mixture,34485864,prior,2000,2000,2000,0,0.631578947368421,0.6168726491133877,1305.6818096135607,true,InsufficientEvidence
mixture,34485864,informed,2000,2000,2000,0,0.631578947368421,0.6166259639033483,1932.3846891047515,true,ChecksPassed
mixture,49971727,prior,2000,2000,2000,0,0.631578947368421,0.6343381389252913,1314.1512415349673,true,InsufficientEvidence
mixture,49971727,informed,2000,2000,2000,0,0.631578947368421,0.6241712375303418,1933.4996528505962,true,ChecksPassed
mixture,65457590,prior,2000,2000,2000,0,0.631578947368421,0.6203208556149822,1307.2523364485662,true,InsufficientEvidence
mixture,65457590,informed,2000,2000,2000,0,0.631578947368421,0.621791703580343,1936.7321986743955,true,ChecksPassed
mixture,80943453,prior,2000,2000,2000,0,0.631578947368421,0.643559234350748,1319.1488084730563,true,InsufficientEvidence
mixture,80943453,informed,2000,2000,2000,0,0.631578947368421,0.6404329813961724,1937.7957577503732,true,ChecksPassed
mixture,96429316,prior,2000,2000,2000,0,0.631578947368421,0.6157158234660955,1305.165973534991,true,InsufficientEvidence
mixture,96429316,informed,2000,2000,2000,0,0.631578947368421,0.6424588845173705,1938.7819381076558,true,ChecksPassed
mixture,111915179,prior,2000,2000,2000,0,0.631578947368421,0.6348873755893074,1314.4385933273377,true,InsufficientEvidence
mixture,111915179,informed,2000,2000,2000,0,0.631578947368421,0.6343513926724046,1936.2744890523975,true,ChecksPassed
mixture,127401042,prior,2000,2000,2000,0,0.631578947368421,0.6381647549530755,1316.1803220036097,true,InsufficientEvidence
mixture,127401042,informed,2000,2000,2000,0,0.631578947368421,0.6420216079717562,1937.545293189252,true,ChecksPassed
mixture,142886905,prior,2000,2000,2000,0,0.631578947368421,0.6271186440678017,1310.4941176470907,true,InsufficientEvidence
mixture,142886905,informed,2000,2000,2000,0,0.631578947368421,0.6392183318533344,1938.4462261283416,true,ChecksPassed
mixture,158372768,prior,2000,2000,2000,0,0.631578947368421,0.6446280991735545,1319.7521126760946,true,InsufficientEvidence
mixture,158372768,informed,2000,2000,2000,0,0.631578947368421,0.6568451133142154,1939.959373855264,false,ChecksPassed
mixture,173858631,prior,2000,2000,2000,0,0.631578947368421,0.6419497018408079,1318.2498006202482,true,InsufficientEvidence
mixture,173858631,informed,2000,2000,2000,0,0.631578947368421,0.6371872224080054,1930.5412842426956,true,ChecksPassed
mixture,189344494,prior,2000,2000,2000,0,0.631578947368421,0.6186009112838331,1306.462787423764,true,InsufficientEvidence
mixture,189344494,informed,2000,2000,2000,0,0.631578947368421,0.6279254323215759,1934.7106082778043,true,ChecksPassed
mixture,204830357,prior,2000,2000,2000,0,0.631578947368421,0.643559234350748,1319.1488084730563,true,InsufficientEvidence
mixture,204830357,informed,2000,2000,2000,0,0.631578947368421,0.6290760167979517,1937.3518813972914,true,ChecksPassed
mixture,220316220,prior,2000,2000,2000,0,0.631578947368421,0.6577147200405354,1327.55083084784,false,InsufficientEvidence
mixture,220316220,informed,2000,2000,2000,0,0.631578947368421,0.6638475763009212,1934.53567681105,false,ChecksPassed
mixture,235802083,prior,2000,2000,2000,0,0.631578947368421,0.6310244930208121,1312.4450614474047,true,InsufficientEvidence
mixture,235802083,informed,2000,2000,2000,0,0.631578947368421,0.6346548414357122,1940.6914347466934,true,ChecksPassed
mixture,251287946,prior,2000,2000,2000,0,0.631578947368421,0.6424870466321286,1318.5486725663727,true,InsufficientEvidence
mixture,251287946,informed,2000,2000,2000,0,0.631578947368421,0.6292167184198787,1935.6931703013522,true,ChecksPassed
mixture,266773809,prior,2000,2000,2000,0,0.631578947368421,0.6424870466321286,1318.5486725663734,true,InsufficientEvidence
mixture,266773809,informed,2000,2000,2000,0,0.631578947368421,0.6406236546644203,1938.296771047245,true,ChecksPassed
mixture,282259672,prior,2000,2000,2000,0,0.631578947368421,0.6419497018408079,1318.2498006202475,true,InsufficientEvidence
mixture,282259672,informed,2000,2000,2000,0,0.631578947368421,0.6238509209781414,1937.255966256934,true,ChecksPassed
mixture,297745535,prior,2000,2000,2000,0,0.631578947368421,0.6535814427733805,1325.0046491605867,true,InsufficientEvidence
mixture,297745535,informed,2000,2000,2000,0,0.631578947368421,0.6318687625260654,1941.0858451344775,true,ChecksPassed
mixture,313231398,prior,2000,2000,2000,0,0.631578947368421,0.6467559217301782,1320.9681260945547,true,InsufficientEvidence
mixture,313231398,informed,2000,2000,2000,0,0.631578947368421,0.6420527134975884,1937.8076421681014,true,ChecksPassed
mixture,328717261,prior,2000,2000,2000,0,0.631578947368421,0.6332370700971376,1313.5790855590785,true,InsufficientEvidence
mixture,328717261,informed,2000,2000,2000,0,0.631578947368421,0.638198077034356,1934.6417722448318,true,ChecksPassed
mixture,344203124,prior,2000,2000,2000,0,0.631578947368421,0.6122228231476478,1303.6419447092717,true,InsufficientEvidence
mixture,344203124,informed,2000,2000,2000,0,0.631578947368421,0.6245378756713649,1937.1903792404844,true,ChecksPassed
mixture,359688987,prior,2000,2000,2000,0,0.631578947368421,0.6276792802328568,1310.7701698026922,true,InsufficientEvidence
mixture,359688987,informed,2000,2000,2000,0,0.631578947368421,0.6212190614843391,1937.5443123042858,true,ChecksPassed
mixture,375174850,prior,2000,2000,2000,0,0.631578947368421,0.6408725006491807,1317.6544646823452,true,InsufficientEvidence
mixture,375174850,informed,2000,2000,2000,0,0.631578947368421,0.6530281172542133,1939.539240053096,true,ChecksPassed
mixture,390660713,prior,2000,2000,2000,0,0.631578947368421,0.6208923323537282,1307.5174055063276,true,InsufficientEvidence
mixture,390660713,informed,2000,2000,2000,0,0.631578947368421,0.6231406146398265,1937.6814560888524,true,ChecksPassed
mixture,406146576,prior,2000,2000,2000,0,0.631578947368421,0.6220325420111998,1308.050348999537,true,InsufficientEvidence
mixture,406146576,informed,2000,2000,2000,0,0.631578947368421,0.6274038485575779,1935.6234281361815,true,ChecksPassed
mixture,421632439,prior,2000,2000,2000,0,0.631578947368421,0.6348873755893074,1314.4385933273288,true,InsufficientEvidence
mixture,421632439,informed,2000,2000,2000,0,0.631578947368421,0.6369016867139511,1932.4405581239287,true,ChecksPassed
mixture,437118302,prior,2000,2000,2000,0,0.631578947368421,0.6226012793177,1308.3182156133644,true,InsufficientEvidence
mixture,437118302,informed,2000,2000,2000,0,0.631578947368421,0.6208523889274653,1937.289061647038,true,ChecksPassed
mixture,452604165,prior,2000,2000,2000,0,0.631578947368421,0.6248671625929804,1309.3988909426805,true,InsufficientEvidence
mixture,452604165,informed,2000,2000,2000,0,0.631578947368421,0.6291225607957306,1940.920813111325,true,ChecksPassed
mixture,468090028,prior,2000,2000,2000,0,0.631578947368421,0.6259946949602182,1309.9447004608223,true,InsufficientEvidence
mixture,468090028,informed,2000,2000,2000,0,0.631578947368421,0.6252421483247753,1942.8577635437025,true,ChecksPassed
mixture,483575891,prior,2000,2000,2000,0,0.631578947368421,0.6145552560646873,1304.654028436004,true,InsufficientEvidence
mixture,483575891,informed,2000,2000,2000,0,0.631578947368421,0.6246560766629334,1940.3133079989009,true,ChecksPassed
mixture,499061754,prior,2000,2000,2000,0,0.631578947368421,0.6310244930208121,1312.4450614474074,true,InsufficientEvidence
mixture,499061754,informed,2000,2000,2000,0,0.631578947368421,0.6360577706942402,1935.5806226801888,true,ChecksPassed
mixture,514547617,prior,2000,2000,2000,0,0.631578947368421,0.6191751472951335,1306.7250234302085,true,InsufficientEvidence
mixture,514547617,informed,2000,2000,2000,0,0.631578947368421,0.6296021776480281,1932.680577131489,true,ChecksPassed
mixture,530033480,prior,2000,2000,2000,0,0.631578947368421,0.6472858245433453,1321.2740708351316,true,InsufficientEvidence
mixture,530033480,informed,2000,2000,2000,0,0.631578947368421,0.6374212175573102,1936.5703282669963,true,ChecksPassed
mixture,545519343,prior,2000,2000,2000,0,0.631578947368421,0.6203208556149822,1307.2523364485655,true,InsufficientEvidence
mixture,545519343,informed,2000,2000,2000,0,0.631578947368421,0.6318233392276686,1937.900347256888,true,ChecksPassed
mixture,561005206,prior,2000,2000,2000,0,0.631578947368421,0.6535814427733805,1325.0046491605865,true,InsufficientEvidence
mixture,561005206,informed,2000,2000,2000,0,0.631578947368421,0.6402382116378698,1933.2434720182052,true,ChecksPassed
mixture,576491069,prior,2000,2000,2000,0,0.631578947368421,0.6332370700971376,1313.5790855590785,true,InsufficientEvidence
mixture,576491069,informed,2000,2000,2000,0,0.631578947368421,0.6512527129718164,1931.5732888175278,true,ChecksPassed
mixture,591976932,prior,2000,2000,2000,0,0.631578947368421,0.6104635402548084,1302.8933460986232,true,InsufficientEvidence
mixture,591976932,informed,2000,2000,2000,0,0.631578947368421,0.6237672072774333,1935.006587205073,true,ChecksPassed
mixture,607462795,prior,2000,2000,2000,0,0.631578947368421,0.6326852338412986,1313.294288304647,true,InsufficientEvidence
mixture,607462795,informed,2000,2000,2000,0,0.631578947368421,0.634070886004955,1936.1309377425132,true,ChecksPassed
mixture,622948658,prior,2000,2000,2000,0,0.631578947368421,0.6116373477672563,1303.391408114543,true,InsufficientEvidence
mixture,622948658,informed,2000,2000,2000,0,0.631578947368421,0.635844223208943,1935.1397209247846,true,ChecksPassed
mixture,638434521,prior,2000,2000,2000,0,0.631578947368421,0.6348873755893074,1314.438593327332,true,InsufficientEvidence
mixture,638434521,informed,2000,2000,2000,0,0.631578947368421,0.6199621482879962,1930.8860455974705,true,ChecksPassed
mixture,653920384,prior,2000,2000,2000,0,0.631578947368421,0.6180257510729616,1306.2015037594076,true,InsufficientEvidence
mixture,653920384,informed,2000,2000,2000,0,0.631578947368421,0.6310510740550144,1938.1860783142329,true,ChecksPassed
mixture,669406247,prior,2000,2000,2000,0,0.631578947368421,0.6276792802328568,1310.7701698026924,true,InsufficientEvidence
mixture,669406247,informed,2000,2000,2000,0,0.631578947368421,0.6357902666788758,1933.0761221184014,true,ChecksPassed
mixture,684892110,prior,2000,2000,2000,0,0.631578947368421,0.6265571163530328,1310.2189599631956,true,InsufficientEvidence
mixture,684892110,informed,2000,2000,2000,0,0.631578947368421,0.6314111097633067,1940.7069513516303,true,ChecksPassed
mixture,700377973,prior,2000,2000,2000,0,0.631578947368421,0.6424870466321286,1318.5486725663736,true,InsufficientEvidence
mixture,700377973,informed,2000,2000,2000,0,0.631578947368421,0.6478842769539355,1933.2261086558117,true,ChecksPassed
mixture,715863836,prior,2000,2000,2000,0,0.631578947368421,0.6387079968741903,1316.4735149620697,true,InsufficientEvidence
mixture,715863836,informed,2000,2000,2000,0,0.631578947368421,0.6323623265570913,1938.8374858233399,true,ChecksPassed
mixture,731349699,prior,2000,2000,2000,0,0.631578947368421,0.6504481434058826,1323.1258134489983,true,InsufficientEvidence
mixture,731349699,informed,2000,2000,2000,0,0.631578947368421,0.6486729967421864,1932.7044497378422,true,ChecksPassed
mixture,746835562,prior,2000,2000,2000,0,0.631578947368421,0.637620662666319,1315.88795342589,true,InsufficientEvidence
mixture,746835562,informed,2000,2000,2000,0,0.631578947368421,0.6370882971047958,1940.0517248922508,true,ChecksPassed
mixture,762321425,prior,2000,2000,2000,0,0.631578947368421,0.6259946949602182,1309.944700460821,true,InsufficientEvidence
mixture,762321425,informed,2000,2000,2000,0,0.631578947368421,0.6247275199745354,1938.9628898067317,true,ChecksPassed
mixture,777807288,prior,2000,2000,2000,0,0.631578947368421,0.6456936565239814,1320.3585601405164,true,InsufficientEvidence
mixture,777807288,informed,2000,2000,2000,0,0.631578947368421,0.6349860422803905,1939.8202312314,true,ChecksPassed
mixture,793293151,prior,2000,2000,2000,0,0.631578947368421,0.6063249727371834,1301.1822050289838,false,InsufficientEvidence
mixture,793293151,informed,2000,2000,2000,0,0.631578947368421,0.616696495418789,1941.6858562349935,true,ChecksPassed
mixture,808779014,prior,2000,2000,2000,0,0.631578947368421,0.6403326403326299,1317.3580071174736,true,InsufficientEvidence
mixture,808779014,informed,2000,2000,2000,0,0.631578947368421,0.6650293075639463,1934.877275266743,false,ChecksPassed
mixture,824264877,prior,2000,2000,2000,0,0.631578947368421,0.6430235568211312,1318.8483429076189,true,InsufficientEvidence
mixture,824264877,informed,2000,2000,2000,0,0.631578947368421,0.6294625496031401,1936.3288891932814,true,ChecksPassed
mixture,839750740,prior,2000,2000,2000,0,0.631578947368421,0.6271186440678017,1310.4941176470936,true,InsufficientEvidence
mixture,839750740,informed,2000,2000,2000,0,0.631578947368421,0.6284084545779626,1932.7406742453222,true,ChecksPassed
mixture,855236603,prior,2000,2000,2000,0,0.631578947368421,0.6110509209100786,1303.141873804935,true,InsufficientEvidence
mixture,855236603,informed,2000,2000,2000,0,0.631578947368421,0.6177704011765723,1941.5159415388678,true,ChecksPassed
mixture,870722466,prior,2000,2000,2000,0,0.631578947368421,0.6086956521739154,1302.153846153861,true,InsufficientEvidence
mixture,870722466,informed,2000,2000,2000,0,0.631578947368421,0.6275888695023174,1943.3796248676776,true,ChecksPassed
mixture,886208329,prior,2000,2000,2000,0,0.631578947368421,0.6430235568211312,1318.8483429076182,true,InsufficientEvidence
mixture,886208329,informed,2000,2000,2000,0,0.631578947368421,0.6527947169833554,1934.8972093844447,true,ChecksPassed
mixture,901694192,prior,2000,2000,2000,0,0.631578947368421,0.6387079968741903,1316.4735149620667,true,InsufficientEvidence
mixture,901694192,informed,2000,2000,2000,0,0.631578947368421,0.6429714096670028,1938.2711034704366,true,ChecksPassed
mixture,917180055,prior,2000,2000,2000,0,0.631578947368421,0.6139735635284602,1304.3995253915975,true,InsufficientEvidence
mixture,917180055,informed,2000,2000,2000,0,0.631578947368421,0.6236655779307944,1935.3244466651474,true,ChecksPassed
mixture,932665918,prior,2000,2000,2000,0,0.631578947368421,0.6271186440678017,1310.4941176470918,true,InsufficientEvidence
mixture,932665918,informed,2000,2000,2000,0,0.631578947368421,0.6372036154045894,1939.702157541543,true,ChecksPassed
mixture,948151781,prior,2000,2000,2000,0,0.631578947368421,0.6365299189965974,1315.3057027390778,true,InsufficientEvidence
mixture,948151781,informed,2000,2000,2000,0,0.631578947368421,0.6362429448789352,1942.4958523476832,true,ChecksPassed
mixture,963637644,prior,2000,2000,2000,0,0.631578947368421,0.6493972813542009,1322.505524140938,true,InsufficientEvidence
mixture,963637644,informed,2000,2000,2000,0,0.631578947368421,0.6565456952102734,1936.2857991740948,true,ChecksPassed
mixture,979123507,prior,2000,2000,2000,0,0.631578947368421,0.6248671625929804,1309.3988909426814,true,InsufficientEvidence
mixture,979123507,informed,2000,2000,2000,0,0.631578947368421,0.6238506374721206,1934.1414419965001,true,ChecksPassed
mixture,994609370,prior,2000,2000,2000,0,0.631578947368421,0.6392503904216658,1316.7675289919707,true,InsufficientEvidence
mixture,994609370,informed,2000,2000,2000,0,0.631578947368421,0.6393769909269282,1934.4842065023165,true,ChecksPassed
mixture,1010095233,prior,2000,2000,2000,0,0.631578947368421,0.6276792802328568,1310.770169802693,true,InsufficientEvidence
mixture,1010095233,informed,2000,2000,2000,0,0.631578947368421,0.6150389181424784,1934.1903198281009,true,ChecksPassed
mixture,1025581096,prior,2000,2000,2000,0,0.631578947368421,0.6348873755893074,1314.4385933273331,true,InsufficientEvidence
mixture,1025581096,informed,2000,2000,2000,0,0.631578947368421,0.6277497946645254,1934.739414706506,true,ChecksPassed
mixture,1041066959,prior,2000,2000,2000,0,0.631578947368421,0.6133909287256993,1304.1460076045355,true,InsufficientEvidence
mixture,1041066959,informed,2000,2000,2000,0,0.631578947368421,0.6471544333363346,1936.601666919249,true,ChecksPassed
mixture,1056552822,prior,2000,2000,2000,0,0.631578947368421,0.6254313777541795,1309.6713428702988,true,InsufficientEvidence
mixture,1056552822,informed,2000,2000,2000,0,0.631578947368421,0.6271195355923428,1942.353015273895,true,ChecksPassed
mixture,1072038685,prior,2000,2000,2000,0,0.631578947368421,0.6191751472951335,1306.725023430208,true,InsufficientEvidence
mixture,1072038685,informed,2000,2000,2000,0,0.631578947368421,0.6149198478924931,1936.384739166186,true,ChecksPassed
mixture,1087524548,prior,2000,2000,2000,0,0.631578947368421,0.6326852338412986,1313.294288304647,true,InsufficientEvidence
mixture,1087524548,informed,2000,2000,2000,0,0.631578947368421,0.6298132492643665,1944.1197484333104,true,ChecksPassed
mixture,1103010411,prior,2000,2000,2000,0,0.631578947368421,0.6180257510729616,1306.201503759407,true,InsufficientEvidence
mixture,1103010411,informed,2000,2000,2000,0,0.631578947368421,0.6260395557151968,1937.481545846123,true,ChecksPassed
mixture,1118496274,prior,2000,2000,2000,0,0.631578947368421,0.6180257510729616,1306.201503759409,true,InsufficientEvidence
mixture,1118496274,informed,2000,2000,2000,0,0.631578947368421,0.6329547731815103,1930.0298516079472,true,ChecksPassed
mixture,1133982137,prior,2000,2000,2000,0,0.631578947368421,0.6197484613326242,1306.9882077678449,true,InsufficientEvidence
mixture,1133982137,informed,2000,2000,2000,0,0.631578947368421,0.6271060795843413,1934.045003778545,true,ChecksPassed
mixture,1149468000,prior,2000,2000,2000,0,0.631578947368421,0.6343381389252913,1314.1512415349712,true,InsufficientEvidence
mixture,1149468000,informed,2000,2000,2000,0,0.631578947368421,0.6263913334456324,1938.6139129354763,true,ChecksPassed
mixture,1164953863,prior,2000,2000,2000,0,0.631578947368421,0.6370757180156699,1315.5964125560372,true,InsufficientEvidence
mixture,1164953863,informed,2000,2000,2000,0,0.631578947368421,0.6199575604107223,1942.047527883537,true,ChecksPassed
mixture,1180439726,prior,2000,2000,2000,0,0.631578947368421,0.6191751472951335,1306.7250234302091,true,InsufficientEvidence
mixture,1180439726,informed,2000,2000,2000,0,0.631578947368421,0.606626187701821,1933.9345392161288,true,ChecksPassed
mixture,1195925589,prior,2000,2000,2000,0,0.631578947368421,0.6387079968741903,1316.4735149620683,true,InsufficientEvidence
mixture,1195925589,informed,2000,2000,2000,0,0.631578947368421,0.6334170195596135,1940.8548321551625,true,ChecksPassed
mixture,1211411452,prior,2000,2000,2000,0,0.631578947368421,0.6321325269524004,1313.010349523372,true,InsufficientEvidence
mixture,1211411452,informed,2000,2000,2000,0,0.631578947368421,0.6207276504987808,1938.9068814166485,true,ChecksPassed
mixture,1226897315,prior,2000,2000,2000,0,0.631578947368421,0.6214628937533397,1307.7834109972152,true,InsufficientEvidence
mixture,1226897315,informed,2000,2000,2000,0,0.631578947368421,0.6310990269132782,1942.2966318304045,true,ChecksPassed
mixture,1242383178,prior,2000,2000,2000,0,0.631578947368421,0.6174496644295273,1305.9411764705517,true,InsufficientEvidence
mixture,1242383178,informed,2000,2000,2000,0,0.631578947368421,0.625890559594362,1935.704047641161,true,ChecksPassed
mixture,1257869041,prior,2000,2000,2000,0,0.631578947368421,0.643559234350748,1319.1488084730565,true,InsufficientEvidence
mixture,1257869041,informed,2000,2000,2000,0,0.631578947368421,0.6466600310195387,1938.3797746374928,true,ChecksPassed
mixture,1273354904,prior,2000,2000,2000,0,0.631578947368421,0.6451612903225772,1320.054945054969,true,InsufficientEvidence
mixture,1273354904,informed,2000,2000,2000,0,0.631578947368421,0.647515112023033,1939.6154168090798,true,ChecksPassed
mixture,1288840767,prior,2000,2000,2000,0,0.631578947368421,0.6343381389252913,1314.1512415349662,true,InsufficientEvidence
mixture,1288840767,informed,2000,2000,2000,0,0.631578947368421,0.6415678321946336,1938.8125874013806,true,ChecksPassed
mixture,1304326630,prior,2000,2000,2000,0,0.631578947368421,0.6259946949602182,1309.9447004608212,true,InsufficientEvidence
mixture,1304326630,informed,2000,2000,2000,0,0.631578947368421,0.6317748413204068,1937.7933397899003,true,ChecksPassed
mixture,1319812493,prior,2000,2000,2000,0,0.631578947368421,0.6478149100257143,1321.580786026172,true,InsufficientEvidence
mixture,1319812493,informed,2000,2000,2000,0,0.631578947368421,0.6464052799762731,1938.3283483125954,true,ChecksPassed
mixture,1335298356,prior,2000,2000,2000,0,0.631578947368421,0.6259946949602182,1309.9447004608217,true,InsufficientEvidence
mixture,1335298356,informed,2000,2000,2000,0,0.631578947368421,0.6390261821591571,1941.9144136661378,true,ChecksPassed
mixture,1350784219,prior,2000,2000,2000,0,0.631578947368421,0.6493972813542009,1322.5055241409361,true,InsufficientEvidence
mixture,1350784219,informed,2000,2000,2000,0,0.631578947368421,0.6388107304527835,1932.9232015991552,true,ChecksPassed
mixture,1366270082,prior,2000,2000,2000,0,0.631578947368421,0.6332370700971376,1313.5790855590787,true,InsufficientEvidence
mixture,1366270082,informed,2000,2000,2000,0,0.631578947368421,0.6287659299622862,1938.64501221982,true,ChecksPassed
mixture,1381755945,prior,2000,2000,2000,0,0.631578947368421,0.6287978863936543,1311.324942791753,true,InsufficientEvidence
mixture,1381755945,informed,2000,2000,2000,0,0.631578947368421,0.6356453067428212,1936.4768314776206,true,ChecksPassed
mixture,1397241808,prior,2000,2000,2000,0,0.631578947368421,0.6315789473684246,1312.7272727273275,true,InsufficientEvidence
mixture,1397241808,informed,2000,2000,2000,0,0.631578947368421,0.6296651559151727,1936.854540136701,true,ChecksPassed
mixture,1412727671,prior,2000,2000,2000,0,0.631578947368421,0.6214628937533397,1307.783410997214,true,InsufficientEvidence
mixture,1412727671,informed,2000,2000,2000,0,0.631578947368421,0.6304699391713239,1938.3262018983044,true,ChecksPassed
mixture,1428213534,prior,2000,2000,2000,0,0.631578947368421,0.637620662666319,1315.8879534258913,true,InsufficientEvidence
mixture,1428213534,informed,2000,2000,2000,0,0.631578947368421,0.6457012767165844,1934.3191245289258,true,ChecksPassed
mixture,1443699397,prior,2000,2000,2000,0,0.631578947368421,0.6282390269698632,1311.0471127406431,true,InsufficientEvidence
mixture,1443699397,informed,2000,2000,2000,0,0.631578947368421,0.6216952162562855,1937.08508383076,true,ChecksPassed
mixture,1459185260,prior,2000,2000,2000,0,0.631578947368421,0.6128073493650322,1303.893479295597,true,InsufficientEvidence
mixture,1459185260,informed,2000,2000,2000,0,0.631578947368421,0.6202437311753328,1934.5205071391338,true,ChecksPassed
mixture,1474671123,prior,2000,2000,2000,0,0.631578947368421,0.6299129517277836,1311.8832496576729,true,InsufficientEvidence
mixture,1474671123,informed,2000,2000,2000,0,0.631578947368421,0.6320336767738118,1936.1297305534713,true,ChecksPassed
mixture,1490156986,prior,2000,2000,2000,0,0.631578947368421,0.6509723643807591,1323.4370883882698,true,InsufficientEvidence
mixture,1490156986,informed,2000,2000,2000,0,0.631578947368421,0.6330878099582538,1937.9771904328716,true,ChecksPassed
mixture,1505642849,prior,2000,2000,2000,0,0.631578947368421,0.6430235568211312,1318.848342907618,true,InsufficientEvidence
mixture,1505642849,informed,2000,2000,2000,0,0.631578947368421,0.6385287820625376,1933.9111714563853,true,ChecksPassed
mixture,1521128712,prior,2000,2000,2000,0,0.631578947368421,0.6321325269524004,1313.010349523372,true,InsufficientEvidence
mixture,1521128712,informed,2000,2000,2000,0,0.631578947368421,0.6252984359434748,1939.552009074744,true,ChecksPassed
mixture,1536614575,prior,2000,2000,2000,0,0.631578947368421,0.6220325420111998,1308.050348999536,true,InsufficientEvidence
mixture,1536614575,informed,2000,2000,2000,0,0.631578947368421,0.6218233476565728,1935.344873876172,true,ChecksPassed
mixture,1552100438,prior,2000,2000,2000,0,0.631578947368421,0.6276792802328568,1310.7701698026929,true,InsufficientEvidence
mixture,1552100438,informed,2000,2000,2000,0,0.631578947368421,0.6284743074788414,1938.826350158155,true,ChecksPassed
