fixture,seed,components,method,parameters,status,train,heldout,draws,chartCenter,meanLogScore,regionProbability,referenceRegion,fitMillis,scoreMillis,drawMillis
local,103000,1,gmm-chart-moments,5,completed,1200,4000,4000,-3.300853174086136E-4,-1.1570451951425147,0.14125,0.16425,34.1454,14.8709,8.6234
local,103000,1,gvm-regression,6,completed,1200,4000,4000,-3.300853174086136E-4,-1.156841199453626,0.147,0.16425,8.8635,12.8756,3.9746
local,103000,2,gmm-chart-moments,11,completed,1200,4000,4000,-3.300853174086136E-4,-1.1999089888656775,0.16675,0.16425,6.3631,9.6361,4.3709
local,103000,2,gvm-regression,13,completed,1200,4000,4000,-3.300853174086136E-4,-1.199472046250953,0.16375,0.16425,2.1831,7.0612,1.6558
local,103000,4,gmm-chart-moments,23,completed,1200,4000,4000,-3.300853174086136E-4,-1.2330185072582622,0.17075,0.16425,1.0522,16.8895,1.5984
local,103000,4,gvm-regression,27,completed,1200,4000,4000,-3.300853174086136E-4,-1.2328931757045996,0.16575,0.16425,1.7554,9.2084,1.7358
local,103001,1,gvm-regression,6,completed,1200,4000,4000,-0.0013826314839130419,-1.1258568948659728,0.162,0.1625,1.324,3.122,1.7588
local,103001,1,gmm-chart-moments,5,completed,1200,4000,4000,-0.0013826314839130419,-1.1254098987917172,0.15725,0.1625,1.0132,2.1869,1.3936
local,103001,2,gvm-regression,13,completed,1200,4000,4000,-0.0013826314839130419,-1.1822756418942826,0.183,0.1625,1.2087,5.1599,1.5479
local,103001,2,gmm-chart-moments,11,completed,1200,4000,4000,-0.0013826314839130419,-1.1824134407296736,0.17925,0.1625,1.3421,4.9753,2.0304
local,103001,4,gvm-regression,27,completed,1200,4000,4000,-0.0013826314839130419,-1.2077469888955765,0.17325,0.1625,1.744,7.5741,1.7608
local,103001,4,gmm-chart-moments,23,completed,1200,4000,4000,-0.0013826314839130419,-1.2065849809255837,0.1835,0.1625,1.1922,7.3119,4.9658
local,103002,1,gmm-chart-moments,5,completed,1200,4000,4000,-0.006153904410885443,-1.128050996404966,0.1415,0.161,1.0596,2.7084,1.8315
local,103002,1,gvm-regression,6,completed,1200,4000,4000,-0.006153904410885443,-1.127905631462667,0.14925,0.161,1.2732,3.2107,1.6473
local,103002,2,gmm-chart-moments,11,completed,1200,4000,4000,-0.006153904410885443,-1.1650243180996747,0.1655,0.161,1.1453,4.2965,1.9728
local,103002,2,gvm-regression,13,completed,1200,4000,4000,-0.006153904410885443,-1.1647836497394783,0.16625,0.161,1.1922,5.0097,1.8955
local,103002,4,gmm-chart-moments,23,completed,1200,4000,4000,-0.006153904410885443,-1.201830922453283,0.15375,0.161,1.1737,7.1129,2.0679
local,103002,4,gvm-regression,27,completed,1200,4000,4000,-0.006153904410885443,-1.2034260039355742,0.1655,0.161,1.1185,7.8431,1.6147
local,103003,1,gvm-regression,6,completed,1200,4000,4000,0.007482084220472782,-1.169613222081927,0.1695,0.15725,1.0607,3.5641,1.5262
local,103003,1,gmm-chart-moments,5,completed,1200,4000,4000,0.007482084220472782,-1.1677540706724716,0.16425,0.15725,1.0302,2.0484,1.9958
local,103003,2,gvm-regression,13,completed,1200,4000,4000,0.007482084220472782,-1.2167016491670577,0.191,0.15725,1.0073,4.6826,1.356
local,103003,2,gmm-chart-moments,11,completed,1200,4000,4000,0.007482084220472782,-1.2161178000888273,0.197,0.15725,1.1461,4.3413,2.6079
local,103003,4,gvm-regression,27,completed,1200,4000,4000,0.007482084220472782,-1.2316584631152627,0.17575,0.15725,1.4566,8.0078,1.8698
local,103003,4,gmm-chart-moments,23,completed,1200,4000,4000,0.007482084220472782,-1.2326690731495478,0.17975,0.15725,1.6863,8.1581,2.4751
local,103004,1,gmm-chart-moments,5,completed,1200,4000,4000,-0.008708384499398078,-1.1295285982742491,0.1555,0.1535,1.111,2.5966,2.4816
local,103004,1,gvm-regression,6,completed,1200,4000,4000,-0.008708384499398078,-1.129870461267636,0.17375,0.1535,1.3975,3.7943,1.5481
local,103004,2,gmm-chart-moments,11,completed,1200,4000,4000,-0.008708384499398078,-1.1687992996255772,0.18675,0.1535,1.244,5.5344,2.8481
local,103004,2,gvm-regression,13,completed,1200,4000,4000,-0.008708384499398078,-1.168998216748844,0.19575,0.1535,1.4753,6.5489,2.1603
local,103004,4,gmm-chart-moments,23,completed,1200,4000,4000,-0.008708384499398078,-1.1991086802279325,0.16975,0.1535,1.6249,8.9985,3.0229
local,103004,4,gvm-regression,27,completed,1200,4000,4000,-0.008708384499398078,-1.2007543533037632,0.18475,0.1535,1.1799,6.4701,1.4741
curved,103000,1,gmm-chart-moments,5,completed,1200,4000,4000,0.516211622086922,-2.8547767061421254,0.113,0.037,1.0023,2.5166,2.8648
curved,103000,1,gvm-regression,6,completed,1200,4000,4000,0.516211622086922,-1.3579101834445964,0.0325,0.037,1.0257,2.2626,1.2261
curved,103000,2,gmm-chart-moments,11,completed,1200,4000,4000,0.516211622086922,-2.781050281235519,0.11025,0.037,0.9439,3.6077,1.7546
curved,103000,2,gvm-regression,13,completed,1200,4000,4000,0.516211622086922,-1.4028384749744964,0.029,0.037,0.8104,3.4076,1.232
curved,103000,4,gmm-chart-moments,23,completed,1200,4000,4000,0.516211622086922,-2.248777965004655,0.104,0.037,0.9397,5.7695,1.9428
curved,103000,4,gvm-regression,27,completed,1200,4000,4000,0.516211622086922,-1.4349505301385321,0.026,0.037,1.0501,5.6873,1.9542
curved,103001,1,gvm-regression,6,completed,1200,4000,4000,0.5308360862503138,-1.331866814063839,0.03875,0.0415,1.1059,2.649,1.5579
curved,103001,1,gmm-chart-moments,5,completed,1200,4000,4000,0.5308360862503138,-2.8251647927037,0.119,0.0415,1.1384,2.8318,1.3557
curved,103001,2,gvm-regression,13,completed,1200,4000,4000,0.5308360862503138,-1.3861762513896232,0.0395,0.0415,0.6794,3.1067,1.2427
curved,103001,2,gmm-chart-moments,11,completed,1200,4000,4000,0.5308360862503138,-2.735038464746041,0.126,0.0415,0.9795,3.9765,1.6128
curved,103001,4,gvm-regression,27,completed,1200,4000,4000,0.5308360862503138,-1.410606637719696,0.026,0.0415,0.7729,4.8965,1.198
curved,103001,4,gmm-chart-moments,23,completed,1200,4000,4000,0.5308360862503138,-2.1965817404305943,0.10875,0.0415,1.011,5.8346,2.4743
curved,103002,1,gmm-chart-moments,5,completed,1200,4000,4000,0.5104809246691644,-2.838566499063276,0.1165,0.03925,0.7382,2.0267,1.6651
curved,103002,1,gvm-regression,6,completed,1200,4000,4000,0.5104809246691644,-1.3393735916182439,0.03625,0.03925,0.9476,2.3087,1.6218
curved,103002,2,gmm-chart-moments,11,completed,1200,4000,4000,0.5104809246691644,-2.7197270506616786,0.117,0.03925,1.1407,3.8132,1.6563
curved,103002,2,gvm-regression,13,completed,1200,4000,4000,0.5104809246691644,-1.3768504227017566,0.029,0.03925,0.7991,3.0914,1.2469
curved,103002,4,gmm-chart-moments,23,completed,1200,4000,4000,0.5104809246691644,-2.2398608141686744,0.099,0.03925,0.9355,5.5881,1.0087
curved,103002,4,gvm-regression,27,completed,1200,4000,4000,0.5104809246691644,-1.4113243791247132,0.0235,0.03925,0.6998,2.8419,0.9715
curved,103003,1,gvm-regression,6,completed,1200,4000,4000,0.5502044122491806,-1.5361311598364848,0.04075,0.03675,0.7654,1.6375,0.8024
curved,103003,1,gmm-chart-moments,5,completed,1200,4000,4000,0.5502044122491806,-2.853398161164953,0.12475,0.03675,0.7103,1.103,0.8978
curved,103003,2,gvm-regression,13,completed,1200,4000,4000,0.5502044122491806,-1.6549961071775494,0.03475,0.03675,0.8468,1.867,0.8716
curved,103003,2,gmm-chart-moments,11,completed,1200,4000,4000,0.5502044122491806,-2.744923450702243,0.1305,0.03675,0.597,2.5105,0.8975
curved,103003,4,gvm-regression,27,completed,1200,4000,4000,0.5502044122491806,-1.6413627180284631,0.039,0.03675,0.6729,2.748,1.0963
curved,103003,4,gmm-chart-moments,23,completed,1200,4000,4000,0.5502044122491806,-2.1941917479119675,0.10875,0.03675,0.7058,2.9786,0.9541
curved,103004,1,gmm-chart-moments,5,completed,1200,4000,4000,0.4838928605992185,-2.813913592593539,0.12225,0.03875,0.7359,1.3012,0.8306
curved,103004,1,gvm-regression,6,completed,1200,4000,4000,0.4838928605992185,-1.4890508005050684,0.043,0.03875,0.6284,1.4429,0.9094
curved,103004,2,gmm-chart-moments,11,completed,1200,4000,4000,0.4838928605992185,-2.7412221231114495,0.134,0.03875,0.6093,1.821,0.874
curved,103004,2,gvm-regression,13,completed,1200,4000,4000,0.4838928605992185,-1.632898105319891,0.02075,0.03875,0.4962,1.8181,0.9589
curved,103004,4,gmm-chart-moments,23,completed,1200,4000,4000,0.4838928605992185,-2.1754338096853636,0.10225,0.03875,0.6465,2.8192,0.8388
curved,103004,4,gvm-regression,27,completed,1200,4000,4000,0.4838928605992185,-1.5794626816519786,0.035,0.03875,2.5407,2.2337,0.854
seam,103000,1,gmm-chart-moments,5,completed,1200,4000,4000,-3.0415761626592572,-1.9644171390539187,0.0065,0.03475,0.7358,1.084,0.7107
seam,103000,1,gvm-regression,6,completed,1200,4000,4000,-3.0415761626592572,-1.4988718888592973,0.033,0.03475,0.509,1.1149,0.7783
seam,103000,2,gmm-chart-moments,11,completed,1200,4000,4000,-3.0415761626592572,-1.7097838048757326,0.016,0.03475,0.4268,1.9863,0.8517
seam,103000,2,gvm-regression,13,completed,1200,4000,4000,-3.0415761626592572,-1.5427350949531904,0.0165,0.03475,0.5368,1.5497,0.7633
seam,103000,4,gmm-chart-moments,23,completed,1200,4000,4000,-3.0415761626592572,-1.672087070439738,0.0255,0.03475,0.6641,3.1849,0.7935
seam,103000,4,gvm-regression,27,completed,1200,4000,4000,-3.0415761626592572,-1.5745684036261203,0.02175,0.03475,0.653,2.2823,0.7964
seam,103001,1,gvm-regression,6,completed,1200,4000,4000,-3.0237307745417272,-1.488062412892449,0.03525,0.03475,0.7336,1.4176,0.9009
seam,103001,1,gmm-chart-moments,5,completed,1200,4000,4000,-3.0237307745417272,-1.9490955310226377,0.01275,0.03475,0.7397,1.4183,0.8052
seam,103001,2,gvm-regression,13,completed,1200,4000,4000,-3.0237307745417272,-1.541718889829234,0.02,0.03475,0.4417,1.5574,0.809
seam,103001,2,gmm-chart-moments,11,completed,1200,4000,4000,-3.0237307745417272,-1.7037080876683643,0.0225,0.03475,0.4634,1.7305,0.7072
seam,103001,4,gvm-regression,27,completed,1200,4000,4000,-3.0237307745417272,-1.5650728739668378,0.02675,0.03475,0.4867,2.3108,0.8007
seam,103001,4,gmm-chart-moments,23,completed,1200,4000,4000,-3.0237307745417272,-1.662459034593803,0.02725,0.03475,0.5338,2.993,0.9736
seam,103002,1,gmm-chart-moments,5,completed,1200,4000,4000,-3.0457529752504175,-1.969675198130585,0.01,0.0385,0.7225,1.17,0.8336
seam,103002,1,gvm-regression,6,completed,1200,4000,4000,-3.0457529752504175,-1.489214711037171,0.0345,0.0385,0.663,1.1081,0.731
seam,103002,2,gmm-chart-moments,11,completed,1200,4000,4000,-3.0457529752504175,-1.8159990807930197,0.017,0.0385,0.4781,1.7027,0.8755
seam,103002,2,gvm-regression,13,completed,1200,4000,4000,-3.0457529752504175,-1.525946656071496,0.025,0.0385,0.4176,1.1592,0.7923
seam,103002,4,gmm-chart-moments,23,completed,1200,4000,4000,-3.0457529752504175,-1.770134700651503,0.031,0.0385,0.5262,2.4258,0.6111
seam,103002,4,gvm-regression,27,completed,1200,4000,4000,-3.0457529752504175,-1.5620151533609319,0.03375,0.0385,0.5133,1.9964,0.8279
seam,103003,1,gvm-regression,6,completed,1200,4000,4000,-3.019916221351017,-1.523727987392553,0.0445,0.03775,0.5486,0.7742,0.6601
seam,103003,1,gmm-chart-moments,5,completed,1200,4000,4000,-3.019916221351017,-1.9908978664875145,0.01225,0.03775,0.5378,0.8629,0.5378
seam,103003,2,gvm-regression,13,completed,1200,4000,4000,-3.019916221351017,-1.5710961215515067,0.028,0.03775,0.3692,1.0388,0.6771
seam,103003,2,gmm-chart-moments,11,completed,1200,4000,4000,-3.019916221351017,-1.8309259662087298,0.02575,0.03775,0.5346,1.5015,0.55
seam,103003,4,gvm-regression,27,completed,1200,4000,4000,-3.019916221351017,-1.5906948881277487,0.04125,0.03775,0.4592,1.7549,0.7063
seam,103003,4,gmm-chart-moments,23,completed,1200,4000,4000,-3.019916221351017,-1.7693943970001291,0.04025,0.03775,1.0581,2.8463,0.8402
seam,103004,1,gmm-chart-moments,5,completed,1200,4000,4000,-3.0429476344929123,-1.958856661942704,0.01075,0.03725,0.6268,0.7564,0.6918
seam,103004,1,gvm-regression,6,completed,1200,4000,4000,-3.0429476344929123,-1.4973069354226543,0.03725,0.03725,0.624,0.7633,0.7745
seam,103004,2,gmm-chart-moments,11,completed,1200,4000,4000,-3.0429476344929123,-1.7484220032955025,0.02425,0.03725,0.5703,1.2313,0.6241
seam,103004,2,gvm-regression,13,completed,1200,4000,4000,-3.0429476344929123,-1.5408583197966412,0.03325,0.03725,0.54,1.005,0.7791
seam,103004,4,gmm-chart-moments,23,completed,1200,4000,4000,-3.0429476344929123,-1.7110390252024248,0.03925,0.03725,0.6205,2.1869,0.6173
seam,103004,4,gvm-regression,27,completed,1200,4000,4000,-3.0429476344929123,-1.5667781149598337,0.046,0.03725,0.4828,1.7518,0.8242
separated,103000,1,gmm-chart-moments,5,completed,1200,4000,4000,-0.01705453676543185,-2.6351207482738164,0.24775,0.36675,0.5889,0.6939,1.7526
separated,103000,1,gvm-regression,6,completed,1200,4000,4000,-0.01705453676543185,-2.6417487755623,0.238,0.36675,0.6778,0.6944,0.6814
separated,103000,2,gmm-chart-moments,11,completed,1200,4000,4000,-0.01705453676543185,-2.3840683692789484,0.36525,0.36675,0.5164,1.2993,0.6643
separated,103000,2,gvm-regression,13,completed,1200,4000,4000,-0.01705453676543185,-2.3861683148819925,0.36975,0.36675,0.4964,1.0742,0.7259
separated,103000,4,gmm-chart-moments,23,completed,1200,4000,4000,-0.01705453676543185,-2.430238080070265,0.35675,0.36675,0.5198,2.2891,0.7134
separated,103000,4,gvm-regression,27,completed,1200,4000,4000,-0.01705453676543185,-2.4304074341793043,0.359,0.36675,0.4632,1.9388,0.801
separated,103001,1,gvm-regression,6,completed,1200,4000,4000,-0.010178321684032274,-2.648417590098016,0.27025,0.37925,0.5448,0.6114,0.6535
separated,103001,1,gmm-chart-moments,5,completed,1200,4000,4000,-0.010178321684032274,-2.6444322029272844,0.26225,0.37925,0.5671,0.7359,0.5275
separated,103001,2,gvm-regression,13,completed,1200,4000,4000,-0.010178321684032274,-2.379266204682289,0.3775,0.37925,0.3767,0.946,0.6771
separated,103001,2,gmm-chart-moments,11,completed,1200,4000,4000,-0.010178321684032274,-2.378088677753845,0.38325,0.37925,0.5389,1.2769,0.5051
separated,103001,4,gvm-regression,27,completed,1200,4000,4000,-0.010178321684032274,-2.432922863952559,0.3635,0.37925,0.4546,1.5936,0.6856
separated,103001,4,gmm-chart-moments,23,completed,1200,4000,4000,-0.010178321684032274,-2.431048266021878,0.37075,0.37925,0.4786,3.0795,0.973
separated,103002,1,gmm-chart-moments,5,completed,1200,4000,4000,-0.04887037824077793,-2.6303920542940253,0.2405,0.36275,0.6722,0.667,0.5013
separated,103002,1,gvm-regression,6,completed,1200,4000,4000,-0.04887037824077793,-2.6345901540973005,0.24375,0.36275,0.5528,0.6662,0.6432
separated,103002,2,gmm-chart-moments,11,completed,1200,4000,4000,-0.04887037824077793,-2.3941717861284335,0.35475,0.36275,0.4018,1.2561,0.6368
separated,103002,2,gvm-regression,13,completed,1200,4000,4000,-0.04887037824077793,-2.3899710688118874,0.367,0.36275,0.3986,0.9495,0.7145
separated,103002,4,gmm-chart-moments,23,completed,1200,4000,4000,-0.04887037824077793,-2.4315609038284474,0.342,0.36275,0.4187,2.2054,0.5697
separated,103002,4,gvm-regression,27,completed,1200,4000,4000,-0.04887037824077793,-2.4288578346624856,0.361,0.36275,0.4519,1.6172,0.7094
separated,103003,1,gvm-regression,6,completed,1200,4000,4000,0.03780751188475695,-2.6783767682969226,0.26325,0.356,0.5795,0.6389,0.7499
separated,103003,1,gmm-chart-moments,5,completed,1200,4000,4000,0.03780751188475695,-2.6709698996466096,0.2595,0.356,0.5222,0.6912,0.6245
separated,103003,2,gvm-regression,13,completed,1200,4000,4000,0.03780751188475695,-2.4521580787996475,0.3585,0.356,0.8046,0.9725,0.7488
separated,103003,2,gmm-chart-moments,11,completed,1200,4000,4000,0.03780751188475695,-2.446186545893795,0.371,0.356,0.537,1.228,0.5994
separated,103003,4,gvm-regression,27,completed,1200,4000,4000,0.03780751188475695,-2.4937296655638654,0.351,0.356,0.4022,1.6257,0.6757
separated,103003,4,gmm-chart-moments,23,completed,1200,4000,4000,0.03780751188475695,-2.4978441310631947,0.36375,0.356,0.4169,1.9715,0.483
separated,103004,1,gmm-chart-moments,5,completed,1200,4000,4000,0.010937177105002294,-2.633772944486629,0.26125,0.3795,0.4689,0.5705,0.5031
separated,103004,1,gvm-regression,6,completed,1200,4000,4000,0.010937177105002294,-2.6382423250292204,0.259,0.3795,0.4819,0.572,0.6439
separated,103004,2,gmm-chart-moments,11,completed,1200,4000,4000,0.010937177105002294,-2.373109107335278,0.3765,0.3795,0.3188,1.079,0.4612
separated,103004,2,gvm-regression,13,completed,1200,4000,4000,0.010937177105002294,-2.3748483820931665,0.38575,0.3795,0.2937,0.9576,0.6573
separated,103004,4,gmm-chart-moments,23,completed,1200,4000,4000,0.010937177105002294,-2.4174254260911314,0.37225,0.3795,0.3291,2.1239,0.5208
separated,103004,4,gvm-regression,27,completed,1200,4000,4000,0.010937177105002294,-2.418151009652793,0.38475,0.3795,0.3271,1.5308,0.666
