family,seed,draws,status,ess,maxWeight,k,mean,error,rawMcse,issues
gamma,1009,2000,Danger,2.9365313655578706,0.5085676172812056,16.743425528227068,2.0219623071175756,-0.08590766605206035,0.04670234843531394,WeightCollapse|LowEss|LowEfficiency|ParetoDanger
gamma,8928,2000,Danger,4.499674178235183,0.4007327909485819,14.368090079116477,1.9587401513385063,-0.14912982183112966,0.07216706015997922,DominantWeight|LowEss|LowEfficiency|ParetoDanger
gamma,16847,2000,Danger,5.386116920318884,0.25460387429358916,14.656247636327109,2.0539601882781144,-0.05390978489152154,0.038937807098346607,DominantWeight|LowEss|LowEfficiency|ParetoDanger
gamma,24766,2000,Danger,4.508775945281587,0.29573557233148196,14.47684653169618,2.1211370232049642,0.013267050035328243,0.06951946906898394,DominantWeight|LowEss|LowEfficiency|ParetoDanger
gamma,32685,2000,Danger,3.7007331847513445,0.36522841441355264,14.760104277688205,1.9623320496691377,-0.14553792350049832,0.03144268721435136,DominantWeight|LowEss|LowEfficiency|ParetoDanger
gamma,40604,2000,Danger,3.5264213676345024,0.469337592703661,14.803081696157118,2.0398078823133146,-0.06806209085632142,0.03843651146606715,DominantWeight|LowEss|LowEfficiency|ParetoDanger
gamma,48523,2000,Danger,5.072215234547701,0.3772271219632646,16.15481735924607,2.1930832659186184,0.08521329274898237,0.04977141436964437,DominantWeight|LowEss|LowEfficiency|ParetoDanger
gamma,56442,2000,Danger,3.433187420727978,0.4369557403700768,17.30339194444576,2.1887151171817845,0.08084514401214848,0.08181721150895388,DominantWeight|LowEss|LowEfficiency|ParetoDanger
gamma,64361,2000,Danger,1.8666720017061522,0.7246284251229137,13.414467228784,2.2274828524466965,0.11961287927706055,0.06938107297251818,WeightCollapse|LowEss|LowEfficiency|ParetoDanger
gamma,72280,2000,Danger,4.458056245119202,0.3382395953056028,10.560471054884758,2.062255962539763,-0.045614010629873025,0.0557079694347577,DominantWeight|LowEss|LowEfficiency|ParetoDanger
gamma,80199,2000,Danger,7.904742951087336,0.19606930579336254,13.80788508174095,2.103383792939211,-0.004486180230424797,0.05157781166840467,DominantWeight|LowEss|LowEfficiency|ParetoDanger
gamma,88118,2000,Danger,6.087096597809204,0.2509423375789642,12.505667541733958,2.0025320251458605,-0.1053379480237755,0.03231750302146854,DominantWeight|LowEss|LowEfficiency|ParetoDanger
gamma,96037,2000,Danger,8.598511932436631,0.16203453659023523,14.130612303947556,1.9995883899362679,-0.10828158323336812,0.06755518978217334,DominantWeight|LowEss|LowEfficiency|ParetoDanger
gamma,103956,2000,Danger,4.627676522125342,0.32595633044202993,12.550115579911862,2.057974968336012,-0.04989500483362397,0.08706202224006891,DominantWeight|LowEss|LowEfficiency|ParetoDanger
gamma,111875,2000,Danger,5.299686658461577,0.30501717792715966,15.161105399448331,1.9372279703501758,-0.17064200281946018,0.04899608322369916,DominantWeight|LowEss|LowEfficiency|ParetoDanger
gamma,119794,2000,Danger,3.385533572057794,0.37960521353139337,12.315710179711074,2.029711887735731,-0.07815808543390501,0.03368266845781409,DominantWeight|LowEss|LowEfficiency|ParetoDanger
gamma,127713,2000,Danger,8.415618965212099,0.2238903637168587,14.447376334558875,2.1043371885094397,-0.003532784660196242,0.07602189688746744,DominantWeight|LowEss|LowEfficiency|ParetoDanger
gamma,135632,2000,Danger,6.369033924155478,0.26403313937473866,14.0511677643164,2.085149756604612,-0.022720216565023765,0.06323601957728749,DominantWeight|LowEss|LowEfficiency|ParetoDanger
gamma,143551,2000,Danger,6.53012952804199,0.25313480664720156,14.503216915569357,2.063428092388416,-0.04444188078121991,0.040083893225920285,DominantWeight|LowEss|LowEfficiency|ParetoDanger
gamma,151470,2000,Danger,6.837824662057743,0.21278888716050468,16.765422994083846,2.001410909185322,-0.10645906398431393,0.11965386091049868,DominantWeight|LowEss|LowEfficiency|ParetoDanger
gamma,159389,2000,Danger,5.3307995870986735,0.34173316133202286,13.707238022942882,2.067776158182325,-0.04009381498731113,0.045358932054823546,DominantWeight|LowEss|LowEfficiency|ParetoDanger
gamma,167308,2000,Danger,5.028392986895009,0.342850263096504,16.072545449998945,2.1313245471915803,0.023454574021944286,0.07993214463706115,DominantWeight|LowEss|LowEfficiency|ParetoDanger
gamma,175227,2000,Danger,3.963885578655114,0.42962543383210705,11.484124007956963,2.0656355846858263,-0.04223438848380967,0.07322314699315614,DominantWeight|LowEss|LowEfficiency|ParetoDanger
gamma,183146,2000,Danger,2.7820035480295515,0.5671640960544421,15.280634681676467,2.2349183472335112,0.12704837406387526,0.05537616115004424,WeightCollapse|LowEss|LowEfficiency|ParetoDanger
gamma,191065,2000,Danger,6.634168793245085,0.3201583142041791,15.071219446574949,2.155957495396058,0.048087522226421875,0.06444275224106838,DominantWeight|LowEss|LowEfficiency|ParetoDanger
gamma,198984,2000,Danger,4.496507575525252,0.38283252510419474,15.878549553806987,2.1613732304545303,0.05350325728489436,0.1133318616679199,DominantWeight|LowEss|LowEfficiency|ParetoDanger
gamma,206903,2000,Danger,4.560505813915803,0.30561673193415745,16.491761773899743,2.1134869974562074,0.005617024286571404,0.07094106092914824,DominantWeight|LowEss|LowEfficiency|ParetoDanger
gamma,214822,2000,Danger,3.9200595951014106,0.4318938553233501,14.710652348305613,2.05397520421923,-0.053894768950406124,0.043131903688230666,DominantWeight|LowEss|LowEfficiency|ParetoDanger
gamma,222741,2000,Danger,3.294730553355722,0.356734413537469,11.65567402530247,2.1814885412238896,0.0736185680542536,0.02680695206666782,DominantWeight|LowEss|LowEfficiency|ParetoDanger
gamma,230660,2000,Danger,5.23906088133153,0.2960181915209851,14.193890682787131,2.118352823784546,0.010482850614910166,0.09002464548341935,DominantWeight|LowEss|LowEfficiency|ParetoDanger
dirichlet,1009,2000,Danger,1.5084650429763702,0.7995647295907933,54.87016600366716,0.8815923618155406,0.040576211092639536,0.007022274223402865,WeightCollapse|LowEss|LowEfficiency|ParetoDanger
dirichlet,8928,2000,Danger,1.0093991601937413,0.9953223008336011,49.84405197168994,0.8663026581045341,0.025286507381633072,4.056957540006423E-4,WeightCollapse|LowEss|LowEfficiency|ParetoDanger
dirichlet,16847,2000,Danger,1.812621997707089,0.6624308435188959,45.689623605241515,0.9512229303361636,0.11020677961326253,0.03100608026068158,WeightCollapse|LowEss|LowEfficiency|ParetoDanger
dirichlet,24766,2000,Danger,1.0002216401126167,0.9998891926277949,50.38440914786385,1.0038063612530408,0.16279021053013976,1.989817798024352E-5,WeightCollapse|LowEss|LowEfficiency|ParetoDanger
dirichlet,32685,2000,Danger,1.0494560306839535,0.975857805951471,46.55876757824969,0.973003207311007,0.13198705658810594,5.176552237188899E-4,WeightCollapse|LowEss|LowEfficiency|ParetoDanger
dirichlet,40604,2000,Danger,1.0345414527546726,0.9830183697128497,50.2472356418516,1.0010514920842448,0.16003534136134379,0.008826343458017036,WeightCollapse|LowEss|LowEfficiency|ParetoDanger
dirichlet,48523,2000,Danger,1.0007808620719845,0.9996097212816857,49.532524649790766,1.0279065287554494,0.18689037803254838,2.7215752751498154E-4,WeightCollapse|LowEss|LowEfficiency|ParetoDanger
dirichlet,56442,2000,Danger,2.004420242132496,0.5467787127465963,47.48507719829989,0.7227205144621229,-0.1182956362607781,0.051115251912600364,WeightCollapse|LowEss|LowEfficiency|ParetoDanger
dirichlet,64361,2000,Danger,1.0000005150523577,0.9999997424738977,54.91476899251266,0.9507291349943751,0.10971298427147402,8.23937089358798E-8,WeightCollapse|LowEss|LowEfficiency|ParetoDanger
dirichlet,72280,2000,Danger,1.0000566821809576,0.999971659895628,49.98855514136611,0.8408159495737625,-2.002011491385458E-4,6.50697791334316E-6,WeightCollapse|LowEss|LowEfficiency|ParetoDanger
dirichlet,80199,2000,Danger,1.2066079784643255,0.905446436169145,50.949658103923895,0.8971104023044997,0.05609425158159864,0.04087042099620876,WeightCollapse|LowEss|LowEfficiency|ParetoDanger
dirichlet,88118,2000,Danger,1.000103854050852,0.9999480756869401,49.843324399769834,0.6937657178034417,-0.14725043291945938,2.6773298843232224E-5,WeightCollapse|LowEss|LowEfficiency|ParetoDanger
dirichlet,96037,2000,Danger,1.0000000377693892,0.9999999811153059,56.2830090435524,0.7977912423854173,-0.043224908337483714,5.885027054867806E-9,WeightCollapse|LowEss|LowEfficiency|ParetoDanger
dirichlet,103956,2000,Danger,1.0000000236223074,0.9999999881888465,50.55968850428673,0.7902421127530587,-0.05077403796984237,8.29780425973143E-9,WeightCollapse|LowEss|LowEfficiency|ParetoDanger
dirichlet,111875,2000,Danger,1.0029747151485047,0.9985149191103512,49.84829380917526,0.8367863492552234,-0.004229801467677596,8.058419401738783E-4,WeightCollapse|LowEss|LowEfficiency|ParetoDanger
dirichlet,119794,2000,Danger,1.0000315064558802,0.9999842470710686,58.8556591751278,0.999654344775801,0.15863819405289992,2.599472840670723E-6,WeightCollapse|LowEss|LowEfficiency|ParetoDanger
dirichlet,127713,2000,Danger,1.2161642623272866,0.9017359525908301,56.5796723601888,0.8743653827922359,0.03334923206933482,0.026467738613714736,WeightCollapse|LowEss|LowEfficiency|ParetoDanger
dirichlet,135632,2000,Danger,1.0000041707785559,0.9999979146150829,48.28257157694441,0.710948402375334,-0.13006774834756707,2.8043923700075876E-7,WeightCollapse|LowEss|LowEfficiency|ParetoDanger
dirichlet,143551,2000,Danger,1.0046160065691188,0.9976976341577046,53.81180295241455,1.1351609458842067,0.29414479516130565,3.183321843679518E-4,WeightCollapse|LowEss|LowEfficiency|ParetoDanger
dirichlet,151470,2000,Danger,1.2548247965224872,0.8853076803320266,48.386937067173285,0.8747278546014622,0.03371170387856115,0.02022759271406424,WeightCollapse|LowEss|LowEfficiency|ParetoDanger
dirichlet,159389,2000,Danger,1.0052543311520636,0.9973797017783258,57.410778138140024,0.931819950118112,0.090803799395211,1.4157767438188838E-4,WeightCollapse|LowEss|LowEfficiency|ParetoDanger
dirichlet,167308,2000,Danger,1.0017456963392357,0.9991281068892899,50.07892638139765,0.8532410224256546,0.012224871702753548,1.546503082306761E-4,WeightCollapse|LowEss|LowEfficiency|ParetoDanger
dirichlet,175227,2000,Danger,1.4527541074645942,0.8068776103132945,40.61023716475732,0.8299342042045745,-0.011081946518326502,0.0377744843369261,WeightCollapse|LowEss|LowEfficiency|ParetoDanger
dirichlet,183146,2000,Danger,1.0000006128937884,0.9999996935532078,50.88999203373788,0.9326052575887199,0.09158910686581889,7.550378294509263E-8,WeightCollapse|LowEss|LowEfficiency|ParetoDanger
dirichlet,191065,2000,Danger,1.0015698779819358,0.9992157129205632,47.84346476825856,0.9225275689078832,0.0815114181849822,2.926012729261597E-4,WeightCollapse|LowEss|LowEfficiency|ParetoDanger
dirichlet,198984,2000,Danger,1.0000000000416622,0.9999999999791689,50.43936938420179,0.7432695898137174,-0.09774656090918366,9.137432115158618E-13,WeightCollapse|LowEss|LowEfficiency|ParetoDanger
dirichlet,206903,2000,Danger,1.001465403118181,0.9992678384830187,46.784840844887285,0.8175760438352797,-0.023440106887621326,4.0513222728825283E-4,WeightCollapse|LowEss|LowEfficiency|ParetoDanger
dirichlet,214822,2000,Danger,1.000004913832084,0.9999975430918838,49.62646026066627,0.9520492041165719,0.11103305339367087,2.145345761555767E-7,WeightCollapse|LowEss|LowEfficiency|ParetoDanger
dirichlet,222741,2000,Danger,1.0000000000002225,0.9999999999998888,45.83381031135043,0.9622883610708678,0.12127221034796676,1.0585050793866788E-14,WeightCollapse|LowEss|LowEfficiency|ParetoDanger
dirichlet,230660,2000,Danger,1.0000000634348243,0.999999968282589,49.0483425650075,0.9036239346158239,0.06260778389292287,7.343377387779186E-9,WeightCollapse|LowEss|LowEfficiency|ParetoDanger
