"vectorProfile","kind","group","detail","site","count","value"
"vectorProfile","allocation","diagnostics","[D","com.cra.figaro.algorithm.sampling.parallel.McmcDiagnostics$.$anonfun$1:39","45","466936528"
"vectorProfile","allocation","diagnostics","[D","com.cra.figaro.algorithm.sampling.parallel.McmcDiagnostics$.$anonfun$5:63","35","476532432"
"vectorProfile","allocation","diagnostics","[D","com.cra.figaro.algorithm.sampling.parallel.McmcDiagnostics$.$anonfun$6$$anonfun$1:71","72","483620824"
"vectorProfile","allocation","diagnostics","[D","com.cra.figaro.algorithm.sampling.parallel.McmcDiagnostics$.$anonfun$8:74","48","690806488"
"vectorProfile","allocation","diagnostics","[D","com.cra.figaro.algorithm.sampling.parallel.McmcDiagnostics$.autocovariance:223","619","3605763096"
"vectorProfile","allocation","diagnostics","[D","com.cra.figaro.algorithm.sampling.parallel.McmcDiagnostics$.autocovariance:224","693","4466236216"
"vectorProfile","allocation","diagnostics","[D","com.cra.figaro.algorithm.sampling.parallel.McmcDiagnostics$.autocovariance:256","492","2287990000"
"vectorProfile","allocation","diagnostics","[D","com.cra.figaro.algorithm.sampling.parallel.McmcDiagnostics$.ess:270","3","11915256"
"vectorProfile","allocation","diagnostics","[D","com.cra.figaro.algorithm.sampling.parallel.McmcDiagnostics$.rankNormalize$$anonfun$1:202","221","1417282280"
"vectorProfile","allocation","diagnostics","[D","com.cra.figaro.algorithm.sampling.parallel.McmcDiagnostics$.rankNormalize:181","82","608086912"
"vectorProfile","allocation","diagnostics","[D","com.cra.figaro.algorithm.sampling.parallel.McmcDiagnostics$.rankNormalize:183","116","1007197136"
"vectorProfile","allocation","diagnostics","[D","com.cra.figaro.algorithm.sampling.parallel.McmcDiagnostics$.rankNormalize:202","249","1835555008"
"vectorProfile","allocation","diagnostics","[D","com.cra.figaro.algorithm.sampling.parallel.McmcDiagnostics$.rhat:206","1","4189024"
"vectorProfile","allocation","diagnostics","[D","com.cra.figaro.algorithm.sampling.parallel.McmcDiagnostics$.rhat:207","1","1462064"
"vectorProfile","allocation","diagnostics","[D","com.cra.figaro.algorithm.sampling.parallel.McmcDiagnostics$.rho$1:274","58","447729272"
"vectorProfile","allocation","diagnostics","[D","com.cra.figaro.algorithm.sampling.parallel.McmcDiagnostics$.sortedValues:125","67","760159448"
"vectorProfile","allocation","diagnostics","[D","com.cra.figaro.algorithm.sampling.parallel.McmcDiagnostics$.split$$anonfun$1:114","307","1507376984"
"vectorProfile","allocation","diagnostics","[D","com.cra.figaro.algorithm.sampling.parallel.McmcDiagnostics$.summarize:40","39","610861752"
"vectorProfile","allocation","diagnostics","[D","com.cra.figaro.algorithm.sampling.parallel.McmcDiagnostics$.summarize:44","26","248484520"
"vectorProfile","allocation","diagnostics","[D","com.cra.figaro.algorithm.sampling.parallel.McmcDiagnostics$.summarize:69","7","41717832"
"vectorProfile","allocation","diagnostics","[I","com.cra.figaro.algorithm.sampling.parallel.McmcDiagnostics$.rankNormalize:184","34","93078240"
"vectorProfile","allocation","diagnostics","[I","com.cra.figaro.algorithm.sampling.parallel.McmcDiagnostics$.sortedIndices:134","67","354261952"
"vectorProfile","allocation","diagnostics","[I","com.cra.figaro.algorithm.sampling.parallel.McmcDiagnostics$.sortedIndices:135","113","670121784"
"vectorProfile","allocation","diagnostics","[[D","com.cra.figaro.algorithm.sampling.parallel.McmcDiagnostics$.autocovariance:225","59","867087104"
"vectorProfile","allocation","diagnostics","[[D","com.cra.figaro.algorithm.sampling.parallel.McmcDiagnostics$.rankNormalize:202","6","78567480"
"vectorProfile","allocation","diagnostics","[[D","com.cra.figaro.algorithm.sampling.parallel.McmcDiagnostics$.split$$anonfun$1:114","20","271717560"
"vectorProfile","allocation","diagnostics","[[D","com.cra.figaro.algorithm.sampling.parallel.McmcDiagnostics$.split:114","1","215384"
"vectorProfile","allocation","diagnostics","com.cra.figaro.algorithm.sampling.parallel.McmcDiagnostics$$$Lambda$4928","com.cra.figaro.algorithm.sampling.parallel.McmcDiagnostics$.summarize:60","1","1517456"
"vectorProfile","allocation","diagnostics","com.cra.figaro.algorithm.sampling.parallel.McmcDiagnostics$$$Lambda$4944","com.cra.figaro.algorithm.sampling.parallel.McmcDiagnostics$.rho$1:274","6","45323912"
"vectorProfile","allocation","diagnostics","com.cra.figaro.algorithm.sampling.parallel.McmcDiagnostics$$$Lambda$4950","com.cra.figaro.algorithm.sampling.parallel.McmcDiagnostics$.$anonfun$6$$anonfun$1:71","1","908304"
"vectorProfile","allocation","diagnostics","java.lang.Double","com.cra.figaro.algorithm.sampling.parallel.McmcDiagnostics$$$Lambda$4944.apply:-1","149","1016453272"
"vectorProfile","allocation","diagnostics","java.lang.Double","com.cra.figaro.algorithm.sampling.parallel.McmcDiagnostics$.$anonfun$5:63","358","2676003008"
"vectorProfile","allocation","diagnostics","java.lang.Double","com.cra.figaro.algorithm.sampling.parallel.McmcDiagnostics$.$anonfun$6$$anonfun$1:71","780","5131079384"
"vectorProfile","allocation","diagnostics","java.lang.Double","com.cra.figaro.algorithm.sampling.parallel.McmcDiagnostics$.$anonfun$8:74","345","2850721744"
"vectorProfile","allocation","diagnostics","java.lang.Double","com.cra.figaro.algorithm.sampling.parallel.McmcDiagnostics$.average:90","3","12567096"
"vectorProfile","allocation","diagnostics","java.lang.Double","com.cra.figaro.algorithm.sampling.parallel.McmcDiagnostics$.ess:270","3","21729224"
"vectorProfile","allocation","diagnostics","java.lang.Double","com.cra.figaro.algorithm.sampling.parallel.McmcDiagnostics$.rhat:206","2","12795008"
"vectorProfile","allocation","diagnostics","java.lang.Double","com.cra.figaro.algorithm.sampling.parallel.McmcDiagnostics$.rhat:210","1","5519352"
"vectorProfile","allocation","diagnostics","java.lang.Double","com.cra.figaro.algorithm.sampling.parallel.McmcDiagnostics$.rho$1:274","281","2427186040"
"vectorProfile","allocation","diagnostics","java.lang.Double","com.cra.figaro.algorithm.sampling.parallel.McmcDiagnostics$.summarize:43","313","2558494760"
"vectorProfile","allocation","diagnostics","java.lang.Double","com.cra.figaro.algorithm.sampling.parallel.McmcDiagnostics$.summarize:44","349","2810280896"
"vectorProfile","allocation","diagnostics","org.apache.commons.math3.random.RandomDataImpl","com.cra.figaro.algorithm.sampling.parallel.McmcDiagnostics$.rankNormalize:184","1","4065128"
"vectorProfile","allocation","diagnostics","org.apache.commons.math3.random.Well19937c","com.cra.figaro.algorithm.sampling.parallel.McmcDiagnostics$.rankNormalize:184","1","4313104"
"vectorProfile","allocation","diagnostics","scala.collection.IterableOnceOps$$Lambda$4799","com.cra.figaro.algorithm.sampling.parallel.McmcDiagnostics$.rho$1:274","15","162297520"
"vectorProfile","allocation","diagnostics","scala.collection.Iterator$$anon$20","com.cra.figaro.algorithm.sampling.parallel.McmcDiagnostics$.summarize:73","1","2094528"
"vectorProfile","allocation","diagnostics","scala.collection.immutable.ArraySeq$ofRef","com.cra.figaro.algorithm.sampling.parallel.McmcDiagnostics$.split$$anonfun$1:114","3","16810000"
"vectorProfile","allocation","diagnostics","scala.collection.immutable.NewVectorIterator","com.cra.figaro.algorithm.sampling.parallel.McmcDiagnostics$.$anonfun$1:39","4","23363544"
"vectorProfile","allocation","diagnostics","scala.collection.immutable.NewVectorIterator","com.cra.figaro.algorithm.sampling.parallel.McmcDiagnostics$.summarize:64","1","929088"
"vectorProfile","allocation","diagnostics","scala.collection.mutable.ArraySeq$ofDouble","com.cra.figaro.algorithm.sampling.parallel.McmcDiagnostics$.$anonfun$11:181","4","29949584"
"vectorProfile","allocation","diagnostics","scala.collection.mutable.ArraySeq$ofDouble","com.cra.figaro.algorithm.sampling.parallel.McmcDiagnostics$.$anonfun$2:40","2","15783904"
"vectorProfile","allocation","diagnostics","scala.collection.mutable.ArraySeq$ofDouble","com.cra.figaro.algorithm.sampling.parallel.McmcDiagnostics$.rho$1:274","8","112473120"
"vectorProfile","allocation","other","[B","java.lang.StringLatin1.toLowerCase:453","25","1034584"
"vectorProfile","allocation","other","[B","java.util.Arrays.copyOf:3537","3","23489392"
"vectorProfile","allocation","other","[B","java.util.zip.InflaterInputStream.<init>:88","3","1918536"
"vectorProfile","allocation","other","[C","sun.nio.fs.WindowsWatchService$Poller.processEvents:563","1","44440"
"vectorProfile","allocation","other","[I","scala.collection.immutable.Node.removeElement:68","1","33920"
"vectorProfile","allocation","other","[Ljava.lang.Object;","java.lang.Throwable.fillInStackTrace:-1","1","175072"
"vectorProfile","allocation","other","[Ljava.lang.Object;","javax.management.openmbean.CompositeDataSupport.getAll:291","1","24912"
"vectorProfile","allocation","other","[Ljava.lang.Object;","scala.collection.immutable.Vector3.map:2248","14","42818440"
"vectorProfile","allocation","other","[Ljava.lang.Object;","scala.collection.immutable.VectorStatics$.mapElems:2248","5","21782912"
"vectorProfile","allocation","other","[Ljava.lang.Object;","scala.collection.immutable.VectorStatics$.mapElemsRest:2248","9","38741896"
"vectorProfile","allocation","other","[Ljava.lang.Object;","sun.management.MappedMXBeanType$MapMXBeanType.toOpenTypeData:550","1","4144"
"vectorProfile","allocation","other","[Ljava.lang.Object;","sun.management.MemoryUsageCompositeData.getCompositeData:59","9","277408"
"vectorProfile","allocation","other","[Ljava.security.ProtectionDomain;","java.security.AccessControlContext.combine:716","2","11006616"
"vectorProfile","allocation","other","[Ljava.util.HashMap$Node;","java.util.HashMap.resize:702","3","151336"
"vectorProfile","allocation","other","[Ljava.util.concurrent.LinkedBlockingQueue$Node;","java.util.concurrent.LinkedBlockingQueue.bulkRemove:1071","3","77272"
"vectorProfile","allocation","other","[S","java.lang.Throwable.fillInStackTrace:-1","1","1432"
"vectorProfile","allocation","other","com.cra.figaro.example.VectorSamplingPerformance$$$Lambda$4969","java.lang.invoke.DirectMethodHandle.allocateInstance:520","14","153431792"
"vectorProfile","allocation","other","java.lang.Double","java.lang.Double.valueOf:632","120","690153440"
"vectorProfile","allocation","other","java.lang.Long","java.lang.Long.valueOf:1211","27","1392304"
"vectorProfile","allocation","other","java.lang.String","java.lang.StringLatin1.replace:322","1","1268488"
"vectorProfile","allocation","other","java.lang.String","java.lang.StringLatin1.toLowerCase:464","4","142960"
"vectorProfile","allocation","other","java.lang.reflect.Field","java.lang.reflect.Field.copy:155","5","120888"
"vectorProfile","allocation","other","java.util.Arrays$ArrayItr","java.util.Arrays$ArrayList.iterator:4224","4","78688"
"vectorProfile","allocation","other","java.util.Arrays$ArrayList","java.util.Arrays.asList:4122","10","264600"
"vectorProfile","allocation","other","java.util.Collections$UnmodifiableCollection$1","java.util.Collections$UnmodifiableCollection.iterator:1050","5","102048"
"vectorProfile","allocation","other","java.util.Collections$UnmodifiableMap","java.util.Collections.unmodifiableMap:1479","3","172536"
"vectorProfile","allocation","other","java.util.Collections$UnmodifiableMap$UnmodifiableEntrySet$UnmodifiableEntry","java.util.Collections$UnmodifiableMap$UnmodifiableEntrySet$1.next:1711","11","388496"
"vectorProfile","allocation","other","java.util.Collections$UnmodifiableRandomAccessList","java.util.Collections.unmodifiableList:1324","1","19344"
"vectorProfile","allocation","other","java.util.HashMap","java.util.HashSet.<init>:107","2","34309256"
"vectorProfile","allocation","other","java.util.HashMap$KeyIterator","java.util.HashMap$KeySet.iterator:983","1","600"
"vectorProfile","allocation","other","java.util.LinkedHashMap$Entry","java.util.LinkedHashMap.newNode:257","4","240600"
"vectorProfile","allocation","other","java.util.TreeMap","javax.management.openmbean.CompositeDataSupport.makeMap:136","22","721064"
"vectorProfile","allocation","other","java.util.TreeMap$Entry","java.util.TreeMap.addEntry:765","45","1521640"
"vectorProfile","allocation","other","java.util.TreeMap$Entry","java.util.TreeMap.addEntryToEmptyMap:777","15","353960"
"vectorProfile","allocation","other","java.util.TreeMap$KeyIterator","java.util.TreeMap.keyIterator:1385","58","1428560"
"vectorProfile","allocation","other","java.util.TreeMap$KeySet","java.util.TreeMap.navigableKeySet:1102","4","101600"
"vectorProfile","allocation","other","java.util.concurrent.CopyOnWriteArrayList$COWIterator","java.util.concurrent.CopyOnWriteArrayList.iterator:1024","6","1800"
"vectorProfile","allocation","other","java.util.concurrent.LinkedBlockingQueue$Itr","java.util.concurrent.LinkedBlockingQueue.iterator:759","5","69896"
"vectorProfile","allocation","other","java.util.concurrent.locks.AbstractQueuedSynchronizer$ConditionNode","java.util.concurrent.locks.AbstractQueuedSynchronizer$ConditionObject.await:1610","18","1597314496"
"vectorProfile","allocation","other","java.util.concurrent.locks.AbstractQueuedSynchronizer$ConditionObject","java.util.concurrent.locks.ReentrantLock$Sync.newCondition:190","2","83616272"
"vectorProfile","allocation","other","java.util.concurrent.locks.AbstractQueuedSynchronizer$ExclusiveNode","java.util.concurrent.locks.AbstractQueuedSynchronizer.tryInitializeHead:567","1","28613000"
"vectorProfile","allocation","other","java.util.stream.ReferencePipeline$Head","java.util.stream.StreamSupport.stream:69","3","12475304"
"vectorProfile","allocation","other","java.util.zip.ZipFile$ZipFileInputStream","java.util.zip.ZipFile.getInputStream:369","1","795504"
"vectorProfile","allocation","other","javax.management.Notification","com.sun.management.internal.GarbageCollectorExtImpl.createGCNotification:101","35","1177696"
"vectorProfile","allocation","other","javax.management.openmbean.CompositeDataSupport","sun.management.MappedMXBeanType$MapMXBeanType.toOpenTypeData:550","12","174384"
"vectorProfile","allocation","other","javax.management.openmbean.CompositeDataSupport","sun.management.MemoryUsageCompositeData.getCompositeData:67","1","26624"
"vectorProfile","allocation","other","sbt.internal.TaskProgress$$Lambda$3694","java.lang.invoke.DirectMethodHandle.allocateInstance:520","10","26840"
"vectorProfile","allocation","other","sbt.internal.classpath.ClassLoaderCache$$Lambda$712","java.lang.invoke.DirectMethodHandle.allocateInstance:520","2","43424"
"vectorProfile","allocation","other","scala.Some","scala.Some$.apply:619","4","133968"
"vectorProfile","allocation","other","scala.Tuple2","scala.Tuple2$.apply:24","1","40632"
"vectorProfile","allocation","other","scala.collection.StrictOptimizedLinearSeqOps$$anon$1","scala.collection.StrictOptimizedLinearSeqOps.iterator:267","1","4544"
"vectorProfile","allocation","other","scala.collection.immutable.BitmapIndexedMapNode","scala.collection.immutable.BitmapIndexedMapNode.copyAndInsertValue:1005","4","98520"
"vectorProfile","allocation","other","scala.collection.immutable.BitmapIndexedSetNode","scala.collection.immutable.BitmapIndexedSetNode.mergeTwoKeyValPairs:755","2","77240"
"vectorProfile","allocation","other","scala.collection.immutable.HashSetBuilder","scala.collection.immutable.SetBuilderImpl.addOne:392","1","16616"
"vectorProfile","allocation","other","scala.collection.immutable.SetHashIterator","scala.collection.immutable.HashSet.hashCode:215","1","5240"
"vectorProfile","allocation","other","scala.collection.immutable.VectorBuilder","sbt.internal.AbstractTaskExecuteProgress.timings:52","9","963496"
"vectorProfile","allocation","other","scala.collection.mutable.HashMap","scala.collection.mutable.HashMap$$anon$6.<init>:615","3","47424"
"vectorProfile","allocation","other","scala.concurrent.duration.FiniteDuration","scala.concurrent.duration.Duration$.apply:35","6","426328"
"vectorProfile","allocation","other","scala.concurrent.duration.FiniteDuration","scala.concurrent.duration.FiniteDuration.add:569","1","146448"
"vectorProfile","allocation","other","scala.concurrent.duration.package$DurationInt","sbt.internal.GCMonitor.window:54","5","87120"
"vectorProfile","allocation","other","scala.runtime.BooleanRef","scala.runtime.BooleanRef.create:22","4","189035376"
"vectorProfile","allocation","other","scala.runtime.RichLong","scala.concurrent.duration.FiniteDuration.compare:556","5","161680"
"vectorProfile","allocation","sampling","[B","com.cra.figaro.algorithm.sampling.VectorSliceSampler$.polar:156","1","624000"
"vectorProfile","allocation","sampling","[Ljava.lang.Object;","com.cra.figaro.algorithm.sampling.VectorSliceSampler$.accepted$1:172","109","2491508648"
"vectorProfile","allocation","sampling","[Ljava.lang.Object;","com.cra.figaro.algorithm.sampling.VectorSliceSampler$.angular$1:179","111","2410589312"
"vectorProfile","allocation","sampling","[Ljava.lang.Object;","com.cra.figaro.algorithm.sampling.VectorSliceSampler$.dot$1:147","63","1066826496"
"vectorProfile","allocation","sampling","[Ljava.lang.Object;","com.cra.figaro.algorithm.sampling.VectorSliceSampler$.evaluate$1:86","800","18618288448"
"vectorProfile","allocation","sampling","[Ljava.lang.Object;","com.cra.figaro.algorithm.sampling.VectorSliceSampler$.polar:146","13","104860520"
"vectorProfile","allocation","sampling","[Ljava.lang.Object;","com.cra.figaro.algorithm.sampling.VectorSliceSampler$.polar:152","7","215292408"
"vectorProfile","allocation","sampling","[Ljava.lang.Object;","com.cra.figaro.algorithm.sampling.VectorSliceSampler$.polar:154","21","476024328"
"vectorProfile","allocation","sampling","[Ljava.lang.Object;","com.cra.figaro.algorithm.sampling.VectorSliceSampler$.polar:156","23","251553032"
"vectorProfile","allocation","sampling","[Ljava.lang.Object;","com.cra.figaro.algorithm.sampling.VectorSliceSampler$.polar:158","8","73317560"
"vectorProfile","allocation","sampling","[Ljava.lang.Object;","com.cra.figaro.algorithm.sampling.VectorSliceSampler$.polar:198","9","56265784"
"vectorProfile","allocation","sampling","[Ljava.lang.Object;","com.cra.figaro.algorithm.sampling.VectorSliceSampler$.quantile$$anonfun$1:130","733","14675895704"
"vectorProfile","allocation","sampling","com.cra.figaro.algorithm.sampling.VectorSliceSampler$$$Lambda$4843","com.cra.figaro.algorithm.sampling.VectorSliceSampler$.run:98","10","86702880"
"vectorProfile","allocation","sampling","com.cra.figaro.algorithm.sampling.VectorSliceSampler$$$Lambda$4848","com.cra.figaro.algorithm.sampling.VectorSliceSampler$.polar:146","1","624368"
"vectorProfile","allocation","sampling","com.cra.figaro.algorithm.sampling.VectorSliceSampler$$$Lambda$4850","com.cra.figaro.algorithm.sampling.VectorSliceSampler$.polar:152","1","517856"
"vectorProfile","allocation","sampling","com.cra.figaro.algorithm.sampling.VectorSliceSampler$$$Lambda$4856","com.cra.figaro.algorithm.sampling.VectorSliceSampler$.polar:156","1","1472"
"vectorProfile","allocation","sampling","com.cra.figaro.algorithm.sampling.VectorSliceSampler$$$Lambda$4857","com.cra.figaro.algorithm.sampling.VectorSliceSampler$.polar:158","1","12576048"
"vectorProfile","allocation","sampling","com.cra.figaro.algorithm.sampling.VectorSliceSampler$$$Lambda$4875","com.cra.figaro.algorithm.sampling.VectorSliceSampler$.polar:198","3","12353536"
"vectorProfile","allocation","sampling","com.cra.figaro.algorithm.sampling.VectorSliceSampler$$$Lambda$4992","com.cra.figaro.algorithm.sampling.VectorSliceSampler$.run:99","7","32559568"
"vectorProfile","allocation","sampling","com.cra.figaro.example.VectorSamplingPerformance$$$Lambda$5018","com.cra.figaro.algorithm.sampling.VectorSliceSampler$.evaluate$1:86","50","212575368"
"vectorProfile","allocation","sampling","java.lang.Double","com.cra.figaro.algorithm.sampling.VectorSliceSampler$$$Lambda$4843.apply:-1","12","44170120"
"vectorProfile","allocation","sampling","java.lang.Double","com.cra.figaro.algorithm.sampling.VectorSliceSampler$$$Lambda$4852.apply:-1","86","833747520"
"vectorProfile","allocation","sampling","java.lang.Double","com.cra.figaro.algorithm.sampling.VectorSliceSampler$$$Lambda$4853.apply:-1","46","494156232"
"vectorProfile","allocation","sampling","java.lang.Double","com.cra.figaro.algorithm.sampling.VectorSliceSampler$$$Lambda$4856.apply:-1","47","872750496"
"vectorProfile","allocation","sampling","java.lang.Double","com.cra.figaro.algorithm.sampling.VectorSliceSampler$$$Lambda$4863.apply:-1","215","4338911000"
"vectorProfile","allocation","sampling","java.lang.Double","com.cra.figaro.algorithm.sampling.VectorSliceSampler$$$Lambda$4992.apply:-1","1","6600560"
"vectorProfile","allocation","sampling","java.lang.Double","com.cra.figaro.algorithm.sampling.VectorSliceSampler$.accepted$1:172","502","9578511080"
"vectorProfile","allocation","sampling","java.lang.Double","com.cra.figaro.algorithm.sampling.VectorSliceSampler$.dot$1:147","99","1237398744"
"vectorProfile","allocation","sampling","java.lang.Double","com.cra.figaro.algorithm.sampling.VectorSliceSampler$.evaluate$1:86","10678","248640730336"
"vectorProfile","allocation","sampling","java.lang.Double","com.cra.figaro.algorithm.sampling.VectorSliceSampler$.norm:56","99","1261813960"
"vectorProfile","allocation","sampling","java.lang.Double","com.cra.figaro.algorithm.sampling.VectorSliceSampler$.polar:146","54","742686608"
"vectorProfile","allocation","sampling","java.lang.Double","com.cra.figaro.algorithm.sampling.VectorSliceSampler$.polar:152","46","698751040"
"vectorProfile","allocation","sampling","java.lang.Double","com.cra.figaro.algorithm.sampling.VectorSliceSampler$.polar:158","52","815944424"
"vectorProfile","allocation","sampling","java.lang.Double","com.cra.figaro.algorithm.sampling.VectorSliceSampler$.polar:198","45","525454552"
"vectorProfile","allocation","sampling","java.lang.Double","com.cra.figaro.algorithm.sampling.VectorSliceSampler$.quantile$$anonfun$1:130","174","3675412144"
"vectorProfile","allocation","sampling","scala.Tuple2","com.cra.figaro.algorithm.sampling.VectorSliceSampler$.angular$1:179","206","4526491760"
"vectorProfile","allocation","sampling","scala.Tuple2","com.cra.figaro.algorithm.sampling.VectorSliceSampler$.dot$1:147","97","1591596104"
"vectorProfile","allocation","sampling","scala.Tuple2","com.cra.figaro.algorithm.sampling.VectorSliceSampler$.polar:154","66","1144135816"
"vectorProfile","allocation","sampling","scala.Tuple2","com.cra.figaro.algorithm.sampling.VectorSliceSampler$.polar:156","46","674842488"
"vectorProfile","allocation","sampling","scala.collection.IterableOnceOps$$Lambda$4799","com.cra.figaro.algorithm.sampling.VectorSliceSampler$.dot$1:147","3","8730072"
"vectorProfile","allocation","sampling","scala.collection.IterableOnceOps$$Lambda$4799","com.cra.figaro.algorithm.sampling.VectorSliceSampler$.evaluate$1:86","161","4742227912"
"vectorProfile","allocation","sampling","scala.collection.immutable.NewVectorIterator","com.cra.figaro.algorithm.sampling.VectorSliceSampler$.angular$1:179","61","990727904"
"vectorProfile","allocation","sampling","scala.collection.immutable.NewVectorIterator","com.cra.figaro.algorithm.sampling.VectorSliceSampler$.dot$1:147","30","859599592"
"vectorProfile","allocation","sampling","scala.collection.immutable.NewVectorIterator","com.cra.figaro.algorithm.sampling.VectorSliceSampler$.evaluate$1:84","821","16499278536"
"vectorProfile","allocation","sampling","scala.collection.immutable.NewVectorIterator","com.cra.figaro.algorithm.sampling.VectorSliceSampler$.evaluate$1:86","183","3727118504"
"vectorProfile","allocation","sampling","scala.collection.immutable.NewVectorIterator","com.cra.figaro.algorithm.sampling.VectorSliceSampler$.polar:154","13","115682648"
"vectorProfile","allocation","sampling","scala.collection.immutable.NewVectorIterator","com.cra.figaro.algorithm.sampling.VectorSliceSampler$.polar:156","3","16149264"
"vectorProfile","allocation","sampling","scala.collection.immutable.Vector1","com.cra.figaro.algorithm.sampling.VectorSliceSampler$.accepted$1:172","24","342421592"
"vectorProfile","allocation","sampling","scala.collection.immutable.Vector1","com.cra.figaro.algorithm.sampling.VectorSliceSampler$.angular$1:179","10","136757592"
"vectorProfile","allocation","sampling","scala.collection.immutable.Vector1","com.cra.figaro.algorithm.sampling.VectorSliceSampler$.dot$1:147","8","117125920"
"vectorProfile","allocation","sampling","scala.collection.immutable.Vector1","com.cra.figaro.algorithm.sampling.VectorSliceSampler$.evaluate$1:86","113","1601303648"
"vectorProfile","allocation","sampling","scala.collection.immutable.Vector1","com.cra.figaro.algorithm.sampling.VectorSliceSampler$.polar:146","1","29347736"
"vectorProfile","allocation","sampling","scala.collection.immutable.Vector1","com.cra.figaro.algorithm.sampling.VectorSliceSampler$.polar:152","1","6289064"
"vectorProfile","allocation","sampling","scala.collection.immutable.Vector1","com.cra.figaro.algorithm.sampling.VectorSliceSampler$.polar:154","4","32795312"
"vectorProfile","allocation","sampling","scala.collection.immutable.Vector1","com.cra.figaro.algorithm.sampling.VectorSliceSampler$.polar:156","6","91875184"
"vectorProfile","allocation","sampling","scala.collection.immutable.Vector1","com.cra.figaro.algorithm.sampling.VectorSliceSampler$.polar:158","2","10479608"
"vectorProfile","allocation","sampling","scala.collection.immutable.Vector1","com.cra.figaro.algorithm.sampling.VectorSliceSampler$.polar:198","1","2097448"
"vectorProfile","allocation","sampling","scala.collection.immutable.Vector1","com.cra.figaro.algorithm.sampling.VectorSliceSampler$.quantile$$anonfun$1:130","98","3266568256"
"vectorProfile","allocation","sampling","scala.collection.immutable.VectorBuilder","com.cra.figaro.algorithm.sampling.VectorSliceSampler$.angular$1:179","30","439961496"
"vectorProfile","allocation","sampling","scala.collection.immutable.VectorBuilder","com.cra.figaro.algorithm.sampling.VectorSliceSampler$.dot$1:147","12","106901888"
"vectorProfile","allocation","sampling","scala.collection.immutable.VectorBuilder","com.cra.figaro.algorithm.sampling.VectorSliceSampler$.polar:154","4","25332728"
"vectorProfile","allocation","sampling","scala.collection.immutable.VectorBuilder","com.cra.figaro.algorithm.sampling.VectorSliceSampler$.polar:156","2","21378208"
"vectorProfile","allocation","sampling","scala.runtime.DoubleRef","com.cra.figaro.algorithm.sampling.VectorSliceSampler$.evaluate$1:86","58","294461440"
"vectorProfile","allocation","sampling","scala.runtime.DoubleRef","com.cra.figaro.algorithm.sampling.VectorSliceSampler$.polar:177","2","25149664"
"vectorProfile","allocation","sampling","scala.runtime.DoubleRef","com.cra.figaro.algorithm.sampling.VectorSliceSampler$.polar:191","1","16625200"
"vectorProfile","allocation","sampling","scala.runtime.IntRef","com.cra.figaro.algorithm.sampling.VectorSliceSampler$.polar:166","1","2094520"
"vectorProfile","allocation","sampling","scala.runtime.ObjectRef","com.cra.figaro.algorithm.sampling.VectorSliceSampler$.polar:148","1","6287072"
"vectorProfile","allocation","sampling","scala.runtime.ObjectRef","com.cra.figaro.algorithm.sampling.VectorSliceSampler$.quantile:116","3","29376720"
"vectorProfile","allocation","unknown","[Ljava.lang.management.MemoryUsage;","unknown","31","2295192"
"vectorProfile","allocation","unknown","java.lang.Class","unknown","1","2856"
"vectorProfile","allocation","unknown","java.lang.String","unknown","1","5744"
"vectorProfile","execution","diagnostics","com.cra.figaro.algorithm.sampling.parallel.McmcDiagnostics$$$Lambda$4898.apply","com.cra.figaro.algorithm.sampling.parallel.McmcDiagnostics$$$Lambda$4898.apply:-1","1","1"
"vectorProfile","execution","diagnostics","com.cra.figaro.algorithm.sampling.parallel.McmcDiagnostics$.$anonfun$8","com.cra.figaro.algorithm.sampling.parallel.McmcDiagnostics$.$anonfun$8:74","1","1"
"vectorProfile","execution","diagnostics","com.cra.figaro.algorithm.sampling.parallel.McmcDiagnostics$.autocovariance","com.cra.figaro.algorithm.sampling.parallel.McmcDiagnostics$.autocovariance:225","38","38"
"vectorProfile","execution","diagnostics","com.cra.figaro.algorithm.sampling.parallel.McmcDiagnostics$.autocovariance","com.cra.figaro.algorithm.sampling.parallel.McmcDiagnostics$.autocovariance:233","4","4"
"vectorProfile","execution","diagnostics","com.cra.figaro.algorithm.sampling.parallel.McmcDiagnostics$.autocovariance","com.cra.figaro.algorithm.sampling.parallel.McmcDiagnostics$.autocovariance:261","9","9"
"vectorProfile","execution","diagnostics","com.cra.figaro.algorithm.sampling.parallel.McmcDiagnostics$.average","com.cra.figaro.algorithm.sampling.parallel.McmcDiagnostics$.average:96","39","39"
"vectorProfile","execution","diagnostics","com.cra.figaro.algorithm.sampling.parallel.McmcDiagnostics$.ess","com.cra.figaro.algorithm.sampling.parallel.McmcDiagnostics$.ess:284","1","1"
"vectorProfile","execution","diagnostics","com.cra.figaro.algorithm.sampling.parallel.McmcDiagnostics$.interrupted","com.cra.figaro.algorithm.sampling.parallel.McmcDiagnostics$.interrupted:10","669","669"
"vectorProfile","execution","diagnostics","com.cra.figaro.algorithm.sampling.parallel.McmcDiagnostics$.rankNormalize","com.cra.figaro.algorithm.sampling.parallel.McmcDiagnostics$.rankNormalize:187","1","1"
"vectorProfile","execution","diagnostics","com.cra.figaro.algorithm.sampling.parallel.McmcDiagnostics$.rankNormalize","com.cra.figaro.algorithm.sampling.parallel.McmcDiagnostics$.rankNormalize:198","18","18"
"vectorProfile","execution","diagnostics","com.cra.figaro.algorithm.sampling.parallel.McmcDiagnostics$.rankNormalize$$anonfun$1","com.cra.figaro.algorithm.sampling.parallel.McmcDiagnostics$.rankNormalize$$anonfun$1:202","21","21"
"vectorProfile","execution","diagnostics","com.cra.figaro.algorithm.sampling.parallel.McmcDiagnostics$.sortedIndices","com.cra.figaro.algorithm.sampling.parallel.McmcDiagnostics$.sortedIndices:152","2","2"
"vectorProfile","execution","diagnostics","com.cra.figaro.algorithm.sampling.parallel.McmcDiagnostics$.sortedIndices","com.cra.figaro.algorithm.sampling.parallel.McmcDiagnostics$.sortedIndices:156","1","1"
"vectorProfile","execution","diagnostics","com.cra.figaro.algorithm.sampling.parallel.McmcDiagnostics$.sortedIndices","com.cra.figaro.algorithm.sampling.parallel.McmcDiagnostics$.sortedIndices:159","5","5"
"vectorProfile","execution","diagnostics","com.cra.figaro.algorithm.sampling.parallel.McmcDiagnostics$.sortedIndices","com.cra.figaro.algorithm.sampling.parallel.McmcDiagnostics$.sortedIndices:166","43","43"
"vectorProfile","execution","diagnostics","com.cra.figaro.algorithm.sampling.parallel.McmcDiagnostics$.sortedIndices","com.cra.figaro.algorithm.sampling.parallel.McmcDiagnostics$.sortedIndices:168","12","12"
"vectorProfile","execution","diagnostics","com.cra.figaro.algorithm.sampling.parallel.McmcDiagnostics$.summarize","com.cra.figaro.algorithm.sampling.parallel.McmcDiagnostics$.summarize:38","1","1"
"vectorProfile","execution","diagnostics","java.lang.ClassValue$ClassValueMap.removeEntry","com.cra.figaro.algorithm.sampling.parallel.McmcDiagnostics$.split:114","1","1"
"vectorProfile","execution","diagnostics","java.lang.ClassValue.getFromBackup","com.cra.figaro.algorithm.sampling.parallel.McmcDiagnostics$.autocovariance:225","1","1"
"vectorProfile","execution","diagnostics","java.lang.Double.isFinite","com.cra.figaro.algorithm.sampling.parallel.McmcDiagnostics$.autocovariance:240","32","32"
"vectorProfile","execution","diagnostics","java.lang.Double.valueOf","com.cra.figaro.algorithm.sampling.parallel.McmcDiagnostics$$$Lambda$4944.apply:-1","10","10"
"vectorProfile","execution","diagnostics","java.lang.Double.valueOf","com.cra.figaro.algorithm.sampling.parallel.McmcDiagnostics$.$anonfun$5:63","2","2"
"vectorProfile","execution","diagnostics","java.lang.Double.valueOf","com.cra.figaro.algorithm.sampling.parallel.McmcDiagnostics$.$anonfun$6$$anonfun$1:71","2","2"
"vectorProfile","execution","diagnostics","java.lang.Double.valueOf","com.cra.figaro.algorithm.sampling.parallel.McmcDiagnostics$.summarize:44","1","1"
"vectorProfile","execution","diagnostics","java.lang.invoke.Invokers$Holder.linkToTargetMethod","com.cra.figaro.algorithm.sampling.parallel.McmcDiagnostics$.$anonfun$6:71","1","1"
"vectorProfile","execution","diagnostics","java.util.DualPivotQuicksort.insertionSort","com.cra.figaro.algorithm.sampling.parallel.McmcDiagnostics$.sortedValues:126","1","1"
"vectorProfile","execution","diagnostics","java.util.DualPivotQuicksort.mixedInsertionSort","com.cra.figaro.algorithm.sampling.parallel.McmcDiagnostics$.sortedValues:126","137","137"
"vectorProfile","execution","diagnostics","java.util.DualPivotQuicksort.sort","com.cra.figaro.algorithm.sampling.parallel.McmcDiagnostics$.sortedValues:126","187","187"
"vectorProfile","execution","diagnostics","org.apache.commons.math3.distribution.NormalDistribution.inverseCumulativeProbability","com.cra.figaro.algorithm.sampling.parallel.McmcDiagnostics$.rankNormalize:194","15","15"
"vectorProfile","execution","diagnostics","org.apache.commons.math3.random.AbstractWell.<init>","com.cra.figaro.algorithm.sampling.parallel.McmcDiagnostics$.rankNormalize:184","9","9"
"vectorProfile","execution","diagnostics","org.apache.commons.math3.special.Erf.erfInv","com.cra.figaro.algorithm.sampling.parallel.McmcDiagnostics$.rankNormalize:194","196","196"
"vectorProfile","execution","diagnostics","org.apache.commons.math3.transform.FastFourierTransformer.bitReversalShuffle2","com.cra.figaro.algorithm.sampling.parallel.McmcDiagnostics$.autocovariance:233","38","38"
"vectorProfile","execution","diagnostics","org.apache.commons.math3.transform.FastFourierTransformer.bitReversalShuffle2","com.cra.figaro.algorithm.sampling.parallel.McmcDiagnostics$.autocovariance:254","46","46"
"vectorProfile","execution","diagnostics","org.apache.commons.math3.transform.FastFourierTransformer.normalizeTransformedData","com.cra.figaro.algorithm.sampling.parallel.McmcDiagnostics$.autocovariance:254","6","6"
"vectorProfile","execution","diagnostics","org.apache.commons.math3.transform.FastFourierTransformer.transformInPlace","com.cra.figaro.algorithm.sampling.parallel.McmcDiagnostics$.autocovariance:233","281","281"
"vectorProfile","execution","diagnostics","org.apache.commons.math3.transform.FastFourierTransformer.transformInPlace","com.cra.figaro.algorithm.sampling.parallel.McmcDiagnostics$.autocovariance:254","297","297"
"vectorProfile","execution","diagnostics","org.apache.commons.math3.util.FastMath.log","com.cra.figaro.algorithm.sampling.parallel.McmcDiagnostics$.rankNormalize:194","36","36"
"vectorProfile","execution","diagnostics","scala.Array$.copy","com.cra.figaro.algorithm.sampling.parallel.McmcDiagnostics$.$anonfun$1:39","1","1"
"vectorProfile","execution","diagnostics","scala.Array$.slowcopy","com.cra.figaro.algorithm.sampling.parallel.McmcDiagnostics$.$anonfun$1:39","4","4"
"vectorProfile","execution","diagnostics","scala.Option.exists","com.cra.figaro.algorithm.sampling.parallel.McmcDiagnostics$.summarize:77","1","1"
"vectorProfile","execution","diagnostics","scala.collection.AbstractIterator.toArray","com.cra.figaro.algorithm.sampling.parallel.McmcDiagnostics$.rankNormalize:202","1","1"
"vectorProfile","execution","diagnostics","scala.collection.ArrayOps$.flatMap$extension","com.cra.figaro.algorithm.sampling.parallel.McmcDiagnostics$.split:114","1","1"
"vectorProfile","execution","diagnostics","scala.collection.ArrayOps$.iterator$extension","com.cra.figaro.algorithm.sampling.parallel.McmcDiagnostics$.summarize:43","1","1"
"vectorProfile","execution","diagnostics","scala.collection.ArrayOps$.map$extension","com.cra.figaro.algorithm.sampling.parallel.McmcDiagnostics$.$anonfun$5:63","9","9"
"vectorProfile","execution","diagnostics","scala.collection.ArrayOps$.map$extension","com.cra.figaro.algorithm.sampling.parallel.McmcDiagnostics$.$anonfun$6$$anonfun$1:71","19","19"
"vectorProfile","execution","diagnostics","scala.collection.ArrayOps$.map$extension","com.cra.figaro.algorithm.sampling.parallel.McmcDiagnostics$.$anonfun$8:74","17","17"
"vectorProfile","execution","diagnostics","scala.collection.ArrayOps$.map$extension","com.cra.figaro.algorithm.sampling.parallel.McmcDiagnostics$.rho$1:274","4","4"
"vectorProfile","execution","diagnostics","scala.collection.ArrayOps$.map$extension","com.cra.figaro.algorithm.sampling.parallel.McmcDiagnostics$.summarize:44","12","12"
"vectorProfile","execution","diagnostics","scala.collection.IterableOnceOps.forall","com.cra.figaro.algorithm.sampling.parallel.McmcDiagnostics$.summarize$$anonfun$4:38","9","9"
"vectorProfile","execution","diagnostics","scala.collection.IterableOnceOps.reduceLeft$","com.cra.figaro.algorithm.sampling.parallel.McmcDiagnostics$.rho$1:274","5","5"
"vectorProfile","execution","diagnostics","scala.collection.IterableOnceOps.reduceLeft$","com.cra.figaro.algorithm.sampling.parallel.McmcDiagnostics$.summarize:43","1","1"
"vectorProfile","execution","diagnostics","scala.collection.IterableOnceOps.sum$$anonfun$2","com.cra.figaro.algorithm.sampling.parallel.McmcDiagnostics$.rho$1:274","5","5"
"vectorProfile","execution","diagnostics","scala.collection.Iterator$$anon$19.next","com.cra.figaro.algorithm.sampling.parallel.McmcDiagnostics$.summarize$$anonfun$4:38","1","1"
"vectorProfile","execution","diagnostics","scala.collection.immutable.Vector1.map","com.cra.figaro.algorithm.sampling.parallel.McmcDiagnostics$.summarize:69","1","1"
"vectorProfile","execution","diagnostics","scala.collection.mutable.ArrayBuilder.addAll","com.cra.figaro.algorithm.sampling.parallel.McmcDiagnostics$.rankNormalize:181","6","6"
"vectorProfile","execution","diagnostics","scala.collection.mutable.ArrayBuilder.addAll","com.cra.figaro.algorithm.sampling.parallel.McmcDiagnostics$.summarize:40","2","2"
"vectorProfile","execution","diagnostics","scala.reflect.ClassTag$.apply","com.cra.figaro.algorithm.sampling.parallel.McmcDiagnostics$.rankNormalize$$anonfun$1:202","3","3"
"vectorProfile","execution","diagnostics","scala.reflect.ClassTag$.apply","com.cra.figaro.algorithm.sampling.parallel.McmcDiagnostics$.rho$1:274","3","3"
"vectorProfile","execution","diagnostics","scala.reflect.ClassTag$.apply","com.cra.figaro.algorithm.sampling.parallel.McmcDiagnostics$.split$$anonfun$1:114","3","3"
"vectorProfile","execution","diagnostics","scala.reflect.ManifestFactory$DoubleManifest.newArray","com.cra.figaro.algorithm.sampling.parallel.McmcDiagnostics$.$anonfun$1:39","2","2"
"vectorProfile","execution","diagnostics","scala.runtime.java8.JFunction1$mcDD$sp.apply","com.cra.figaro.algorithm.sampling.parallel.McmcDiagnostics$.$anonfun$5:63","9","9"
"vectorProfile","execution","diagnostics","scala.runtime.java8.JFunction1$mcDD$sp.apply","com.cra.figaro.algorithm.sampling.parallel.McmcDiagnostics$.$anonfun$6$$anonfun$1:71","16","16"
"vectorProfile","execution","diagnostics","scala.runtime.java8.JFunction1$mcDD$sp.apply","com.cra.figaro.algorithm.sampling.parallel.McmcDiagnostics$.$anonfun$8:74","10","10"
"vectorProfile","execution","diagnostics","scala.runtime.java8.JFunction1$mcDD$sp.apply","com.cra.figaro.algorithm.sampling.parallel.McmcDiagnostics$.summarize:44","8","8"
"vectorProfile","execution","diagnostics","scala.runtime.java8.JFunction1$mcZD$sp.apply","com.cra.figaro.algorithm.sampling.parallel.McmcDiagnostics$.summarize$$anonfun$4:38","1","1"
"vectorProfile","execution","other","com.cra.figaro.example.VectorSamplingPerformance$.main$$anonfun$1$$anonfun$1$$anonfun$1$$anonfun$1$$anonfun$1","com.cra.figaro.example.VectorSamplingPerformance$.main$$anonfun$1$$anonfun$1$$anonfun$1$$anonfun$1$$anonfun$1:111","1","1"
"vectorProfile","execution","other","com.sun.management.internal.GcInfoCompositeData$1.<init>","com.sun.management.internal.GcInfoCompositeData$1.<init>:72","1","1"
"vectorProfile","execution","other","java.lang.Double.valueOf","java.lang.Double.valueOf:632","11","11"
"vectorProfile","execution","other","java.lang.invoke.DirectMethodHandle$Holder.newInvokeSpecial","java.lang.invoke.DirectMethodHandle$Holder.newInvokeSpecial:-1","1","1"
"vectorProfile","execution","other","java.lang.invoke.DirectMethodHandle.allocateInstance","java.lang.invoke.DirectMethodHandle.allocateInstance:520","1","1"
"vectorProfile","execution","other","java.util.Objects.requireNonNull","java.util.Objects.requireNonNull:208","1","1"
"vectorProfile","execution","other","java.util.concurrent.ScheduledThreadPoolExecutor.canRunInCurrentRunState","java.util.concurrent.ScheduledThreadPoolExecutor.canRunInCurrentRunState:324","1","1"
"vectorProfile","execution","other","java.util.concurrent.SynchronousQueue$TransferStack$SNode.casNext","java.util.concurrent.SynchronousQueue$TransferStack$SNode.casNext:246","1","1"
"vectorProfile","execution","other","java.util.concurrent.ThreadPoolExecutor.runWorker","java.util.concurrent.ThreadPoolExecutor.runWorker:1122","1","1"
"vectorProfile","execution","other","java.util.concurrent.ThreadPoolExecutor.runWorker","java.util.concurrent.ThreadPoolExecutor.runWorker:1128","2","2"
"vectorProfile","execution","other","java.util.concurrent.ThreadPoolExecutor.runWorker","java.util.concurrent.ThreadPoolExecutor.runWorker:1129","2","2"
"vectorProfile","execution","other","java.util.concurrent.locks.AbstractQueuedSynchronizer$ConditionObject.awaitNanos","java.util.concurrent.locks.AbstractQueuedSynchronizer$ConditionObject.awaitNanos:1667","3","3"
"vectorProfile","execution","other","java.util.concurrent.locks.AbstractQueuedSynchronizer$ConditionObject.awaitNanos","java.util.concurrent.locks.AbstractQueuedSynchronizer$ConditionObject.awaitNanos:1668","1","1"
"vectorProfile","execution","other","java.util.concurrent.locks.AbstractQueuedSynchronizer.acquireInterruptibly","java.util.concurrent.locks.AbstractQueuedSynchronizer.acquireInterruptibly:958","1","1"
"vectorProfile","execution","other","javax.management.openmbean.TabularType.isAssignableFrom","javax.management.openmbean.TabularType.isAssignableFrom:246","1","1"
"vectorProfile","execution","other","jdk.jfr.internal.RequestEngine.run_requests","jdk.jfr.internal.RequestEngine.run_requests:223","4","4"
"vectorProfile","execution","other","jdk.jfr.internal.RequestEngine.run_requests","jdk.jfr.internal.RequestEngine.run_requests:227","1","1"
"vectorProfile","execution","other","jdk.jfr.internal.RequestEngine.run_requests","jdk.jfr.internal.RequestEngine.run_requests:271","1","1"
"vectorProfile","execution","other","sbt.internal.GCMonitorBase.totalCollectionTimeChanged","sbt.internal.GCMonitorBase.totalCollectionTimeChanged:41","1","1"
"vectorProfile","execution","other","scala.collection.AbstractIterable.foreach","scala.collection.AbstractIterable.foreach:979","1","1"
"vectorProfile","execution","other","scala.collection.convert.AsScalaConverters.asScala$","scala.collection.convert.AsScalaConverters.asScala$:29","1","1"
"vectorProfile","execution","other","scala.collection.immutable.Vector3.map","scala.collection.immutable.Vector3.map:2253","2","2"
"vectorProfile","execution","other","scala.collection.immutable.Vector3.map","scala.collection.immutable.Vector3.map:2254","77","77"
"vectorProfile","execution","other","scala.collection.immutable.VectorStatics$.mapElems","scala.collection.immutable.VectorStatics$.mapElems:2254","43","43"
"vectorProfile","execution","other","scala.collection.immutable.VectorStatics$.mapElemsRest","scala.collection.immutable.VectorStatics$.mapElemsRest:2253","1","1"
"vectorProfile","execution","other","scala.collection.immutable.VectorStatics$.mapElemsRest","scala.collection.immutable.VectorStatics$.mapElemsRest:2254","35","35"
"vectorProfile","execution","other","scala.runtime.function.JProcedure1.apply","scala.runtime.function.JProcedure1.apply:15","59","59"
"vectorProfile","execution","other","sun.security.provider.DigestBase.engineUpdate","sun.security.provider.DigestBase.engineUpdate:112","1","1"
"vectorProfile","execution","sampling","com.cra.figaro.algorithm.sampling.VectorSliceSampler$.polar","com.cra.figaro.algorithm.sampling.VectorSliceSampler$.polar:181","1","1"
"vectorProfile","execution","sampling","com.cra.figaro.algorithm.sampling.VectorSliceSampler$.polar","com.cra.figaro.algorithm.sampling.VectorSliceSampler$.polar:190","2","2"
"vectorProfile","execution","sampling","com.cra.figaro.algorithm.sampling.VectorSliceSampler$.polar","com.cra.figaro.algorithm.sampling.VectorSliceSampler$.polar:192","1","1"
"vectorProfile","execution","sampling","com.cra.figaro.algorithm.sampling.VectorSliceSampler$.run","com.cra.figaro.algorithm.sampling.VectorSliceSampler$.run:103","3","3"
"vectorProfile","execution","sampling","com.cra.figaro.algorithm.sampling.VectorSliceSampler$.uniform","com.cra.figaro.algorithm.sampling.VectorSliceSampler$.uniform:53","6","6"
"vectorProfile","execution","sampling","com.cra.figaro.example.VectorSamplingPerformance$$$Lambda$4809.apply","com.cra.figaro.algorithm.sampling.VectorSliceSampler$.evaluate$1:86","10","10"
"vectorProfile","execution","sampling","java.lang.Double.isFinite","com.cra.figaro.algorithm.sampling.VectorSliceSampler$.norm$$anonfun$1:56","11","11"
"vectorProfile","execution","sampling","java.lang.Double.valueOf","com.cra.figaro.algorithm.sampling.VectorSliceSampler$$$Lambda$4852.apply:-1","1","1"
"vectorProfile","execution","sampling","java.lang.Double.valueOf","com.cra.figaro.algorithm.sampling.VectorSliceSampler$$$Lambda$4856.apply:-1","1","1"
"vectorProfile","execution","sampling","java.lang.Double.valueOf","com.cra.figaro.algorithm.sampling.VectorSliceSampler$.evaluate$1:86","3","3"
"vectorProfile","execution","sampling","java.lang.Double.valueOf","com.cra.figaro.algorithm.sampling.VectorSliceSampler$.polar:198","3","3"
"vectorProfile","execution","sampling","java.lang.Math.log1p","com.cra.figaro.algorithm.sampling.VectorSliceSampler$.reference$1:115","1","1"
"vectorProfile","execution","sampling","java.lang.StrictMath.hypot","com.cra.figaro.algorithm.sampling.VectorSliceSampler$.norm$$anonfun$1:56","1","1"
"vectorProfile","execution","sampling","java.util.Random.nextGaussian","com.cra.figaro.algorithm.sampling.VectorSliceSampler$.$anonfun$4:152","7","7"
"vectorProfile","execution","sampling","scala.Predef$.require","com.cra.figaro.algorithm.sampling.VectorSliceSampler$.accepted$1:173","1","1"
"vectorProfile","execution","sampling","scala.collection.AbstractIterable.reduceLeft","com.cra.figaro.algorithm.sampling.VectorSliceSampler$.evaluate$1:86","11","11"
"vectorProfile","execution","sampling","scala.collection.IterableOnceOps.forall","com.cra.figaro.algorithm.sampling.VectorSliceSampler$.evaluate$1:84","49","49"
"vectorProfile","execution","sampling","scala.collection.IterableOnceOps.forall","com.cra.figaro.algorithm.sampling.VectorSliceSampler$.evaluate$1:86","4","4"
"vectorProfile","execution","sampling","scala.collection.IterableOnceOps.reduceLeft$","com.cra.figaro.algorithm.sampling.VectorSliceSampler$.dot$1:147","2","2"
"vectorProfile","execution","sampling","scala.collection.IterableOnceOps.reduceLeft$","com.cra.figaro.algorithm.sampling.VectorSliceSampler$.evaluate$1:86","209","209"
"vectorProfile","execution","sampling","scala.collection.SeqOps.isEmpty$","com.cra.figaro.algorithm.sampling.VectorSliceSampler$.polar:161","9","9"
"vectorProfile","execution","sampling","scala.collection.immutable.NewVectorIterator.next","com.cra.figaro.algorithm.sampling.VectorSliceSampler$.evaluate$1:84","7","7"
"vectorProfile","execution","sampling","scala.collection.immutable.Vector.foreach","com.cra.figaro.algorithm.sampling.VectorSliceSampler$.evaluate$1:86","1","1"
"vectorProfile","execution","sampling","scala.collection.immutable.Vector.zip","com.cra.figaro.algorithm.sampling.VectorSliceSampler$.angular$1:179","45","45"
"vectorProfile","execution","sampling","scala.collection.immutable.Vector.zip","com.cra.figaro.algorithm.sampling.VectorSliceSampler$.polar:154","1","1"
"vectorProfile","execution","sampling","scala.collection.immutable.Vector1.map","com.cra.figaro.algorithm.sampling.VectorSliceSampler$.accepted$1:172","56","56"
"vectorProfile","execution","sampling","scala.collection.immutable.Vector1.map","com.cra.figaro.algorithm.sampling.VectorSliceSampler$.angular$1:179","40","40"
"vectorProfile","execution","sampling","scala.collection.immutable.Vector1.map","com.cra.figaro.algorithm.sampling.VectorSliceSampler$.evaluate$1:86","42","42"
"vectorProfile","execution","sampling","scala.collection.immutable.Vector1.map","com.cra.figaro.algorithm.sampling.VectorSliceSampler$.polar:146","9","9"
"vectorProfile","execution","sampling","scala.collection.immutable.Vector1.map","com.cra.figaro.algorithm.sampling.VectorSliceSampler$.polar:198","3","3"
"vectorProfile","execution","sampling","scala.collection.immutable.VectorBuilder.advance","com.cra.figaro.algorithm.sampling.VectorSliceSampler$.angular$1:179","1","1"
"vectorProfile","execution","sampling","scala.collection.immutable.VectorBuilder.result","com.cra.figaro.algorithm.sampling.VectorSliceSampler$.angular$1:179","2","2"
"vectorProfile","execution","sampling","scala.collection.immutable.VectorBuilder.result","com.cra.figaro.algorithm.sampling.VectorSliceSampler$.polar:156","1","1"
"vectorProfile","execution","sampling","scala.runtime.BoxesRunTime.unboxToDouble","com.cra.figaro.algorithm.sampling.VectorSliceSampler$.evaluate$1:86","15","15"
"vectorProfile","execution","sampling","scala.runtime.java8.JFunction1$mcDD$sp.apply","com.cra.figaro.algorithm.sampling.VectorSliceSampler$.polar:198","1","1"
"vectorProfile","metric","eventSpanSeconds","","","1","80.0857321"
"vectorProfile","metric","gcCount","","","1","509"
"vectorProfile","metric","gcPauseSeconds","","","1","1.1879725"
"vectorProfile","metric","heapSummaryCount","","","1","1018"
"vectorProfile","metric","longestGcPauseSeconds","","","1","0.0134591"
"vectorProfile","metric","lostBytes","","","1","0"
"vectorProfile","metric","maxObservedAfterGcHeapBytes","","","1","69331072"
"vectorProfile","metric","maxObservedHeapBytes","","","1","1103196336"
