"vectorPerformance","fixture","method","workers","round","seed","draws","warmUp","status","wallSeconds","constructionSeconds","samplingSeconds","diagnosticsSeconds","cpuSeconds","gcSeconds","evaluations","alignedDraws","minMeanEss","minBulkEss","minTailEss","maxRHat","maxMeanError","warningCoordinates","fingerprint","error"
"vectorPerformance","correlated32","GPSS","1","-2","404175","4000","500","Complete","0.4798092","3.36E-5","0.2426446","0.237131","0.484375","0.004","265461","4000","645.117038188815","619.6601510130125","111.82974658890811","1.4709232708798055","0.0221888479832677","32","34ba7e81aae421fabb6d7abc8b37fed811e4c6a3b11b225e03c34135c20e5fab",""
"vectorPerformance","correlated32","GPSS","1","-1","412094","4000","500","Complete","0.4824734","3.31E-5","0.2398882","0.2425521","0.46875","0.005","260316","4000","564.5119782236644","553.9746471274595","68.93212740164371","1.6458772028336794","0.06977010736276656","32","0dd72e443f3b53513a682dd3fda3078d30eb3ca1e5546f164ad2b8797a0cc49f",""
"vectorPerformance","correlated32","GPSS","1","0","420013","4000","500","Complete","0.4858997","3.25E-5","0.2432885","0.2425787","0.484375","0.004","271170","4000","550.788691510793","462.92862585511017","31.898583590051008","1.6153232296497368","0.02539427674995709","32","4e32fd58fd10390b4e797c6902eed30b34036ec3e48184af25c550e5ecd201e4",""
"vectorPerformance","correlated32","GPSS","1","1","427932","4000","500","Complete","0.4632241","3.4E-5","0.2239678","0.2392223","0.796875","0.004","243643","4000","728.9168563232058","707.6422054588379","37.327199337196575","1.394679319897266","0.014786962883091226","32","6556bc9a5258d4cf10554a8f1be0f66bc02b8dd465a89ab0179fc4a9bce27863",""
"vectorPerformance","correlated32","GPSS","1","2","435851","4000","500","Complete","0.4729251","2.68E-5","0.2266478","0.2462505","0.46875","0.005","252525","4000","851.515000276373","802.0414367077282","72.65826721585422","1.3443798021720257","0.05441559245735261","32","241b3dbb9e14d1912d29f4167a0d49b5aac92799d098cc4aea7fd189aea591d5",""
"vectorPerformance","correlated32","GPSS","1","3","443770","4000","500","Complete","0.4729932","2.47E-5","0.2292273","0.2437412","0.5625","0.005","252476","4000","579.6107666912351","519.1606176358861","80.32525737492834","1.1037679615355824","0.05661873010414342","32","e379cb80ecf5804cc22ddf166b2fd12dfc52cf394467b1b6e6cab088cb4ce1a7",""
"vectorPerformance","correlated32","GPSS","1","4","451689","4000","500","Complete","0.4951774","2.57E-5","0.244967","0.2501847","0.484375","0.007","276146","4000","745.841296773472","687.9271641953604","73.67496547194912","1.1447391912214941","0.06804485983194875","32","d07f89bf5cc41c4bd92db0f6611a71a2eba9eae89a88327e3e8eeccefa31029b",""
"vectorPerformance","correlated32","GPSS","2","-2","404175","4000","500","Complete","0.2796191","4.35E-5","0.156394","0.1231816","0.71875","0.004","265461","4000","645.117038188815","619.6601510130125","111.82974658890811","1.4709232708798055","0.0221888479832677","32","34ba7e81aae421fabb6d7abc8b37fed811e4c6a3b11b225e03c34135c20e5fab",""
"vectorPerformance","correlated32","GPSS","2","-1","412094","4000","500","Complete","0.2767003","2.83E-5","0.1509431","0.1257289","0.90625","0.004","260316","4000","564.5119782236644","553.9746471274595","68.93212740164371","1.6458772028336794","0.06977010736276656","32","0dd72e443f3b53513a682dd3fda3078d30eb3ca1e5546f164ad2b8797a0cc49f",""
"vectorPerformance","correlated32","GPSS","2","0","420013","4000","500","Complete","0.2877697","3.77E-5","0.1600533","0.1276787","0.578125","0.004","271170","4000","550.788691510793","462.92862585511017","31.898583590051008","1.6153232296497368","0.02539427674995709","32","4e32fd58fd10390b4e797c6902eed30b34036ec3e48184af25c550e5ecd201e4",""
"vectorPerformance","correlated32","GPSS","2","1","427932","4000","500","Complete","0.2728997","3.89E-5","0.142642","0.1302188","0.828125","0.004","243643","4000","728.9168563232058","707.6422054588379","37.327199337196575","1.394679319897266","0.014786962883091226","32","6556bc9a5258d4cf10554a8f1be0f66bc02b8dd465a89ab0179fc4a9bce27863",""
"vectorPerformance","correlated32","GPSS","2","2","435851","4000","500","Complete","0.276286","2.63E-5","0.146364","0.1298957","0.515625","0.004","252525","4000","851.515000276373","802.0414367077282","72.65826721585422","1.3443798021720257","0.05441559245735261","32","241b3dbb9e14d1912d29f4167a0d49b5aac92799d098cc4aea7fd189aea591d5",""
"vectorPerformance","correlated32","GPSS","2","3","443770","4000","500","Complete","0.2779404","3.65E-5","0.148648","0.1292559","0.53125","0.005","252476","4000","579.6107666912351","519.1606176358861","80.32525737492834","1.1037679615355824","0.05661873010414342","32","e379cb80ecf5804cc22ddf166b2fd12dfc52cf394467b1b6e6cab088cb4ce1a7",""
"vectorPerformance","correlated32","GPSS","2","4","451689","4000","500","Complete","0.2870456","2.4E-5","0.1548783","0.1321433","0.59375","0.005","276146","4000","745.841296773472","687.9271641953604","73.67496547194912","1.1447391912214941","0.06804485983194875","32","d07f89bf5cc41c4bd92db0f6611a71a2eba9eae89a88327e3e8eeccefa31029b",""
"vectorPerformance","correlated32","GPSS","4","-2","404175","4000","500","Complete","0.206561","3.46E-5","0.138084","0.0684424","0.828125","0.004","265461","4000","645.117038188815","619.6601510130125","111.82974658890811","1.4709232708798055","0.0221888479832677","32","34ba7e81aae421fabb6d7abc8b37fed811e4c6a3b11b225e03c34135c20e5fab",""
"vectorPerformance","correlated32","GPSS","4","-1","412094","4000","500","Complete","0.2110563","3.02E-5","0.139534","0.0714921","0.765625","0.004","260316","4000","564.5119782236644","553.9746471274595","68.93212740164371","1.6458772028336794","0.06977010736276656","32","0dd72e443f3b53513a682dd3fda3078d30eb3ca1e5546f164ad2b8797a0cc49f",""
"vectorPerformance","correlated32","GPSS","4","0","420013","4000","500","Complete","0.2127417","3.09E-5","0.1410208","0.07169","0.84375","0.003","271170","4000","550.788691510793","462.92862585511017","31.898583590051008","1.6153232296497368","0.02539427674995709","32","4e32fd58fd10390b4e797c6902eed30b34036ec3e48184af25c550e5ecd201e4",""
"vectorPerformance","correlated32","GPSS","4","1","427932","4000","500","Complete","0.2075182","3.27E-5","0.1315867","0.0758988","0.765625","0.005","243643","4000","728.9168563232058","707.6422054588379","37.327199337196575","1.394679319897266","0.014786962883091226","32","6556bc9a5258d4cf10554a8f1be0f66bc02b8dd465a89ab0179fc4a9bce27863",""
"vectorPerformance","correlated32","GPSS","4","2","435851","4000","500","Complete","0.2049968","5.6E-5","0.1282842","0.0766566","0.78125","0.005","252525","4000","851.515000276373","802.0414367077282","72.65826721585422","1.3443798021720257","0.05441559245735261","32","241b3dbb9e14d1912d29f4167a0d49b5aac92799d098cc4aea7fd189aea591d5",""
"vectorPerformance","correlated32","GPSS","4","3","443770","4000","500","Complete","0.2061506","3.36E-5","0.1313803","0.0747367","1.109375","0.006","252476","4000","579.6107666912351","519.1606176358861","80.32525737492834","1.1037679615355824","0.05661873010414342","32","e379cb80ecf5804cc22ddf166b2fd12dfc52cf394467b1b6e6cab088cb4ce1a7",""
"vectorPerformance","correlated32","GPSS","4","4","451689","4000","500","Complete","0.2220177","3.15E-5","0.1479568","0.0740294","0.90625","0.006","276146","4000","745.841296773472","687.9271641953604","73.67496547194912","1.1447391912214941","0.06804485983194875","32","d07f89bf5cc41c4bd92db0f6611a71a2eba9eae89a88327e3e8eeccefa31029b",""
"vectorPerformance","correlated32","Quantile","1","-2","404175","4000","500","Complete","1.6086379","3.12E-5","1.3530484","0.2555583","1.609375","0.024","3282856","4000","23.797668269094697","23.991783455481954","49.25430937145106","1.1516283632440742","0.3728865535403717","32","a76e28f6e88c6be3891bdc833beb8d8d0a1740b95f0935a4806e8ab65d3c899c",""
"vectorPerformance","correlated32","Quantile","1","-1","412094","4000","500","Complete","1.5247292","2.49E-5","1.2639143","0.26079","1.9375","0.021","3230583","4000","31.726513907349148","31.532168002260388","97.16989966673968","1.0798839490509835","0.08306741567350584","32","f9ed8df14134bddcfbb2d40aa6e479cfbaad40e1882750767724d2bc52df3b34",""
"vectorPerformance","correlated32","Quantile","1","0","420013","4000","500","Complete","1.50505","2.66E-5","1.2637678","0.2412556","1.484375","0.02","3251733","4000","36.23737925347603","37.074760300245536","94.41153342442881","1.094481746270784","0.006936160462634622","32","70f5117f96cd02d2870b347963ec61f489004b4e752f979286b6bbb78357a72b",""
"vectorPerformance","correlated32","Quantile","1","1","427932","4000","500","Complete","1.5104886","2.29E-5","1.2634235","0.2470422","1.578125","0.021","3236479","4000","31.801672449893193","32.058114379350506","84.74388663935426","1.0852433257313874","0.03363458703623934","32","9361e774d845e114d77fdb68cfdc974ca4f240b9ee801485b53bd51fdc75e4ee",""
"vectorPerformance","correlated32","Quantile","1","2","435851","4000","500","Complete","1.5016366","3.31E-5","1.2522857","0.2493178","1.828125","0.019","3213584","4000","18.827593772089372","19.418977153927276","144.36214774069362","1.1856715933721973","0.22462708158086309","32","be8072aea54a06faab2c2090774614aa1ad4df6564d26d325be8e1037fc3c851",""
"vectorPerformance","correlated32","Quantile","1","3","443770","4000","500","Complete","1.5374974","2.51E-5","1.2804092","0.2570631","1.875","0.019","3292746","4000","8.551688513959126","8.66542172384507","23.37880092498311","1.3883316083476982","0.08359316129464744","32","3ae74ba297dfc21cabfcf0707b44b409c98d3bd3f9dfc2b6af98aa1fde2b375a",""
"vectorPerformance","correlated32","Quantile","1","4","451689","4000","500","Complete","1.5045928","2.39E-5","1.2476712","0.2568977","1.890625","0.022","3210555","4000","32.00943946980557","33.91863557210035","93.00550074538009","1.0837128123690845","0.1407722816405288","32","6de2fd21c7960b9d9708ca419e8aba6e1a90d027a2db52b77e66a4a749ca160e",""
"vectorPerformance","correlated32","Quantile","2","-2","404175","4000","500","Complete","1.0155771","2.25E-5","0.8807643","0.1347903","2.015625","0.021","3282856","4000","23.797668269094697","23.991783455481954","49.25430937145106","1.1516283632440742","0.3728865535403717","32","a76e28f6e88c6be3891bdc833beb8d8d0a1740b95f0935a4806e8ab65d3c899c",""
"vectorPerformance","correlated32","Quantile","2","-1","412094","4000","500","Complete","0.9881874","2.07E-5","0.8543484","0.1338183","2.9375","0.02","3230583","4000","31.726513907349148","31.532168002260388","97.16989966673968","1.0798839490509835","0.08306741567350584","32","f9ed8df14134bddcfbb2d40aa6e479cfbaad40e1882750767724d2bc52df3b34",""
"vectorPerformance","correlated32","Quantile","2","0","420013","4000","500","Complete","0.9974909","2.25E-5","0.8729632","0.1245052","2.6875","0.019","3251733","4000","36.23737925347603","37.074760300245536","94.41153342442881","1.094481746270784","0.006936160462634622","32","70f5117f96cd02d2870b347963ec61f489004b4e752f979286b6bbb78357a72b",""
"vectorPerformance","correlated32","Quantile","2","1","427932","4000","500","Complete","0.9966476","2.46E-5","0.866763","0.12986","2.484375","0.022","3236479","4000","31.801672449893193","32.058114379350506","84.74388663935426","1.0852433257313874","0.03363458703623934","32","9361e774d845e114d77fdb68cfdc974ca4f240b9ee801485b53bd51fdc75e4ee",""
"vectorPerformance","correlated32","Quantile","2","2","435851","4000","500","Complete","0.9884646","2.66E-5","0.8555466","0.1328914","2.640625","0.02","3213584","4000","18.827593772089372","19.418977153927276","144.36214774069362","1.1856715933721973","0.22462708158086309","32","be8072aea54a06faab2c2090774614aa1ad4df6564d26d325be8e1037fc3c851",""
"vectorPerformance","correlated32","Quantile","2","3","443770","4000","500","Complete","1.0167618","2.35E-5","0.8814238","0.1353145","2.359375","0.019","3292746","4000","8.551688513959126","8.66542172384507","23.37880092498311","1.3883316083476982","0.08359316129464744","32","3ae74ba297dfc21cabfcf0707b44b409c98d3bd3f9dfc2b6af98aa1fde2b375a",""
"vectorPerformance","correlated32","Quantile","2","4","451689","4000","500","Complete","1.024678","2.26E-5","0.8951221","0.1295333","2.328125","0.021","3210555","4000","32.00943946980557","33.91863557210035","93.00550074538009","1.0837128123690845","0.1407722816405288","32","6de2fd21c7960b9d9708ca419e8aba6e1a90d027a2db52b77e66a4a749ca160e",""
"vectorPerformance","correlated32","Quantile","4","-2","404175","4000","500","Complete","0.9445092","2.36E-5","0.8587292","0.0857564","4.015625","0.021","3282856","4000","23.797668269094697","23.991783455481954","49.25430937145106","1.1516283632440742","0.3728865535403717","32","a76e28f6e88c6be3891bdc833beb8d8d0a1740b95f0935a4806e8ab65d3c899c",""
"vectorPerformance","correlated32","Quantile","4","-1","412094","4000","500","Complete","0.8971213","4.44E-5","0.8237151","0.0733618","3.578125","0.018","3230583","4000","31.726513907349148","31.532168002260388","97.16989966673968","1.0798839490509835","0.08306741567350584","32","f9ed8df14134bddcfbb2d40aa6e479cfbaad40e1882750767724d2bc52df3b34",""
"vectorPerformance","correlated32","Quantile","4","0","420013","4000","500","Complete","0.9023056","2.32E-5","0.8305459","0.0717365","4.15625","0.02","3251733","4000","36.23737925347603","37.074760300245536","94.41153342442881","1.094481746270784","0.006936160462634622","32","70f5117f96cd02d2870b347963ec61f489004b4e752f979286b6bbb78357a72b",""
"vectorPerformance","correlated32","Quantile","4","1","427932","4000","500","Complete","0.8979563","2.21E-5","0.8217959","0.0761383","3.546875","0.02","3236479","4000","31.801672449893193","32.058114379350506","84.74388663935426","1.0852433257313874","0.03363458703623934","32","9361e774d845e114d77fdb68cfdc974ca4f240b9ee801485b53bd51fdc75e4ee",""
"vectorPerformance","correlated32","Quantile","4","2","435851","4000","500","Complete","0.8992182","3.3E-5","0.822025","0.0771602","3.71875","0.018","3213584","4000","18.827593772089372","19.418977153927276","144.36214774069362","1.1856715933721973","0.22462708158086309","32","be8072aea54a06faab2c2090774614aa1ad4df6564d26d325be8e1037fc3c851",""
"vectorPerformance","correlated32","Quantile","4","3","443770","4000","500","Complete","0.9295465","2.42E-5","0.8487467","0.0807756","4.0","0.02","3292746","4000","8.551688513959126","8.66542172384507","23.37880092498311","1.3883316083476982","0.08359316129464744","32","3ae74ba297dfc21cabfcf0707b44b409c98d3bd3f9dfc2b6af98aa1fde2b375a",""
"vectorPerformance","correlated32","Quantile","4","4","451689","4000","500","Complete","0.8924153","2.28E-5","0.8129632","0.0794293","4.40625","0.02","3210555","4000","32.00943946980557","33.91863557210035","93.00550074538009","1.0837128123690845","0.1407722816405288","32","6de2fd21c7960b9d9708ca419e8aba6e1a90d027a2db52b77e66a4a749ca160e",""
"vectorPerformance","gaussian32","GPSS","1","-2","404175","4000","500","Complete","0.3632008","5.83E-5","0.1094349","0.2537076","0.375","0.002","139155","4000","14560.87743232489","14566.888663880416","9030.296419517286","1.0011086994050007","0.013020088729037094","0","f3ae7e88a3469d95a481057ff78725be41612c1e7bdf2f3d1a7c73f5a42981cf",""
"vectorPerformance","gaussian32","GPSS","1","-1","412094","4000","500","Complete","0.3646708","4.55E-5","0.1086284","0.2559969","0.4375","0.003","138730","4000","14723.327722756223","14738.615855733822","8857.898575485036","1.0012097458367082","0.014860253936955947","0","6d85793e19e5639b0a7430ab942ac98e6519fa4be0fbcee8a8930a2af289299d",""
"vectorPerformance","gaussian32","GPSS","1","0","420013","4000","500","Complete","0.3705281","4.68E-5","0.1117288","0.2587525","0.390625","0.002","138723","4000","14789.309502344258","14770.299991933614","8878.031772176253","1.0012114173589253","0.02042856356087519","0","fb030bc811389f4cc0c40b053f280c25c0c5e58babb6d5eb761947efb8511783",""
"vectorPerformance","gaussian32","GPSS","1","1","427932","4000","500","Complete","0.3693511","8.18E-5","0.114785","0.2544843","0.375","0.003","138788","4000","15028.158264845573","15037.33690560915","9075.6220980371","1.0011653829278853","0.016607695975976222","0","3d0bccbf5e695e5e8a5d89fa29a1a353b231a8693474ffa5e1944f58eee51881",""
"vectorPerformance","gaussian32","GPSS","1","2","435851","4000","500","Complete","0.3632298","4.03E-5","0.1092848","0.2539047","0.375","0.002","138703","4000","14933.892470949851","14950.607747787408","8635.192267898514","1.001735370997425","0.021490044822388643","0","603bdfe20f551e62d9c5fbc68e896eb978d3c40134ec7e7cbc17b062760b5957",""
"vectorPerformance","gaussian32","GPSS","1","3","443770","4000","500","Complete","0.3646006","3.55E-5","0.1084405","0.2561246","0.359375","0.002","138777","4000","15223.671841621832","15221.605805391002","9210.378340418303","1.0015395267295784","0.016172276604625724","0","2ead94f9fc645301334f7309cfcc4f5b6e54cfdca48deed2f7e56fe38456b29a",""
"vectorPerformance","gaussian32","GPSS","1","4","451689","4000","500","Complete","0.3619197","3.91E-5","0.1100535","0.2518271","0.359375","0.003","138750","4000","14345.553258947568","14342.778169951296","8945.28266108745","1.0011866456042022","0.01864774016529802","0","d4278b864a0c0454d1730a6de2433aebfa0ebf5de90d82ef8563be3b95ce2d1a",""
"vectorPerformance","gaussian32","GPSS","2","-2","404175","4000","500","Complete","0.2031845","8.31E-5","0.068961","0.1341404","0.484375","0.004","139155","4000","14560.87743232489","14566.888663880416","9030.296419517286","1.0011086994050007","0.013020088729037094","0","f3ae7e88a3469d95a481057ff78725be41612c1e7bdf2f3d1a7c73f5a42981cf",""
"vectorPerformance","gaussian32","GPSS","2","-1","412094","4000","500","Complete","0.2030723","3.72E-5","0.0676447","0.1353904","0.734375","0.005","138730","4000","14723.327722756223","14738.615855733822","8857.898575485036","1.0012097458367082","0.014860253936955947","0","6d85793e19e5639b0a7430ab942ac98e6519fa4be0fbcee8a8930a2af289299d",""
"vectorPerformance","gaussian32","GPSS","2","0","420013","4000","500","Complete","0.2139566","6.96E-5","0.0717402","0.1421468","0.453125","0.004","138723","4000","14789.309502344258","14770.299991933614","8878.031772176253","1.0012114173589253","0.02042856356087519","0","fb030bc811389f4cc0c40b053f280c25c0c5e58babb6d5eb761947efb8511783",""
"vectorPerformance","gaussian32","GPSS","2","1","427932","4000","500","Complete","0.2024077","3.97E-5","0.0674507","0.1349173","0.40625","0.004","138788","4000","15028.158264845573","15037.33690560915","9075.6220980371","1.0011653829278853","0.016607695975976222","0","3d0bccbf5e695e5e8a5d89fa29a1a353b231a8693474ffa5e1944f58eee51881",""
"vectorPerformance","gaussian32","GPSS","2","2","435851","4000","500","Complete","0.2012817","3.65E-5","0.0700777","0.1311675","0.40625","0.002","138703","4000","14933.892470949851","14950.607747787408","8635.192267898514","1.001735370997425","0.021490044822388643","0","603bdfe20f551e62d9c5fbc68e896eb978d3c40134ec7e7cbc17b062760b5957",""
"vectorPerformance","gaussian32","GPSS","2","3","443770","4000","500","Complete","0.1998305","3.89E-5","0.0702142","0.1295774","0.375","0.003","138777","4000","15223.671841621832","15221.605805391002","9210.378340418303","1.0015395267295784","0.016172276604625724","0","2ead94f9fc645301334f7309cfcc4f5b6e54cfdca48deed2f7e56fe38456b29a",""
"vectorPerformance","gaussian32","GPSS","2","4","451689","4000","500","Complete","0.2048145","3.58E-5","0.0708502","0.1339285","0.40625","0.004","138750","4000","14345.553258947568","14342.778169951296","8945.28266108745","1.0011866456042022","0.01864774016529802","0","d4278b864a0c0454d1730a6de2433aebfa0ebf5de90d82ef8563be3b95ce2d1a",""
"vectorPerformance","gaussian32","GPSS","4","-2","404175","4000","500","Complete","0.1353686","4.35E-5","0.0629845","0.0723406","0.625","0.002","139155","4000","14560.87743232489","14566.888663880416","9030.296419517286","1.0011086994050007","0.013020088729037094","0","f3ae7e88a3469d95a481057ff78725be41612c1e7bdf2f3d1a7c73f5a42981cf",""
"vectorPerformance","gaussian32","GPSS","4","-1","412094","4000","500","Complete","0.1411913","5.48E-5","0.066304","0.0748325","0.59375","0.003","138730","4000","14723.327722756223","14738.615855733822","8857.898575485036","1.0012097458367082","0.014860253936955947","0","6d85793e19e5639b0a7430ab942ac98e6519fa4be0fbcee8a8930a2af289299d",""
"vectorPerformance","gaussian32","GPSS","4","0","420013","4000","500","Complete","0.1443835","3.77E-5","0.0654492","0.0788966","0.609375","0.003","138723","4000","14789.309502344258","14770.299991933614","8878.031772176253","1.0012114173589253","0.02042856356087519","0","fb030bc811389f4cc0c40b053f280c25c0c5e58babb6d5eb761947efb8511783",""
"vectorPerformance","gaussian32","GPSS","4","1","427932","4000","500","Complete","0.1347627","3.33E-5","0.0626532","0.0720762","0.546875","0.001","138788","4000","15028.158264845573","15037.33690560915","9075.6220980371","1.0011653829278853","0.016607695975976222","0","3d0bccbf5e695e5e8a5d89fa29a1a353b231a8693474ffa5e1944f58eee51881",""
"vectorPerformance","gaussian32","GPSS","4","2","435851","4000","500","Complete","0.1360118","5.72E-5","0.0643696","0.071585","0.5625","0.003","138703","4000","14933.892470949851","14950.607747787408","8635.192267898514","1.001735370997425","0.021490044822388643","0","603bdfe20f551e62d9c5fbc68e896eb978d3c40134ec7e7cbc17b062760b5957",""
"vectorPerformance","gaussian32","GPSS","4","3","443770","4000","500","Complete","0.1368772","3.77E-5","0.0599233","0.0769162","0.546875","0.004","138777","4000","15223.671841621832","15221.605805391002","9210.378340418303","1.0015395267295784","0.016172276604625724","0","2ead94f9fc645301334f7309cfcc4f5b6e54cfdca48deed2f7e56fe38456b29a",""
"vectorPerformance","gaussian32","GPSS","4","4","451689","4000","500","Complete","0.138211","4.83E-5","0.0623147","0.075848","0.5625","0.003","138750","4000","14345.553258947568","14342.778169951296","8945.28266108745","1.0011866456042022","0.01864774016529802","0","d4278b864a0c0454d1730a6de2433aebfa0ebf5de90d82ef8563be3b95ce2d1a",""
"vectorPerformance","gaussian32","Quantile","1","-2","404175","4000","500","Complete","0.6825191","4.16E-5","0.4199128","0.2625647","0.734375","0.015","1753214","4000","15219.008327321226","15213.744919585897","12194.607218487616","1.0007110848254097","0.01623649007724448","0","cecc6b4fda00565adaade6079bd9a81eec1cb5425a7364f3a4652f8f1fe688e7",""
"vectorPerformance","gaussian32","Quantile","1","-1","412094","4000","500","Complete","0.6804246","2.82E-5","0.4160602","0.2643362","1.34375","0.013","1754500","4000","14374.340793710559","14390.679914776822","12593.727427588436","1.0005481375625007","0.020322296447435884","0","710b12b4b32c1d00e33cda313ee3aca4afb06968f65bf5b1d672fd6109f4f43f",""
"vectorPerformance","gaussian32","Quantile","1","0","420013","4000","500","Complete","0.6756067","2.87E-5","0.4143231","0.2612549","0.71875","0.011","1751135","4000","14804.415700401843","14796.384417892554","11674.348877600554","1.0004842070731996","0.017149474216242355","0","7163a65543816d08a23c844d2762c1967e2f734b4748129ec7bdf89e140df8b4",""
"vectorPerformance","gaussian32","Quantile","1","1","427932","4000","500","Complete","0.6690806","2.8E-5","0.4140567","0.2549959","1.0","0.01","1751119","4000","15119.429112419593","15129.482098788952","12424.352542458728","1.000588248721186","0.024238503591598903","0","e468486f9c3bce272356b47328af805b6315b0ce0dcec0ba389ad1cc6e773090",""
"vectorPerformance","gaussian32","Quantile","1","2","435851","4000","500","Complete","0.6694847","2.93E-5","0.4182144","0.251241","1.03125","0.011","1754043","4000","14654.09636813213","14648.796726473445","11630.775114295944","1.0006045524861327","0.019982935899345466","0","f17849dd0d6937ddb28ce5136301623e9a5b8e9dd4ad54fb96a198cfdc5f0c6a",""
"vectorPerformance","gaussian32","Quantile","1","3","443770","4000","500","Complete","0.6671266","6.8E-5","0.4156401","0.2514185","1.015625","0.01","1754067","4000","14670.955292689816","14672.094230083088","12113.52110906072","1.0003997605716526","0.012117200485737945","0","8d191d73493e7fb3ede8cea18ccac7e017f7700706ef9c9f8b699e07b2804d14",""
"vectorPerformance","gaussian32","Quantile","1","4","451689","4000","500","Complete","0.6658343","2.98E-5","0.4146784","0.2511261","0.703125","0.01","1751661","4000","14424.859583462046","14417.997752939862","12128.296452895833","1.0007982696988702","0.02835365482901797","0","b8ea3b62393883b214271958061a644368686dc583e5f2e33e5eafdc7a65f17e",""
"vectorPerformance","gaussian32","Quantile","2","-2","404175","4000","500","Complete","0.4530901","4.9E-5","0.3144638","0.1385773","1.578125","0.014","1753214","4000","15219.008327321226","15213.744919585897","12194.607218487616","1.0007110848254097","0.01623649007724448","0","cecc6b4fda00565adaade6079bd9a81eec1cb5425a7364f3a4652f8f1fe688e7",""
"vectorPerformance","gaussian32","Quantile","2","-1","412094","4000","500","Complete","0.4473392","3.52E-5","0.3133","0.134004","0.90625","0.012","1754500","4000","14374.340793710559","14390.679914776822","12593.727427588436","1.0005481375625007","0.020322296447435884","0","710b12b4b32c1d00e33cda313ee3aca4afb06968f65bf5b1d672fd6109f4f43f",""
"vectorPerformance","gaussian32","Quantile","2","0","420013","4000","500","Complete","0.4473328","2.92E-5","0.3176798","0.1296238","1.25","0.009","1751135","4000","14804.415700401843","14796.384417892554","11674.348877600554","1.0004842070731996","0.017149474216242355","0","7163a65543816d08a23c844d2762c1967e2f734b4748129ec7bdf89e140df8b4",""
"vectorPerformance","gaussian32","Quantile","2","1","427932","4000","500","Complete","0.4431255","3.85E-5","0.3122903","0.1307967","1.234375","0.011","1751119","4000","15119.429112419593","15129.482098788952","12424.352542458728","1.000588248721186","0.024238503591598903","0","e468486f9c3bce272356b47328af805b6315b0ce0dcec0ba389ad1cc6e773090",""
"vectorPerformance","gaussian32","Quantile","2","2","435851","4000","500","Complete","0.4462145","3.07E-5","0.3181776","0.1280062","1.234375","0.01","1754043","4000","14654.09636813213","14648.796726473445","11630.775114295944","1.0006045524861327","0.019982935899345466","0","f17849dd0d6937ddb28ce5136301623e9a5b8e9dd4ad54fb96a198cfdc5f0c6a",""
"vectorPerformance","gaussian32","Quantile","2","3","443770","4000","500","Complete","0.4458428","2.83E-5","0.3172116","0.1286029","0.859375","0.01","1754067","4000","14670.955292689816","14672.094230083088","12113.52110906072","1.0003997605716526","0.012117200485737945","0","8d191d73493e7fb3ede8cea18ccac7e017f7700706ef9c9f8b699e07b2804d14",""
"vectorPerformance","gaussian32","Quantile","2","4","451689","4000","500","Complete","0.4448257","3.82E-5","0.3153591","0.1294284","1.203125","0.011","1751661","4000","14424.859583462046","14417.997752939862","12128.296452895833","1.0007982696988702","0.02835365482901797","0","b8ea3b62393883b214271958061a644368686dc583e5f2e33e5eafdc7a65f17e",""
"vectorPerformance","gaussian32","Quantile","4","-2","404175","4000","500","Complete","0.3923807","6.44E-5","0.3154243","0.076892","1.53125","0.012","1753214","4000","15219.008327321226","15213.744919585897","12194.607218487616","1.0007110848254097","0.01623649007724448","0","cecc6b4fda00565adaade6079bd9a81eec1cb5425a7364f3a4652f8f1fe688e7",""
"vectorPerformance","gaussian32","Quantile","4","-1","412094","4000","500","Complete","0.3935936","3.01E-5","0.3169402","0.0766233","1.578125","0.013","1754500","4000","14374.340793710559","14390.679914776822","12593.727427588436","1.0005481375625007","0.020322296447435884","0","710b12b4b32c1d00e33cda313ee3aca4afb06968f65bf5b1d672fd6109f4f43f",""
"vectorPerformance","gaussian32","Quantile","4","0","420013","4000","500","Complete","0.3874282","2.95E-5","0.3151818","0.0722169","1.875","0.01","1751135","4000","14804.415700401843","14796.384417892554","11674.348877600554","1.0004842070731996","0.017149474216242355","0","7163a65543816d08a23c844d2762c1967e2f734b4748129ec7bdf89e140df8b4",""
"vectorPerformance","gaussian32","Quantile","4","1","427932","4000","500","Complete","0.3849089","6.42E-5","0.3138673","0.0709774","1.625","0.009","1751119","4000","15119.429112419593","15129.482098788952","12424.352542458728","1.000588248721186","0.024238503591598903","0","e468486f9c3bce272356b47328af805b6315b0ce0dcec0ba389ad1cc6e773090",""
"vectorPerformance","gaussian32","Quantile","4","2","435851","4000","500","Complete","0.3939914","2.86E-5","0.3220501","0.0719127","1.875","0.009","1754043","4000","14654.09636813213","14648.796726473445","11630.775114295944","1.0006045524861327","0.019982935899345466","0","f17849dd0d6937ddb28ce5136301623e9a5b8e9dd4ad54fb96a198cfdc5f0c6a",""
"vectorPerformance","gaussian32","Quantile","4","3","443770","4000","500","Complete","0.3899238","2.83E-5","0.3191031","0.0707924","1.796875","0.011","1754067","4000","14670.955292689816","14672.094230083088","12113.52110906072","1.0003997605716526","0.012117200485737945","0","8d191d73493e7fb3ede8cea18ccac7e017f7700706ef9c9f8b699e07b2804d14",""
"vectorPerformance","gaussian32","Quantile","4","4","451689","4000","500","Complete","0.388842","3.05E-5","0.31631","0.0725015","1.8125","0.011","1751661","4000","14424.859583462046","14417.997752939862","12128.296452895833","1.0007982696988702","0.02835365482901797","0","b8ea3b62393883b214271958061a644368686dc583e5f2e33e5eafdc7a65f17e",""
"vectorPerformance","gaussian8","GPSS","1","-2","404175","4000","500","Complete","0.1113548","6.52E-5","0.0336743","0.0776153","0.171875","0.0","138018","4000","15549.340111147894","15536.369070524215","11710.881022750353","1.000693382204123","0.020280809809882006","0","e7f255a3304bc6df3dfbc4384cc42f0a14e097b21ea85d7dfdd0891304dccc86",""
"vectorPerformance","gaussian8","GPSS","1","-1","412094","4000","500","Complete","0.1160904","1.219E-4","0.0350441","0.0809244","0.3125","0.0","138132","4000","15263.81484653245","15291.911844531342","11216.22139798599","1.0004803178957116","0.014392603577789376","0","e114ddce1fe3e8b5caed48fc0365aca0d32bd35e94363aa001d7324d00935224",""
"vectorPerformance","gaussian8","GPSS","1","0","420013","4000","500","Complete","0.1068874","5.79E-5","0.0318714","0.0749581","0.140625","0.0","138323","4000","15080.473776226881","15096.77911576306","11062.432005908491","1.0006149641210862","0.012458863431772271","0","2a91e22981ec396c3eca9414af3d6ac63570dc29437cdd4bdc3eb6a8db475fa2",""
"vectorPerformance","gaussian8","GPSS","1","1","427932","4000","500","Complete","0.1012198","4.75E-5","0.0280979","0.0730744","0.09375","0.0","138154","4000","15134.6012276361","15136.078376941558","11308.922646882544","1.0009404579967858","0.013454526579750548","0","045e36a427e6332b3973cb5a7bed2c41034d4baa3241673dfea554f81e693a14",""
"vectorPerformance","gaussian8","GPSS","1","2","435851","4000","500","Complete","0.1052135","3.42E-5","0.0286234","0.0765559","0.109375","0.0","137988","4000","14363.080320209516","14344.664435137216","11161.859788330772","1.0004963309089212","0.01645570173683253","0","282eaef783cfb8138f0fbaa41141a7646474130935f10820d7fcdc9d6a1e24c0",""
"vectorPerformance","gaussian8","GPSS","1","3","443770","4000","500","Complete","0.099355","3.61E-5","0.028841","0.0704779","0.125","0.001","138055","4000","15045.50132933249","15019.431343943274","10767.592734371476","1.0010260647907836","0.018113200227977133","0","6f88cd3290902ed4688e28521e20205fca8afb18c6e4fe2e6e0de9c4e7e0a62c",""
"vectorPerformance","gaussian8","GPSS","1","4","451689","4000","500","Complete","0.1054632","4.17E-5","0.028443","0.0769785","0.1875","0.0","138188","4000","15603.053005275411","15621.61943123139","10677.483456214122","1.0007920020096437","0.014172913039023793","0","3703a943973521b658002c1d1edb8b4dcddac3550850573cac7499aba83dbaac",""
"vectorPerformance","gaussian8","GPSS","2","-2","404175","4000","500","Complete","0.4750704","0.0240372","0.2108669","0.2401663","3.53125","0.013","138018","4000","15549.340111147894","15536.369070524215","11710.881022750353","1.000693382204123","0.020280809809882006","0","e7f255a3304bc6df3dfbc4384cc42f0a14e097b21ea85d7dfdd0891304dccc86",""
"vectorPerformance","gaussian8","GPSS","2","-1","412094","4000","500","Complete","0.0884071","5.11E-5","0.0406319","0.0477241","0.34375","0.009","138132","4000","15263.81484653245","15291.911844531342","11216.22139798599","1.0004803178957116","0.014392603577789376","0","e114ddce1fe3e8b5caed48fc0365aca0d32bd35e94363aa001d7324d00935224",""
"vectorPerformance","gaussian8","GPSS","2","0","420013","4000","500","Complete","0.0587116","1.661E-4","0.0195122","0.0390333","0.125","0.0","138323","4000","15080.473776226881","15096.77911576306","11062.432005908491","1.0006149641210862","0.012458863431772271","0","2a91e22981ec396c3eca9414af3d6ac63570dc29437cdd4bdc3eb6a8db475fa2",""
"vectorPerformance","gaussian8","GPSS","2","1","427932","4000","500","Complete","0.0565991","3.59E-5","0.0206856","0.0358776","0.09375","0.001","138154","4000","15134.6012276361","15136.078376941558","11308.922646882544","1.0009404579967858","0.013454526579750548","0","045e36a427e6332b3973cb5a7bed2c41034d4baa3241673dfea554f81e693a14",""
"vectorPerformance","gaussian8","GPSS","2","2","435851","4000","500","Complete","0.0573637","5.03E-5","0.0208073","0.0365061","0.140625","0.002","137988","4000","14363.080320209516","14344.664435137216","11161.859788330772","1.0004963309089212","0.01645570173683253","0","282eaef783cfb8138f0fbaa41141a7646474130935f10820d7fcdc9d6a1e24c0",""
"vectorPerformance","gaussian8","GPSS","2","3","443770","4000","500","Complete","0.0586392","4.95E-5","0.0199065","0.0386832","0.171875","0.0","138055","4000","15045.50132933249","15019.431343943274","10767.592734371476","1.0010260647907836","0.018113200227977133","0","6f88cd3290902ed4688e28521e20205fca8afb18c6e4fe2e6e0de9c4e7e0a62c",""
"vectorPerformance","gaussian8","GPSS","2","4","451689","4000","500","Complete","0.0580772","3.61E-5","0.0187328","0.0393083","0.1875","0.0","138188","4000","15603.053005275411","15621.61943123139","10677.483456214122","1.0007920020096437","0.014172913039023793","0","3703a943973521b658002c1d1edb8b4dcddac3550850573cac7499aba83dbaac",""
"vectorPerformance","gaussian8","GPSS","4","-2","404175","4000","500","Complete","0.1029621","0.0010512","0.0333658","0.0685451","0.828125","0.012","138018","4000","15549.340111147894","15536.369070524215","11710.881022750353","1.000693382204123","0.020280809809882006","0","e7f255a3304bc6df3dfbc4384cc42f0a14e097b21ea85d7dfdd0891304dccc86",""
"vectorPerformance","gaussian8","GPSS","4","-1","412094","4000","500","Complete","0.047263","1.22E-4","0.0209275","0.0262135","0.1875","0.002","138132","4000","15263.81484653245","15291.911844531342","11216.22139798599","1.0004803178957116","0.014392603577789376","0","e114ddce1fe3e8b5caed48fc0365aca0d32bd35e94363aa001d7324d00935224",""
"vectorPerformance","gaussian8","GPSS","4","0","420013","4000","500","Complete","0.0426011","4.78E-5","0.0185342","0.0240191","0.1875","0.002","138323","4000","15080.473776226881","15096.77911576306","11062.432005908491","1.0006149641210862","0.012458863431772271","0","2a91e22981ec396c3eca9414af3d6ac63570dc29437cdd4bdc3eb6a8db475fa2",""
"vectorPerformance","gaussian8","GPSS","4","1","427932","4000","500","Complete","0.0419644","3.29E-5","0.0182131","0.0237184","0.140625","0.0","138154","4000","15134.6012276361","15136.078376941558","11308.922646882544","1.0009404579967858","0.013454526579750548","0","045e36a427e6332b3973cb5a7bed2c41034d4baa3241673dfea554f81e693a14",""
"vectorPerformance","gaussian8","GPSS","4","2","435851","4000","500","Complete","0.0412655","3.66E-5","0.0186457","0.0225832","0.125","0.0","137988","4000","14363.080320209516","14344.664435137216","11161.859788330772","1.0004963309089212","0.01645570173683253","0","282eaef783cfb8138f0fbaa41141a7646474130935f10820d7fcdc9d6a1e24c0",""
"vectorPerformance","gaussian8","GPSS","4","3","443770","4000","500","Complete","0.04198","4.16E-5","0.0192057","0.0227327","0.203125","0.0","138055","4000","15045.50132933249","15019.431343943274","10767.592734371476","1.0010260647907836","0.018113200227977133","0","6f88cd3290902ed4688e28521e20205fca8afb18c6e4fe2e6e0de9c4e7e0a62c",""
"vectorPerformance","gaussian8","GPSS","4","4","451689","4000","500","Complete","0.044615","4.52E-5","0.0194303","0.0251395","0.484375","0.002","138188","4000","15603.053005275411","15621.61943123139","10677.483456214122","1.0007920020096437","0.014172913039023793","0","3703a943973521b658002c1d1edb8b4dcddac3550850573cac7499aba83dbaac",""
"vectorPerformance","gaussian8","Quantile","1","-2","404175","4000","500","Complete","0.1036762","4.21E-5","0.0375512","0.0660829","0.140625","0.0","439383","4000","15133.633311857895","15137.149661571859","12640.232874183323","1.0002765119712598","0.010865777388695763","0","0a652ec86caa4b0878042a2ca27e4843b8fff440045e84ffe9040bbf18fc5c1b",""
"vectorPerformance","gaussian8","Quantile","1","-1","412094","4000","500","Complete","0.1032819","3.21E-5","0.0369307","0.0663191","0.109375","0.0","438543","4000","15213.490906399908","15228.10660758392","12891.868030399028","1.0002543220506444","0.014962146800250764","0","22193da6e1ed5c7fb6bc482596a8cb09c08425673712be65ab0ebf58ef73f382",""
"vectorPerformance","gaussian8","Quantile","1","0","420013","4000","500","Complete","0.1025154","3.16E-5","0.0380045","0.0644793","0.125","0.001","436956","4000","15387.214907747757","15383.41868425877","13280.050841973973","1.000488212672387","0.017862111392228958","0","1a2a7053039cbf9cd5227976b2ba660c8f0bbf84c10e94ae04c9c6d297fc0025",""
"vectorPerformance","gaussian8","Quantile","1","1","427932","4000","500","Complete","0.0998829","3.34E-5","0.0354256","0.0644239","0.140625","0.0","437269","4000","15727.934748036001","15719.464590581323","12902.625514015059","1.0004649152576137","0.012810490325706247","0","850de3d767de404b10a6234afa6ecc9c5dfdee0c4338411a0af3e46894e42ce3",""
"vectorPerformance","gaussian8","Quantile","1","2","435851","4000","500","Complete","0.104682","3.56E-5","0.0416106","0.0630358","0.453125","0.001","438008","4000","15126.989343371939","15133.471327879883","12471.355965872704","1.0004579804360567","0.01410791604282019","0","fd474ea7f77c91f336f3664000c5dec28946aab4fd9917ca2fd5c066ad7e03df",""
"vectorPerformance","gaussian8","Quantile","1","3","443770","4000","500","Complete","0.102802","3.1E-5","0.0379317","0.0648393","0.109375","0.0","438134","4000","14783.95134310092","14781.603964607304","13183.37761680062","1.0005441549460146","0.009381500096846795","0","f5d860d8f1c8c55386f06f23faad6b9f8df1541a619040c2f28698d0813a5f75",""
"vectorPerformance","gaussian8","Quantile","1","4","451689","4000","500","Complete","0.1033508","3.15E-5","0.036791","0.0665283","0.09375","0.002","437868","4000","14884.121074739518","14909.092385573675","12538.608584974128","1.0004648391967559","0.02587550455561438","0","f5667ee456b1d3d2b0c42c8460f2481029f27806732e9bf75dd56271a0628822",""
"vectorPerformance","gaussian8","Quantile","2","-2","404175","4000","500","Complete","0.096224","4.48E-5","0.0511885","0.0449907","0.453125","0.0","439383","4000","15133.633311857895","15137.149661571859","12640.232874183323","1.0002765119712598","0.010865777388695763","0","0a652ec86caa4b0878042a2ca27e4843b8fff440045e84ffe9040bbf18fc5c1b",""
"vectorPerformance","gaussian8","Quantile","2","-1","412094","4000","500","Complete","0.0606125","3.02E-5","0.0232298","0.0373525","0.125","0.002","438543","4000","15213.490906399908","15228.10660758392","12891.868030399028","1.0002543220506444","0.014962146800250764","0","22193da6e1ed5c7fb6bc482596a8cb09c08425673712be65ab0ebf58ef73f382",""
"vectorPerformance","gaussian8","Quantile","2","0","420013","4000","500","Complete","0.0569337","2.9E-5","0.0222789","0.0346258","0.125","0.0","436956","4000","15387.214907747757","15383.41868425877","13280.050841973973","1.000488212672387","0.017862111392228958","0","1a2a7053039cbf9cd5227976b2ba660c8f0bbf84c10e94ae04c9c6d297fc0025",""
"vectorPerformance","gaussian8","Quantile","2","1","427932","4000","500","Complete","0.0590043","3.16E-5","0.0240738","0.0348989","0.109375","0.001","437269","4000","15727.934748036001","15719.464590581323","12902.625514015059","1.0004649152576137","0.012810490325706247","0","850de3d767de404b10a6234afa6ecc9c5dfdee0c4338411a0af3e46894e42ce3",""
"vectorPerformance","gaussian8","Quantile","2","2","435851","4000","500","Complete","0.0565783","3.34E-5","0.0226758","0.0338691","0.125","0.0","438008","4000","15126.989343371939","15133.471327879883","12471.355965872704","1.0004579804360567","0.01410791604282019","0","fd474ea7f77c91f336f3664000c5dec28946aab4fd9917ca2fd5c066ad7e03df",""
"vectorPerformance","gaussian8","Quantile","2","3","443770","4000","500","Complete","0.0569445","3.44E-5","0.0232999","0.0336102","0.125","0.0","438134","4000","14783.95134310092","14781.603964607304","13183.37761680062","1.0005441549460146","0.009381500096846795","0","f5d860d8f1c8c55386f06f23faad6b9f8df1541a619040c2f28698d0813a5f75",""
"vectorPerformance","gaussian8","Quantile","2","4","451689","4000","500","Complete","0.0583913","5.25E-5","0.0249612","0.0333776","0.125","0.002","437868","4000","14884.121074739518","14909.092385573675","12538.608584974128","1.0004648391967559","0.02587550455561438","0","f5667ee456b1d3d2b0c42c8460f2481029f27806732e9bf75dd56271a0628822",""
"vectorPerformance","gaussian8","Quantile","4","-2","404175","4000","500","Complete","0.0478627","5.76E-5","0.0286556","0.0191495","0.171875","0.002","439383","4000","15133.633311857895","15137.149661571859","12640.232874183323","1.0002765119712598","0.010865777388695763","0","0a652ec86caa4b0878042a2ca27e4843b8fff440045e84ffe9040bbf18fc5c1b",""
"vectorPerformance","gaussian8","Quantile","4","-1","412094","4000","500","Complete","0.0426231","2.93E-5","0.0229172","0.0196766","0.1875","0.0","438543","4000","15213.490906399908","15228.10660758392","12891.868030399028","1.0002543220506444","0.014962146800250764","0","22193da6e1ed5c7fb6bc482596a8cb09c08425673712be65ab0ebf58ef73f382",""
"vectorPerformance","gaussian8","Quantile","4","0","420013","4000","500","Complete","0.0428949","3.43E-5","0.021846","0.0210146","0.1875","0.003","436956","4000","15387.214907747757","15383.41868425877","13280.050841973973","1.000488212672387","0.017862111392228958","0","1a2a7053039cbf9cd5227976b2ba660c8f0bbf84c10e94ae04c9c6d297fc0025",""
"vectorPerformance","gaussian8","Quantile","4","1","427932","4000","500","Complete","0.0415408","6.31E-5","0.0219495","0.0195282","0.1875","0.0","437269","4000","15727.934748036001","15719.464590581323","12902.625514015059","1.0004649152576137","0.012810490325706247","0","850de3d767de404b10a6234afa6ecc9c5dfdee0c4338411a0af3e46894e42ce3",""
"vectorPerformance","gaussian8","Quantile","4","2","435851","4000","500","Complete","0.0416457","3.22E-5","0.0220834","0.0195301","0.1875","0.0","438008","4000","15126.989343371939","15133.471327879883","12471.355965872704","1.0004579804360567","0.01410791604282019","0","fd474ea7f77c91f336f3664000c5dec28946aab4fd9917ca2fd5c066ad7e03df",""
"vectorPerformance","gaussian8","Quantile","4","3","443770","4000","500","Complete","0.0447746","3.19E-5","0.0218144","0.0229283","0.171875","0.003","438134","4000","14783.95134310092","14781.603964607304","13183.37761680062","1.0005441549460146","0.009381500096846795","0","f5d860d8f1c8c55386f06f23faad6b9f8df1541a619040c2f28698d0813a5f75",""
"vectorPerformance","gaussian8","Quantile","4","4","451689","4000","500","Complete","0.0425613","4.09E-5","0.0223037","0.0202167","0.125","0.0","437868","4000","14884.121074739518","14909.092385573675","12538.608584974128","1.0004648391967559","0.02587550455561438","0","f5667ee456b1d3d2b0c42c8460f2481029f27806732e9bf75dd56271a0628822",""
"vectorPerformance","likelihood8","GPSS","1","-2","404175","4000","500","Complete","0.1572674","1.528E-4","0.0887893","0.0683253","0.15625","0.0","113497","4000","15386.728000357793","15391.85127451405","11321.818924317045","1.000502564087113","0.005344596134197365","0","15875fc3ad457cd99d016931ae49e3b53ed50293a59b7331791ac43670de87bd",""
"vectorPerformance","likelihood8","GPSS","1","-1","412094","4000","500","Complete","0.1510896","6.59E-5","0.08642","0.0646037","0.15625","0.001","113672","4000","14515.066848005721","14590.130865412311","10903.103694208865","1.0008342935047612","0.005564436392907962","0","fc720f0e7fc6b705ca4b80ac8fe6515a0d286ae0520a978aef375e586c9db6bf",""
"vectorPerformance","likelihood8","GPSS","1","0","420013","4000","500","Complete","0.1605797","1.254E-4","0.0914412","0.0690131","0.15625","0.0","113054","4000","15068.277084944693","15070.85887531968","10694.846310168503","1.0005601541440654","0.004181248674558491","0","8d6dc2b369fc062d17f4e1721fe9d8a199bcba9f600d8572402455c6c30b60fa",""
"vectorPerformance","likelihood8","GPSS","1","1","427932","4000","500","Complete","0.1639041","8.98E-5","0.0932125","0.0706018","0.15625","0.0","113472","4000","15069.243223748383","15055.059231076986","10322.707096463675","1.0013248567157627","0.005340326134526563","0","38e3adbbae621e7ad84a1cb5d7d2f248aeb925e3eea6b59badd3e9bb967ca792",""
"vectorPerformance","likelihood8","GPSS","1","2","435851","4000","500","Complete","0.1648222","6.73E-5","0.094964","0.0697909","0.140625","0.0","113322","4000","15018.1283976014","15019.886701809703","11132.174688571149","1.000533090102839","0.005175852109189194","0","a1c97633734bbb43a66c525a225905cb612f427cd2600d3cc731158cc0011283",""
"vectorPerformance","likelihood8","GPSS","1","3","443770","4000","500","Complete","0.1513566","6.93E-5","0.086142","0.0651453","0.140625","0.0","113541","4000","15504.177620932032","15516.176571089783","11070.759113858252","1.0005200177999494","0.0030179744349801974","0","10250d525acdf021423a78f0a10ef6caf57ce50e6525306305dda230dde4a3dd",""
"vectorPerformance","likelihood8","GPSS","1","4","451689","4000","500","Complete","0.1502302","8.81E-5","0.0848499","0.0652922","0.171875","0.0","113652","4000","14785.194091889316","14779.730449941797","11297.287331686812","1.0008757668998252","0.004036703328069907","0","aeb7ca95e5af585230ca0add63518df7f82bcf74ed17b9d657a219f4e1b2d0f5",""
"vectorPerformance","likelihood8","GPSS","2","-2","404175","4000","500","Complete","0.0988108","0.0024276","0.0609561","0.0354271","0.265625","0.001","113497","4000","15386.728000357793","15391.85127451405","11321.818924317045","1.000502564087113","0.005344596134197365","0","15875fc3ad457cd99d016931ae49e3b53ed50293a59b7331791ac43670de87bd",""
"vectorPerformance","likelihood8","GPSS","2","-1","412094","4000","500","Complete","0.0804384","7.05E-5","0.0447869","0.035581","0.15625","0.0","113672","4000","14515.066848005721","14590.130865412311","10903.103694208865","1.0008342935047612","0.005564436392907962","0","fc720f0e7fc6b705ca4b80ac8fe6515a0d286ae0520a978aef375e586c9db6bf",""
"vectorPerformance","likelihood8","GPSS","2","0","420013","4000","500","Complete","0.0857594","1.147E-4","0.0489648","0.0366799","0.234375","0.0","113054","4000","15068.277084944693","15070.85887531968","10694.846310168503","1.0005601541440654","0.004181248674558491","0","8d6dc2b369fc062d17f4e1721fe9d8a199bcba9f600d8572402455c6c30b60fa",""
"vectorPerformance","likelihood8","GPSS","2","1","427932","4000","500","Complete","0.092486","6.2E-5","0.0538559","0.0385681","0.1875","0.002","113472","4000","15069.243223748383","15055.059231076986","10322.707096463675","1.0013248567157627","0.005340326134526563","0","38e3adbbae621e7ad84a1cb5d7d2f248aeb925e3eea6b59badd3e9bb967ca792",""
"vectorPerformance","likelihood8","GPSS","2","2","435851","4000","500","Complete","0.0853438","6.6E-5","0.0491294","0.0361484","0.25","0.0","113322","4000","15018.1283976014","15019.886701809703","11132.174688571149","1.000533090102839","0.005175852109189194","0","a1c97633734bbb43a66c525a225905cb612f427cd2600d3cc731158cc0011283",""
"vectorPerformance","likelihood8","GPSS","2","3","443770","4000","500","Complete","0.0804128","5.87E-5","0.0454414","0.0349127","0.21875","0.0","113541","4000","15504.177620932032","15516.176571089783","11070.759113858252","1.0005200177999494","0.0030179744349801974","0","10250d525acdf021423a78f0a10ef6caf57ce50e6525306305dda230dde4a3dd",""
"vectorPerformance","likelihood8","GPSS","2","4","451689","4000","500","Complete","0.0793534","6.62E-5","0.0469219","0.0323653","0.15625","0.001","113652","4000","14785.194091889316","14779.730449941797","11297.287331686812","1.0008757668998252","0.004036703328069907","0","aeb7ca95e5af585230ca0add63518df7f82bcf74ed17b9d657a219f4e1b2d0f5",""
"vectorPerformance","likelihood8","GPSS","4","-2","404175","4000","500","Complete","0.0455871","1.401E-4","0.0257","0.019747","0.1875","0.0","113497","4000","15386.728000357793","15391.85127451405","11321.818924317045","1.000502564087113","0.005344596134197365","0","15875fc3ad457cd99d016931ae49e3b53ed50293a59b7331791ac43670de87bd",""
"vectorPerformance","likelihood8","GPSS","4","-1","412094","4000","500","Complete","0.0510398","6.99E-5","0.0285019","0.022468","0.171875","0.0","113672","4000","14515.066848005721","14590.130865412311","10903.103694208865","1.0008342935047612","0.005564436392907962","0","fc720f0e7fc6b705ca4b80ac8fe6515a0d286ae0520a978aef375e586c9db6bf",""
"vectorPerformance","likelihood8","GPSS","4","0","420013","4000","500","Complete","0.0500371","1.086E-4","0.0291155","0.020813","0.171875","0.001","113054","4000","15068.277084944693","15070.85887531968","10694.846310168503","1.0005601541440654","0.004181248674558491","0","8d6dc2b369fc062d17f4e1721fe9d8a199bcba9f600d8572402455c6c30b60fa",""
"vectorPerformance","likelihood8","GPSS","4","1","427932","4000","500","Complete","0.0494428","5.93E-5","0.0283345","0.021049","0.1875","0.0","113472","4000","15069.243223748383","15055.059231076986","10322.707096463675","1.0013248567157627","0.005340326134526563","0","38e3adbbae621e7ad84a1cb5d7d2f248aeb925e3eea6b59badd3e9bb967ca792",""
"vectorPerformance","likelihood8","GPSS","4","2","435851","4000","500","Complete","0.0554191","7.17E-5","0.0335027","0.0218447","0.1875","0.0","113322","4000","15018.1283976014","15019.886701809703","11132.174688571149","1.000533090102839","0.005175852109189194","0","a1c97633734bbb43a66c525a225905cb612f427cd2600d3cc731158cc0011283",""
"vectorPerformance","likelihood8","GPSS","4","3","443770","4000","500","Complete","0.0452599","7.88E-5","0.0254438","0.0197373","0.1875","0.001","113541","4000","15504.177620932032","15516.176571089783","11070.759113858252","1.0005200177999494","0.0030179744349801974","0","10250d525acdf021423a78f0a10ef6caf57ce50e6525306305dda230dde4a3dd",""
"vectorPerformance","likelihood8","GPSS","4","4","451689","4000","500","Complete","0.04558","5.97E-5","0.0257779","0.0197424","0.171875","0.0","113652","4000","14785.194091889316","14779.730449941797","11297.287331686812","1.0008757668998252","0.004036703328069907","0","aeb7ca95e5af585230ca0add63518df7f82bcf74ed17b9d657a219f4e1b2d0f5",""
"vectorPerformance","likelihood8","Quantile","1","-2","404175","4000","500","Complete","0.4541935","5.17E-5","0.3899941","0.0641477","0.46875","0.002","675623","4000","14553.603071888145","14560.448774995888","11253.189859649683","1.0007097070118298","0.003922918284137322","0","03828cdda4fc43583cac684014ff31176af4a34269763a886473aa7e641f0391",""
"vectorPerformance","likelihood8","Quantile","1","-1","412094","4000","500","Complete","0.4554255","3.71E-5","0.3917791","0.0636093","0.453125","0.002","674660","4000","15209.136106969212","15217.30790335651","11240.432710958032","1.0004372157752155","0.0052684685777992235","0","e259b6e006096a76873934a7876a399ffc6054ce8626e6a9f54fe4dc9a2a077b",""
"vectorPerformance","likelihood8","Quantile","1","0","420013","4000","500","Complete","0.4516996","3.74E-5","0.3851733","0.0664889","0.453125","0.001","673796","4000","15027.331818683551","15033.704474475824","10491.658637470435","1.0004326935079904","0.005338364077357494","0","a6b794bfac044c42b2225f202fe85edd749f09d343dadd0c6f9a8be5b72afda0",""
"vectorPerformance","likelihood8","Quantile","1","1","427932","4000","500","Complete","0.4499554","3.39E-5","0.3847542","0.0651673","0.453125","0.0","673825","4000","15276.658872254206","15256.4622489339","11119.716918313663","1.000391617247902","0.006419580823759208","0","50e2cecd19fa21e7ea4301720423264b745a7096caa97d8e6935a59763285f0a",""
"vectorPerformance","likelihood8","Quantile","1","2","435851","4000","500","Complete","0.4538132","3.62E-5","0.3894747","0.0643023","0.453125","0.0","674482","4000","15438.964336306639","15424.356228106937","11497.88972532256","1.0006283061980878","0.01024848436056533","0","d045bb5c2ae5192b21902085068a9b62aa6f41d66d4132dc6affda22bcc4912d",""
"vectorPerformance","likelihood8","Quantile","1","3","443770","4000","500","Complete","0.4504464","4.61E-5","0.3857856","0.0646147","0.453125","0.0","674770","4000","15279.141041189421","15290.437507693725","11098.089526704722","1.00060311853599","0.008195113181772185","0","14c0d80a24194a44695934e9fba1972daa6dc8b7383da72f1cd5837c36c4722d",""
"vectorPerformance","likelihood8","Quantile","1","4","451689","4000","500","Complete","0.4525286","3.27E-5","0.3888608","0.0636351","0.453125","0.002","675588","4000","15378.326224840608","15396.096164831599","11613.462866841413","1.000726442029433","0.005885612388259281","0","dffab805aa7e6a415f84c4666b5b3033cb9751a54880ba72e95a79dc87652086",""
"vectorPerformance","likelihood8","Quantile","2","-2","404175","4000","500","Complete","0.2401769","7.51E-5","0.2061801","0.0339217","0.46875","0.002","675623","4000","14553.603071888145","14560.448774995888","11253.189859649683","1.0007097070118298","0.003922918284137322","0","03828cdda4fc43583cac684014ff31176af4a34269763a886473aa7e641f0391",""
"vectorPerformance","likelihood8","Quantile","2","-1","412094","4000","500","Complete","0.2388908","4.58E-5","0.2015845","0.0372605","0.484375","0.0","674660","4000","15209.136106969212","15217.30790335651","11240.432710958032","1.0004372157752155","0.0052684685777992235","0","e259b6e006096a76873934a7876a399ffc6054ce8626e6a9f54fe4dc9a2a077b",""
"vectorPerformance","likelihood8","Quantile","2","0","420013","4000","500","Complete","0.2379902","3.61E-5","0.2024967","0.0354574","0.453125","0.0","673796","4000","15027.331818683551","15033.704474475824","10491.658637470435","1.0004326935079904","0.005338364077357494","0","a6b794bfac044c42b2225f202fe85edd749f09d343dadd0c6f9a8be5b72afda0",""
"vectorPerformance","likelihood8","Quantile","2","1","427932","4000","500","Complete","0.236394","8.36E-5","0.2017984","0.034512","0.46875","0.0","673825","4000","15276.658872254206","15256.4622489339","11119.716918313663","1.000391617247902","0.006419580823759208","0","50e2cecd19fa21e7ea4301720423264b745a7096caa97d8e6935a59763285f0a",""
"vectorPerformance","likelihood8","Quantile","2","2","435851","4000","500","Complete","0.2363212","3.23E-5","0.2034195","0.0328694","0.46875","0.003","674482","4000","15438.964336306639","15424.356228106937","11497.88972532256","1.0006283061980878","0.01024848436056533","0","d045bb5c2ae5192b21902085068a9b62aa6f41d66d4132dc6affda22bcc4912d",""
"vectorPerformance","likelihood8","Quantile","2","3","443770","4000","500","Complete","0.233726","3.29E-5","0.2008944","0.0327987","0.46875","0.001","674770","4000","15279.141041189421","15290.437507693725","11098.089526704722","1.00060311853599","0.008195113181772185","0","14c0d80a24194a44695934e9fba1972daa6dc8b7383da72f1cd5837c36c4722d",""
"vectorPerformance","likelihood8","Quantile","2","4","451689","4000","500","Complete","0.2347222","3.35E-5","0.2023294","0.0323593","0.46875","0.002","675588","4000","15378.326224840608","15396.096164831599","11613.462866841413","1.000726442029433","0.005885612388259281","0","dffab805aa7e6a415f84c4666b5b3033cb9751a54880ba72e95a79dc87652086",""
"vectorPerformance","likelihood8","Quantile","4","-2","404175","4000","500","Complete","0.1229525","3.57E-5","0.1030913","0.0198255","0.5","0.0","675623","4000","14553.603071888145","14560.448774995888","11253.189859649683","1.0007097070118298","0.003922918284137322","0","03828cdda4fc43583cac684014ff31176af4a34269763a886473aa7e641f0391",""
"vectorPerformance","likelihood8","Quantile","4","-1","412094","4000","500","Complete","0.1235485","3.69E-5","0.1043856","0.019126","0.5","0.0","674660","4000","15209.136106969212","15217.30790335651","11240.432710958032","1.0004372157752155","0.0052684685777992235","0","e259b6e006096a76873934a7876a399ffc6054ce8626e6a9f54fe4dc9a2a077b",""
"vectorPerformance","likelihood8","Quantile","4","0","420013","4000","500","Complete","0.1253027","3.82E-5","0.1054677","0.0197968","0.5","0.002","673796","4000","15027.331818683551","15033.704474475824","10491.658637470435","1.0004326935079904","0.005338364077357494","0","a6b794bfac044c42b2225f202fe85edd749f09d343dadd0c6f9a8be5b72afda0",""
"vectorPerformance","likelihood8","Quantile","4","1","427932","4000","500","Complete","0.126472","6.27E-5","0.1067041","0.0197052","0.390625","0.002","673825","4000","15276.658872254206","15256.4622489339","11119.716918313663","1.000391617247902","0.006419580823759208","0","50e2cecd19fa21e7ea4301720423264b745a7096caa97d8e6935a59763285f0a",""
"vectorPerformance","likelihood8","Quantile","4","2","435851","4000","500","Complete","0.1254727","3.42E-5","0.1061115","0.019327","0.484375","0.002","674482","4000","15438.964336306639","15424.356228106937","11497.88972532256","1.0006283061980878","0.01024848436056533","0","d045bb5c2ae5192b21902085068a9b62aa6f41d66d4132dc6affda22bcc4912d",""
"vectorPerformance","likelihood8","Quantile","4","3","443770","4000","500","Complete","0.1223496","4.63E-5","0.1030757","0.0192276","0.4375","0.0","674770","4000","15279.141041189421","15290.437507693725","11098.089526704722","1.00060311853599","0.008195113181772185","0","14c0d80a24194a44695934e9fba1972daa6dc8b7383da72f1cd5837c36c4722d",""
"vectorPerformance","likelihood8","Quantile","4","4","451689","4000","500","Complete","0.1220485","3.5E-5","0.1027412","0.0192723","0.5","0.0","675588","4000","15378.326224840608","15396.096164831599","11613.462866841413","1.000726442029433","0.005885612388259281","0","dffab805aa7e6a415f84c4666b5b3033cb9751a54880ba72e95a79dc87652086",""
"vectorPerformance","mixture8","GPSS","1","-2","404175","4000","500","Complete","0.1583749","2.07E-5","0.0842139","0.0741403","0.171875","0.0","229144","4000","14.257988816324646","29.19304971339808","41.12369705555653","1.0898522442939091","0.21935070608817098","8","3b6875e17ed27fe9805ded4d871f7b5f9d73e9def0157d2b9b3ca4e8933848aa",""
"vectorPerformance","mixture8","GPSS","1","-1","412094","4000","500","Complete","0.1466907","1.85E-5","0.0790276","0.0676446","0.15625","0.002","229290","4000","18.720999899350527","39.028622707399215","46.96121523232878","1.0731938076004162","0.17813809720195017","8","abf27d85ad57f604af02f9ce976cde68729c5e5b0b9868c8021e26e9e57c9cbb",""
"vectorPerformance","mixture8","GPSS","1","0","420013","4000","500","Complete","0.1466625","2.01E-5","0.0820966","0.0645458","0.15625","0.001","230860","4000","11.197660818981081","21.159126284650732","49.74480814386594","1.1308094060468774","0.5016290019944878","8","f1a24a91ced5488ebfe513313caafc39cdc36be309bd0944b0aca511830cdc9b",""
"vectorPerformance","mixture8","GPSS","1","1","427932","4000","500","Complete","0.1413914","1.99E-5","0.0784979","0.0628736","0.140625","0.0","227656","4000","350.3365962359708","946.1959119121931","828.0407758236613","1.006187429279826","0.489472770444491","0","3048dd7a997ec08547ffedc643f4f8ad71fb08dfc61d73588f085fae9f3b2530",""
"vectorPerformance","mixture8","GPSS","1","2","435851","4000","500","Complete","0.1474138","1.91E-5","0.0801012","0.0672935","0.171875","0.002","230320","4000","11.885382937205895","20.922381229748733","74.65086869430434","1.127517255169642","0.6163845076767369","8","a8b0c5d28390a6bbe639426c5f3d044100be601426210b18a9d9a12faa0fdcbb",""
"vectorPerformance","mixture8","GPSS","1","3","443770","4000","500","Complete","0.1430023","1.88E-5","0.0795178","0.0634657","0.15625","0.001","228342","4000","32.15927038708645","138.24287084259578","31.951943081965528","1.0380332431121262","0.32314994313579937","8","fb914cb87efc1f88af4218573d1acfcb2cf7af7578bb3764f9313b6f1caf9c08",""
"vectorPerformance","mixture8","GPSS","1","4","451689","4000","500","Complete","0.1447062","1.99E-5","0.0801629","0.0645234","0.15625","0.001","231161","4000","11.42981152723505","18.51428192120557","82.97173289489884","1.1478873533286111","0.944470980985646","8","8c304b54387b3cfcaea9ca546733eb569997eadee97f924c60d4475ce4148eb9",""
"vectorPerformance","mixture8","GPSS","2","-2","404175","4000","500","Complete","0.0951147","1.76E-5","0.0587024","0.0363947","0.234375","0.0","229144","4000","14.257988816324646","29.19304971339808","41.12369705555653","1.0898522442939091","0.21935070608817098","8","3b6875e17ed27fe9805ded4d871f7b5f9d73e9def0157d2b9b3ca4e8933848aa",""
"vectorPerformance","mixture8","GPSS","2","-1","412094","4000","500","Complete","0.08477","1.81E-5","0.0489831","0.0357688","0.15625","0.001","229290","4000","18.720999899350527","39.028622707399215","46.96121523232878","1.0731938076004162","0.17813809720195017","8","abf27d85ad57f604af02f9ce976cde68729c5e5b0b9868c8021e26e9e57c9cbb",""
"vectorPerformance","mixture8","GPSS","2","0","420013","4000","500","Complete","0.0849309","1.91E-5","0.0504156","0.0344962","0.15625","0.0","230860","4000","11.197660818981081","21.159126284650732","49.74480814386594","1.1308094060468774","0.5016290019944878","8","f1a24a91ced5488ebfe513313caafc39cdc36be309bd0944b0aca511830cdc9b",""
"vectorPerformance","mixture8","GPSS","2","1","427932","4000","500","Complete","0.0837004","1.9E-5","0.050222","0.0334594","0.203125","0.0","227656","4000","350.3365962359708","946.1959119121931","828.0407758236613","1.006187429279826","0.489472770444491","0","3048dd7a997ec08547ffedc643f4f8ad71fb08dfc61d73588f085fae9f3b2530",""
"vectorPerformance","mixture8","GPSS","2","2","435851","4000","500","Complete","0.0844969","1.72E-5","0.0494836","0.0349961","0.140625","0.0","230320","4000","11.885382937205895","20.922381229748733","74.65086869430434","1.127517255169642","0.6163845076767369","8","a8b0c5d28390a6bbe639426c5f3d044100be601426210b18a9d9a12faa0fdcbb",""
"vectorPerformance","mixture8","GPSS","2","3","443770","4000","500","Complete","0.0837211","1.92E-5","0.0487455","0.0349564","0.15625","0.0","228342","4000","32.15927038708645","138.24287084259578","31.951943081965528","1.0380332431121262","0.32314994313579937","8","fb914cb87efc1f88af4218573d1acfcb2cf7af7578bb3764f9313b6f1caf9c08",""
"vectorPerformance","mixture8","GPSS","2","4","451689","4000","500","Complete","0.0836109","1.84E-5","0.0489478","0.0346447","0.15625","0.0","231161","4000","11.42981152723505","18.51428192120557","82.97173289489884","1.1478873533286111","0.944470980985646","8","8c304b54387b3cfcaea9ca546733eb569997eadee97f924c60d4475ce4148eb9",""
"vectorPerformance","mixture8","GPSS","4","-2","404175","4000","500","Complete","0.0641775","2.55E-5","0.0449113","0.0192407","0.25","0.001","229144","4000","14.257988816324646","29.19304971339808","41.12369705555653","1.0898522442939091","0.21935070608817098","8","3b6875e17ed27fe9805ded4d871f7b5f9d73e9def0157d2b9b3ca4e8933848aa",""
"vectorPerformance","mixture8","GPSS","4","-1","412094","4000","500","Complete","0.0653819","1.86E-5","0.0454017","0.0199616","0.25","0.0","229290","4000","18.720999899350527","39.028622707399215","46.96121523232878","1.0731938076004162","0.17813809720195017","8","abf27d85ad57f604af02f9ce976cde68729c5e5b0b9868c8021e26e9e57c9cbb",""
"vectorPerformance","mixture8","GPSS","4","0","420013","4000","500","Complete","0.0672753","1.84E-5","0.0463988","0.0208581","0.3125","0.001","230860","4000","11.197660818981081","21.159126284650732","49.74480814386594","1.1308094060468774","0.5016290019944878","8","f1a24a91ced5488ebfe513313caafc39cdc36be309bd0944b0aca511830cdc9b",""
"vectorPerformance","mixture8","GPSS","4","1","427932","4000","500","Complete","0.0627126","1.77E-5","0.0440451","0.0186498","0.25","0.001","227656","4000","350.3365962359708","946.1959119121931","828.0407758236613","1.006187429279826","0.489472770444491","0","3048dd7a997ec08547ffedc643f4f8ad71fb08dfc61d73588f085fae9f3b2530",""
"vectorPerformance","mixture8","GPSS","4","2","435851","4000","500","Complete","0.0647425","1.68E-5","0.0449149","0.0198108","0.25","0.001","230320","4000","11.885382937205895","20.922381229748733","74.65086869430434","1.127517255169642","0.6163845076767369","8","a8b0c5d28390a6bbe639426c5f3d044100be601426210b18a9d9a12faa0fdcbb",""
"vectorPerformance","mixture8","GPSS","4","3","443770","4000","500","Complete","0.0653047","1.73E-5","0.0453416","0.0199458","0.5625","0.001","228342","4000","32.15927038708645","138.24287084259578","31.951943081965528","1.0380332431121262","0.32314994313579937","8","fb914cb87efc1f88af4218573d1acfcb2cf7af7578bb3764f9313b6f1caf9c08",""
"vectorPerformance","mixture8","GPSS","4","4","451689","4000","500","Complete","0.0647674","1.94E-5","0.0451725","0.0195755","0.25","0.001","231161","4000","11.42981152723505","18.51428192120557","82.97173289489884","1.1478873533286111","0.944470980985646","8","8c304b54387b3cfcaea9ca546733eb569997eadee97f924c60d4475ce4148eb9",""
"vectorPerformance","mixture8","Quantile","1","-2","404175","4000","500","Complete","0.2253808","1.78E-5","0.1585559","0.0668071","0.21875","0.001","794544","4000","4.187636809868029","7.060337598855363","26.16378128764236","1.5288331364789502","3.256985326991021","8","08478ec37e7016f0a746f5541369d3f27e6780b3d77ac0dd3727aedc458b8a7f",""
"vectorPerformance","mixture8","Quantile","1","-1","412094","4000","500","Complete","0.2287903","1.65E-5","0.1643021","0.0644717","0.234375","0.001","816779","4000","13172.219750891138","13222.282432153374","9557.095877190202","1.0009523655339596","4.505381108384656","0","df0a2d121acaf8121fe4585bac661d116d56b94d4bbd87d7554b9b56bc69a16b",""
"vectorPerformance","mixture8","Quantile","1","0","420013","4000","500","Complete","0.2281923","2.0E-5","0.1633115","0.0648608","0.21875","0.002","794198","4000","4.186058672517822","7.066033020998243","25.872565892706334","1.528293121197245","3.254959184947837","8","298edcccf4cb67bd1d71a2c67eaac49d9c2f065b01ce89b5a425470b4ac34246",""
"vectorPerformance","mixture8","Quantile","1","1","427932","4000","500","Complete","0.2312673","2.04E-5","0.1620471","0.0691998","0.21875","0.002","793428","4000","4.1830750512240416","7.063117190644894","25.56957561795727","1.5283657513611182","3.2567621870613133","8","273d5a969b71614959a723e90feee880f8890fbdd52ed734512ecdb8349192a1",""
"vectorPerformance","mixture8","Quantile","1","2","435851","4000","500","Complete","0.2309316","1.73E-5","0.1676957","0.0632186","0.21875","0.001","819559","4000","13453.176078554361","13421.262962358194","9216.280792110578","1.0005674240480147","4.502788958677054","0","d8c678a9202d9a68411f907dc58204bfa1e84fa81561ad1055f777dd4b42c6f2",""
"vectorPerformance","mixture8","Quantile","1","3","443770","4000","500","Complete","0.226831","1.9E-5","0.1650841","0.0617279","0.21875","0.002","818525","4000","14133.815442025896","14200.524096105466","9050.625427824825","1.0007425189374404","4.512149086714977","0","1bb1a4f128a60c3df02103528fa01749d02171821dd07470e5dae7f5e8630625",""
"vectorPerformance","mixture8","Quantile","1","4","451689","4000","500","Complete","0.2324327","1.72E-5","0.1682326","0.0641829","0.234375","0.0","819229","4000","12826.818650755431","12819.884446949432","9099.649034826969","1.000430048273552","4.504000123365279","0","678212121ddd43756b45e7bd2e21e3caba79bf54b0c78a22985c55552046cf37",""
"vectorPerformance","mixture8","Quantile","2","-2","404175","4000","500","Complete","0.1374895","1.51E-5","0.1011038","0.0363706","0.28125","0.0","794544","4000","4.187636809868029","7.060337598855363","26.16378128764236","1.5288331364789502","3.256985326991021","8","08478ec37e7016f0a746f5541369d3f27e6780b3d77ac0dd3727aedc458b8a7f",""
"vectorPerformance","mixture8","Quantile","2","-1","412094","4000","500","Complete","0.1362505","2.21E-5","0.1022662","0.0339622","0.28125","0.001","816779","4000","13172.219750891138","13222.282432153374","9557.095877190202","1.0009523655339596","4.505381108384656","0","df0a2d121acaf8121fe4585bac661d116d56b94d4bbd87d7554b9b56bc69a16b",""
"vectorPerformance","mixture8","Quantile","2","0","420013","4000","500","Complete","0.1380959","1.72E-5","0.1026887","0.03539","0.28125","0.002","794198","4000","4.186058672517822","7.066033020998243","25.872565892706334","1.528293121197245","3.254959184947837","8","298edcccf4cb67bd1d71a2c67eaac49d9c2f065b01ce89b5a425470b4ac34246",""
"vectorPerformance","mixture8","Quantile","2","1","427932","4000","500","Complete","0.1361392","1.82E-5","0.0996944","0.0364266","0.28125","0.0","793428","4000","4.1830750512240416","7.063117190644894","25.56957561795727","1.5283657513611182","3.2567621870613133","8","273d5a969b71614959a723e90feee880f8890fbdd52ed734512ecdb8349192a1",""
"vectorPerformance","mixture8","Quantile","2","2","435851","4000","500","Complete","0.1378953","1.74E-5","0.1041546","0.0337233","0.28125","0.001","819559","4000","13453.176078554361","13421.262962358194","9216.280792110578","1.0005674240480147","4.502788958677054","0","d8c678a9202d9a68411f907dc58204bfa1e84fa81561ad1055f777dd4b42c6f2",""
"vectorPerformance","mixture8","Quantile","2","3","443770","4000","500","Complete","0.1367367","1.67E-5","0.1037879","0.0329321","0.578125","0.001","818525","4000","14133.815442025896","14200.524096105466","9050.625427824825","1.0007425189374404","4.512149086714977","0","1bb1a4f128a60c3df02103528fa01749d02171821dd07470e5dae7f5e8630625",""
"vectorPerformance","mixture8","Quantile","2","4","451689","4000","500","Complete","0.135149","1.71E-5","0.1030659","0.032066","0.28125","0.001","819229","4000","12826.818650755431","12819.884446949432","9099.649034826969","1.000430048273552","4.504000123365279","0","678212121ddd43756b45e7bd2e21e3caba79bf54b0c78a22985c55552046cf37",""
"vectorPerformance","mixture8","Quantile","4","-2","404175","4000","500","Complete","0.101089","1.63E-5","0.0785942","0.0224785","0.4375","0.001","794544","4000","4.187636809868029","7.060337598855363","26.16378128764236","1.5288331364789502","3.256985326991021","8","08478ec37e7016f0a746f5541369d3f27e6780b3d77ac0dd3727aedc458b8a7f",""
"vectorPerformance","mixture8","Quantile","4","-1","412094","4000","500","Complete","0.0997102","1.56E-5","0.080682","0.0190126","0.375","0.001","816779","4000","13172.219750891138","13222.282432153374","9557.095877190202","1.0009523655339596","4.505381108384656","0","df0a2d121acaf8121fe4585bac661d116d56b94d4bbd87d7554b9b56bc69a16b",""
"vectorPerformance","mixture8","Quantile","4","0","420013","4000","500","Complete","0.0970918","1.67E-5","0.0758689","0.0212062","0.4375","0.001","794198","4000","4.186058672517822","7.066033020998243","25.872565892706334","1.528293121197245","3.254959184947837","8","298edcccf4cb67bd1d71a2c67eaac49d9c2f065b01ce89b5a425470b4ac34246",""
"vectorPerformance","mixture8","Quantile","4","1","427932","4000","500","Complete","0.1037144","1.56E-5","0.0798695","0.0238293","0.359375","0.002","793428","4000","4.1830750512240416","7.063117190644894","25.56957561795727","1.5283657513611182","3.2567621870613133","8","273d5a969b71614959a723e90feee880f8890fbdd52ed734512ecdb8349192a1",""
"vectorPerformance","mixture8","Quantile","4","2","435851","4000","500","Complete","0.1037689","1.59E-5","0.0836312","0.0201218","0.375","0.001","819559","4000","13453.176078554361","13421.262962358194","9216.280792110578","1.0005674240480147","4.502788958677054","0","d8c678a9202d9a68411f907dc58204bfa1e84fa81561ad1055f777dd4b42c6f2",""
"vectorPerformance","mixture8","Quantile","4","3","443770","4000","500","Complete","0.0998366","1.77E-5","0.0814579","0.018361","0.375","0.002","818525","4000","14133.815442025896","14200.524096105466","9050.625427824825","1.0007425189374404","4.512149086714977","0","1bb1a4f128a60c3df02103528fa01749d02171821dd07470e5dae7f5e8630625",""
"vectorPerformance","mixture8","Quantile","4","4","451689","4000","500","Complete","0.1009564","1.98E-5","0.0828033","0.0181333","0.390625","0.002","819229","4000","12826.818650755431","12819.884446949432","9099.649034826969","1.000430048273552","4.504000123365279","0","678212121ddd43756b45e7bd2e21e3caba79bf54b0c78a22985c55552046cf37",""
"vectorPerformance","positive32","GPSS","1","-2","404175","4000","500","Complete","0.4615023","2.76E-5","0.205211","0.2562637","0.484375","0.007","312248","4000","6.507081555422677","8.267454120088496","11.239726363241573","1.4243493212370788","0.9111742118510904","32","e1f462be7160698fc96433c37d8e6460fa2b583d96e58a05af89904985ee97c5",""
"vectorPerformance","positive32","GPSS","1","-1","412094","4000","500","Complete","0.4571499","2.67E-5","0.2087133","0.2484099","0.828125","0.004","312989","4000","5.495322761597328","8.012492423835413","12.29336507256984","1.4621066333934736","0.5327465027759886","32","047503de7ceb57f45f2c33ddf27b78c64d75cb6665a40538a8909c85da9d2c02",""
"vectorPerformance","positive32","GPSS","1","0","420013","4000","500","Complete","0.4577765","2.55E-5","0.2097849","0.2479661","0.453125","0.002","315080","4000","5.054210848500271","6.4086389980297715","11.498400167812514","1.682066869867944","1.124774421937512","32","9182bbb858877f9a625ab3c8ae05e7120fdc466f42d5a1dceccf9395da6065e9",""
"vectorPerformance","positive32","GPSS","1","1","427932","4000","500","Complete","0.4560923","2.58E-5","0.2078118","0.2482547","0.46875","0.002","310499","4000","4.949526595516298","7.4253970060875725","11.370735805288119","1.496332455560683","0.5218258205642705","32","f0d7064a140efac0e8d7992843e936b5b1ea4f33b336f96c18ed34d07d4ff733",""
"vectorPerformance","positive32","GPSS","1","2","435851","4000","500","Complete","0.4567206","2.63E-5","0.2066801","0.2500142","0.453125","0.004","312895","4000","6.595439608345559","8.875134343603566","10.947737821804315","1.3815878832703925","0.38311879002350624","32","0365e43fa384cead64ff9f89d32ea3ea9edfdb1f4523fadebe6c708ca213e343",""
"vectorPerformance","positive32","GPSS","1","3","443770","4000","500","Complete","0.4628152","2.56E-5","0.2112413","0.2515483","0.46875","0.004","322378","4000","4.786571198089734","5.896539279571406","11.375709989448119","1.7909712039019074","1.5561805918696656","32","6ad6daee0ad4e8690da4c2f3a9ad5ab953ab95d6f3a80ac9994366367dae6f68",""
"vectorPerformance","positive32","GPSS","1","4","451689","4000","500","Complete","0.462442","2.65E-5","0.2072425","0.255173","0.46875","0.005","312493","4000","7.11180708957874","8.71283262637544","16.641164170760746","1.408214647506748","0.6415784047018325","32","b56b7859597de05ce23273ba96ae874e4baee6fad0f20d955b87448e5465d676",""
"vectorPerformance","positive32","GPSS","2","-2","404175","4000","500","Complete","0.2666244","3.0E-5","0.1350765","0.1315179","0.59375","0.002","312248","4000","6.507081555422677","8.267454120088496","11.239726363241573","1.4243493212370788","0.9111742118510904","32","e1f462be7160698fc96433c37d8e6460fa2b583d96e58a05af89904985ee97c5",""
"vectorPerformance","positive32","GPSS","2","-1","412094","4000","500","Complete","0.2552578","2.59E-5","0.1233233","0.1319086","0.5","0.002","312989","4000","5.495322761597328","8.012492423835413","12.29336507256984","1.4621066333934736","0.5327465027759886","32","047503de7ceb57f45f2c33ddf27b78c64d75cb6665a40538a8909c85da9d2c02",""
"vectorPerformance","positive32","GPSS","2","0","420013","4000","500","Complete","0.2584738","2.82E-5","0.1246734","0.1337722","0.5","0.004","315080","4000","5.054210848500271","6.4086389980297715","11.498400167812514","1.682066869867944","1.124774421937512","32","9182bbb858877f9a625ab3c8ae05e7120fdc466f42d5a1dceccf9395da6065e9",""
"vectorPerformance","positive32","GPSS","2","1","427932","4000","500","Complete","0.2575064","2.76E-5","0.122937","0.1345418","0.5625","0.004","310499","4000","4.949526595516298","7.4253970060875725","11.370735805288119","1.496332455560683","0.5218258205642705","32","f0d7064a140efac0e8d7992843e936b5b1ea4f33b336f96c18ed34d07d4ff733",""
"vectorPerformance","positive32","GPSS","2","2","435851","4000","500","Complete","0.2605606","2.7E-5","0.1267112","0.1338224","0.5","0.005","312895","4000","6.595439608345559","8.875134343603566","10.947737821804315","1.3815878832703925","0.38311879002350624","32","0365e43fa384cead64ff9f89d32ea3ea9edfdb1f4523fadebe6c708ca213e343",""
"vectorPerformance","positive32","GPSS","2","3","443770","4000","500","Complete","0.2604987","2.61E-5","0.1276666","0.132806","0.859375","0.005","322378","4000","4.786571198089734","5.896539279571406","11.375709989448119","1.7909712039019074","1.5561805918696656","32","6ad6daee0ad4e8690da4c2f3a9ad5ab953ab95d6f3a80ac9994366367dae6f68",""
"vectorPerformance","positive32","GPSS","2","4","451689","4000","500","Complete","0.2564582","3.29E-5","0.1257555","0.1306698","0.5","0.003","312493","4000","7.11180708957874","8.71283262637544","16.641164170760746","1.408214647506748","0.6415784047018325","32","b56b7859597de05ce23273ba96ae874e4baee6fad0f20d955b87448e5465d676",""
"vectorPerformance","positive32","GPSS","4","-2","404175","4000","500","Complete","0.1800091","3.35E-5","0.1044648","0.0755108","0.703125","0.004","312248","4000","6.507081555422677","8.267454120088496","11.239726363241573","1.4243493212370788","0.9111742118510904","32","e1f462be7160698fc96433c37d8e6460fa2b583d96e58a05af89904985ee97c5",""
"vectorPerformance","positive32","GPSS","4","-1","412094","4000","500","Complete","0.1822096","2.67E-5","0.1030381","0.0791448","0.734375","0.005","312989","4000","5.495322761597328","8.012492423835413","12.29336507256984","1.4621066333934736","0.5327465027759886","32","047503de7ceb57f45f2c33ddf27b78c64d75cb6665a40538a8909c85da9d2c02",""
"vectorPerformance","positive32","GPSS","4","0","420013","4000","500","Complete","0.1842256","2.76E-5","0.1030376","0.0811604","0.6875","0.005","315080","4000","5.054210848500271","6.4086389980297715","11.498400167812514","1.682066869867944","1.124774421937512","32","9182bbb858877f9a625ab3c8ae05e7120fdc466f42d5a1dceccf9395da6065e9",""
"vectorPerformance","positive32","GPSS","4","1","427932","4000","500","Complete","0.1787353","2.63E-5","0.0994411","0.0792679","1.046875","0.005","310499","4000","4.949526595516298","7.4253970060875725","11.370735805288119","1.496332455560683","0.5218258205642705","32","f0d7064a140efac0e8d7992843e936b5b1ea4f33b336f96c18ed34d07d4ff733",""
"vectorPerformance","positive32","GPSS","4","2","435851","4000","500","Complete","0.1793854","3.5E-5","0.103385","0.0759654","0.765625","0.003","312895","4000","6.595439608345559","8.875134343603566","10.947737821804315","1.3815878832703925","0.38311879002350624","32","0365e43fa384cead64ff9f89d32ea3ea9edfdb1f4523fadebe6c708ca213e343",""
"vectorPerformance","positive32","GPSS","4","3","443770","4000","500","Complete","0.1860522","2.91E-5","0.1109069","0.0751162","0.734375","0.003","322378","4000","4.786571198089734","5.896539279571406","11.375709989448119","1.7909712039019074","1.5561805918696656","32","6ad6daee0ad4e8690da4c2f3a9ad5ab953ab95d6f3a80ac9994366367dae6f68",""
"vectorPerformance","positive32","GPSS","4","4","451689","4000","500","Complete","0.1822017","2.96E-5","0.1025206","0.0796515","0.71875","0.004","312493","4000","7.11180708957874","8.71283262637544","16.641164170760746","1.408214647506748","0.6415784047018325","32","b56b7859597de05ce23273ba96ae874e4baee6fad0f20d955b87448e5465d676",""
"vectorPerformance","positive32","Quantile","1","-2","404175","4000","500","Complete","0.6740427","2.46E-5","0.4199254","0.2540927","0.65625","0.007","2332703","4000","8030.260361578566","7443.725542312934","10980.95587684255","1.0012073242374708","0.03162578897149504","0","109d1589a3cfa1856056d074588bf62a00242342be20aaa02c7f9fa0c3d02464",""
"vectorPerformance","positive32","Quantile","1","-1","412094","4000","500","Complete","0.6775046","2.44E-5","0.4273661","0.2501141","0.671875","0.007","2332056","4000","7849.260320702932","7497.08911341319","10218.844461352033","1.000850226319869","0.023734462941020107","0","2e7ae8f39b7d995378c03be6210919257cb3c5da65a71f7499cfe9fc1c43ddaa",""
"vectorPerformance","positive32","Quantile","1","0","420013","4000","500","Complete","0.6751295","2.23E-5","0.4169866","0.2581206","1.046875","0.008","2331456","4000","8061.462008922536","7644.287188277893","10396.228328686206","1.000767355772193","0.026399068267307313","0","b1c80d02d980f561db28b8e8c75872a90bfe94527189f07f4dfe1c9226d272e5",""
"vectorPerformance","positive32","Quantile","1","1","427932","4000","500","Complete","0.6816637","2.33E-5","0.4315507","0.2500897","0.6875","0.006","2330866","4000","7748.716822064378","7364.471868294603","10702.763364386927","1.0006942215274883","0.030448865944532777","0","218737eae3e2da277e8b65fe3a76bd5f04046950597185a676bdc475001c1e46",""
"vectorPerformance","positive32","Quantile","1","2","435851","4000","500","Complete","0.6949614","2.66E-5","0.4389818","0.255953","0.671875","0.007","2331863","4000","7994.761109518766","7444.795092892279","10756.070846197807","1.0010742652566522","0.026722483101742966","0","fb50892c47662c7c9c7473b45775635e782a20ef09488c3bc7f407bd559adfe3",""
"vectorPerformance","positive32","Quantile","1","3","443770","4000","500","Complete","0.7105707","5.77E-5","0.4391544","0.2713586","0.75","0.016","2331071","4000","8046.326204198977","7094.826103737033","10587.156707045673","1.0006492486922247","0.022192055198105076","0","ea829d033823c80e3ad79c2bf9f4c957103c19055e7f39ac840ae3dd8ecf7787",""
"vectorPerformance","positive32","Quantile","1","4","451689","4000","500","Complete","0.7102493","2.63E-5","0.4494364","0.2607866","0.796875","0.007","2329615","4000","8049.572429524939","7585.9302215949265","10803.178568962107","1.001435614653514","0.019996657665890316","0","f2275fab90488b6e0703edb3fe7b6bef8718ce8c0b14a645dc9d2b61880d135c",""
"vectorPerformance","positive32","Quantile","2","-2","404175","4000","500","Complete","0.377121","2.41E-5","0.2494935","0.1276034","1.109375","0.007","2332703","4000","8030.260361578566","7443.725542312934","10980.95587684255","1.0012073242374708","0.03162578897149504","0","109d1589a3cfa1856056d074588bf62a00242342be20aaa02c7f9fa0c3d02464",""
"vectorPerformance","positive32","Quantile","2","-1","412094","4000","500","Complete","0.3573944","2.15E-5","0.2286931","0.1286798","0.71875","0.005","2332056","4000","7849.260320702932","7497.08911341319","10218.844461352033","1.000850226319869","0.023734462941020107","0","2e7ae8f39b7d995378c03be6210919257cb3c5da65a71f7499cfe9fc1c43ddaa",""
"vectorPerformance","positive32","Quantile","2","0","420013","4000","500","Complete","0.3566342","2.39E-5","0.2267617","0.1298486","0.703125","0.005","2331456","4000","8061.462008922536","7644.287188277893","10396.228328686206","1.000767355772193","0.026399068267307313","0","b1c80d02d980f561db28b8e8c75872a90bfe94527189f07f4dfe1c9226d272e5",""
"vectorPerformance","positive32","Quantile","2","1","427932","4000","500","Complete","0.358691","2.35E-5","0.2277095","0.130958","1.375","0.006","2330866","4000","7748.716822064378","7364.471868294603","10702.763364386927","1.0006942215274883","0.030448865944532777","0","218737eae3e2da277e8b65fe3a76bd5f04046950597185a676bdc475001c1e46",""
"vectorPerformance","positive32","Quantile","2","2","435851","4000","500","Complete","0.3747331","2.32E-5","0.2356475","0.1390624","1.390625","0.006","2331863","4000","7994.761109518766","7444.795092892279","10756.070846197807","1.0010742652566522","0.026722483101742966","0","fb50892c47662c7c9c7473b45775635e782a20ef09488c3bc7f407bd559adfe3",""
"vectorPerformance","positive32","Quantile","2","3","443770","4000","500","Complete","0.369649","3.53E-5","0.2339749","0.1356388","0.71875","0.005","2331071","4000","8046.326204198977","7094.826103737033","10587.156707045673","1.0006492486922247","0.022192055198105076","0","ea829d033823c80e3ad79c2bf9f4c957103c19055e7f39ac840ae3dd8ecf7787",""
"vectorPerformance","positive32","Quantile","2","4","451689","4000","500","Complete","0.3705055","2.08E-5","0.2383296","0.1321551","0.734375","0.008","2329615","4000","8049.572429524939","7585.9302215949265","10803.178568962107","1.001435614653514","0.019996657665890316","0","f2275fab90488b6e0703edb3fe7b6bef8718ce8c0b14a645dc9d2b61880d135c",""
"vectorPerformance","positive32","Quantile","4","-2","404175","4000","500","Complete","0.2617216","2.39E-5","0.1876952","0.0740025","1.03125","0.009","2332703","4000","8030.260361578566","7443.725542312934","10980.95587684255","1.0012073242374708","0.03162578897149504","0","109d1589a3cfa1856056d074588bf62a00242342be20aaa02c7f9fa0c3d02464",""
"vectorPerformance","positive32","Quantile","4","-1","412094","4000","500","Complete","0.255986","2.35E-5","0.1848247","0.0711378","1.359375","0.006","2332056","4000","7849.260320702932","7497.08911341319","10218.844461352033","1.000850226319869","0.023734462941020107","0","2e7ae8f39b7d995378c03be6210919257cb3c5da65a71f7499cfe9fc1c43ddaa",""
"vectorPerformance","positive32","Quantile","4","0","420013","4000","500","Complete","0.2572289","2.4E-5","0.1791396","0.0780653","1.015625","0.008","2331456","4000","8061.462008922536","7644.287188277893","10396.228328686206","1.000767355772193","0.026399068267307313","0","b1c80d02d980f561db28b8e8c75872a90bfe94527189f07f4dfe1c9226d272e5",""
"vectorPerformance","positive32","Quantile","4","1","427932","4000","500","Complete","0.2593778","2.57E-5","0.1815388","0.0778133","1.0","0.009","2330866","4000","7748.716822064378","7364.471868294603","10702.763364386927","1.0006942215274883","0.030448865944532777","0","218737eae3e2da277e8b65fe3a76bd5f04046950597185a676bdc475001c1e46",""
"vectorPerformance","positive32","Quantile","4","2","435851","4000","500","Complete","0.270628","2.26E-5","0.1906415","0.0799639","1.34375","0.009","2331863","4000","7994.761109518766","7444.795092892279","10756.070846197807","1.0010742652566522","0.026722483101742966","0","fb50892c47662c7c9c7473b45775635e782a20ef09488c3bc7f407bd559adfe3",""
"vectorPerformance","positive32","Quantile","4","3","443770","4000","500","Complete","0.272437","2.44E-5","0.1987996","0.073613","1.109375","0.006","2331071","4000","8046.326204198977","7094.826103737033","10587.156707045673","1.0006492486922247","0.022192055198105076","0","ea829d033823c80e3ad79c2bf9f4c957103c19055e7f39ac840ae3dd8ecf7787",""
"vectorPerformance","positive32","Quantile","4","4","451689","4000","500","Complete","0.2818218","2.13E-5","0.202226","0.0795745","1.109375","0.007","2329615","4000","8049.572429524939","7585.9302215949265","10803.178568962107","1.001435614653514","0.019996657665890316","0","f2275fab90488b6e0703edb3fe7b6bef8718ce8c0b14a645dc9d2b61880d135c",""
