case,seed,method,status,truth,estimate,mcse,eventEss,hits,pilotCalls,productionCalls,densityCalls,seconds
common,90000,prior,Completed,0.5,0.5009999999999996,0.005000240018241508,5010.0,5010,0,10000,20000,0.0128795
common,90000,ce,Fitted,0.5,0.49609860885628126,0.0038742380506134803,6015.267636355767,7159,500,9500,20000,0.0169103
common,90000,supplied,Completed,0.5,0.4937999999999993,0.004999865584751894,4938.0,4938,0,10000,20000,0.0162975
common,90001,ce,Fitted,0.5,0.5032915442125568,0.0038464803739965575,6109.963985667547,7298,500,9500,20000,0.0164902
common,90001,supplied,Completed,0.5,0.5017000000000005,0.0050002211172229475,5016.999999999999,5017,0,10000,20000,0.0142719
common,90001,prior,Completed,0.5,0.5013999999999995,0.005000230417733097,5014.0,5014,0,10000,20000,0.0115269
common,90002,supplied,Completed,0.5,0.5003999999999998,0.005000248418671329,5003.999999999999,5004,0,10000,20000,0.0134605
common,90002,prior,Completed,0.5,0.5022999999999999,0.0050001971158265025,5023.0,5023,0,10000,20000,0.0069028
common,90002,ce,Fitted,0.5,0.5055596491924838,0.003912644188999586,6055.00651061004,7307,500,9500,20000,0.0103266
common,90003,prior,Completed,0.5,0.49249999999999927,0.004999687458978673,4925.0,4925,0,10000,20000,0.0064751
common,90003,ce,Fitted,0.5,0.49581106526192054,0.0037761610063353547,6125.106318334803,7108,500,9500,20000,0.0107023
common,90003,supplied,Completed,0.5,0.4951999999999993,0.005000019601921782,4951.999999999999,4952,0,10000,20000,0.0108222
common,90004,ce,Fitted,0.5,0.5033751114496376,0.004016244599624859,5920.136642246006,7296,500,9500,20000,0.0092247
common,90004,supplied,Completed,0.5,0.4968000000000006,0.005000147612582522,4967.999999999999,4968,0,10000,20000,0.0087672
common,90004,prior,Completed,0.5,0.5031999999999999,0.00500014761258254,5032.0,5032,0,10000,20000,0.0056978
common,90005,supplied,Completed,0.5,0.5029000000000001,0.005000165913838924,5029.0,5029,0,10000,20000,0.0085682
common,90005,prior,Completed,0.5,0.5047999999999999,0.005000019601921778,5048.0,5048,0,10000,20000,0.005262
common,90005,ce,Fitted,0.5,0.5047243122052362,0.0038869604390098607,6076.636899016912,7437,500,9500,20000,0.0080724
common,90006,prior,Completed,0.5,0.49199999999999955,0.004999609945781855,4920.0,4920,0,10000,20000,0.0054155
common,90006,ce,Fitted,0.5,0.49772257800671105,0.003960102547099138,5932.552152604419,7325,500,9500,20000,0.0096884
common,90006,supplied,Completed,0.5,0.4997,0.005000249118706472,4996.999999999999,4997,0,10000,20000,0.0057766
common,90007,ce,Fitted,0.5,0.5026657724894295,0.003873141855001526,6074.335427984174,7171,500,9500,20000,0.0056583
common,90007,supplied,Completed,0.5,0.4911000000000006,0.004999457816388272,4910.999999999999,4911,0,10000,20000,0.0057341
common,90007,prior,Completed,0.5,0.4964999999999998,0.005000127511125371,4965.0,4965,0,10000,20000,0.0039928
common,90008,supplied,Completed,0.5,0.4959999999999999,0.005000090008190746,4959.999999999999,4960,0,10000,20000,0.0053914
common,90008,prior,Completed,0.5,0.4923999999999994,0.004999672356501695,4924.0,4924,0,10000,20000,0.0035771
common,90008,ce,Fitted,0.5,0.496943416758849,0.0037411624415405096,6175.385924105244,7155,500,9500,20000,0.0053717
common,90009,prior,Completed,0.5,0.4968999999999997,0.005000153913022594,4969.0,4969,0,10000,20000,0.0036407
common,90009,ce,Fitted,0.5,0.4900654030400223,0.003840374279540016,5999.999436306729,7326,500,9500,20000,0.0056834
common,90009,supplied,Completed,0.5,0.5045999999999998,0.005000038403692905,5045.999999999999,5046,0,10000,20000,0.0053909
common,90010,ce,Fitted,0.5,0.5009991245902304,0.004141322300100217,5760.872475364053,7357,500,9500,20000,0.0055321
common,90010,supplied,Completed,0.5,0.5033999999999996,0.005000134411634664,5034.0,5034,0,10000,20000,0.0054785
common,90010,prior,Completed,0.5,0.5096999999999995,0.004999308983152634,5097.0,5097,0,10000,20000,0.0037394
common,90011,supplied,Completed,0.5,0.49940000000000023,0.005000246418570237,4993.999999999999,4994,0,10000,20000,0.005156
common,90011,prior,Completed,0.5,0.5029999999999997,0.0050001600134411675,5030.0,5030,0,10000,20000,0.0036778
common,90011,ce,Fitted,0.5,0.49531756374929015,0.003916133009779787,5960.673472968392,7326,500,9500,20000,0.0057007
common,90012,prior,Completed,0.5,0.49729999999999935,0.0050001771145747964,4973.0,4973,0,10000,20000,0.0037179
common,90012,ce,Fitted,0.5,0.4957922842464059,0.003906690249360292,5975.637552743128,7169,500,9500,20000,0.0075396
common,90012,supplied,Completed,0.5,0.49810000000000065,0.005000213916816104,4980.999999999999,4981,0,10000,20000,0.0054672
common,90013,ce,Fitted,0.5,0.5009254302217508,0.003939702383579598,5983.993488618048,7359,500,9500,20000,0.0056798
common,90013,supplied,Completed,0.5,0.5006999999999999,0.005000245118504147,5006.999999999999,5007,0,10000,20000,0.0052196
common,90013,prior,Completed,0.5,0.49569999999999964,0.005000065106086757,4957.0,4957,0,10000,20000,0.0039286
common,90014,supplied,Completed,0.5,0.49820000000000025,0.005000217617026471,4981.999999999999,4982,0,10000,20000,0.0052939
common,90014,prior,Completed,0.5,0.4989999999999997,0.005000240018241512,4990.0,4990,0,10000,20000,0.0037503
common,90014,ce,Fitted,0.5,0.5037251393396175,0.003909970512816932,6042.033763705247,7302,500,9500,20000,0.0060552
common,90015,prior,Completed,0.5,0.4966999999999996,0.005000141112120156,4967.0,4967,0,10000,20000,0.0039316
common,90015,ce,Fitted,0.5,0.5053138768395874,0.003913899104363825,6051.462080109946,7203,500,9500,20000,0.0055791
common,90015,supplied,Completed,0.5,0.4954000000000003,0.005000038403692896,4954.0,4954,0,10000,20000,0.005404
common,90016,ce,Fitted,0.5,0.4975184227211074,0.003947919559505732,5944.4447120766745,7236,500,9500,20000,0.0055655
common,90016,supplied,Completed,0.5,0.49269999999999975,0.004999717063701892,4927.0,4927,0,10000,20000,0.0052095
common,90016,prior,Completed,0.5,0.4974999999999996,0.005000187515235675,4975.0,4975,0,10000,20000,0.0039234
common,90017,supplied,Completed,0.5,0.5012000000000005,0.005000235618010808,5012.0,5012,0,10000,20000,0.0051843
common,90017,prior,Completed,0.5,0.5017999999999994,0.005000217617026457,5018.0,5018,0,10000,20000,0.0037604
common,90017,ce,Fitted,0.5,0.5013925345525506,0.003837892708001634,6103.222887548013,7323,500,9500,20000,0.0056221
common,90018,prior,Completed,0.5,0.5006999999999999,0.005000245118504174,5007.0,5007,0,10000,20000,0.0036067
common,90018,ce,Fitted,0.5,0.4974226860561331,0.0038511222570858047,6053.35038432041,7196,500,9500,20000,0.007561
common,90018,supplied,Completed,0.5,0.4917000000000007,0.004999561036836756,4916.999999999999,4917,0,10000,20000,0.0054737
common,90019,ce,Fitted,0.5,0.5016347996359424,0.0038160693183544145,6130.171953142063,7244,500,9500,20000,0.0055243
common,90019,supplied,Completed,0.5,0.4997,0.005000249118706476,4996.999999999999,4997,0,10000,20000,0.005247
common,90019,prior,Completed,0.5,0.5020999999999992,0.005000205916351917,5021.0,5021,0,10000,20000,0.0039513
common,90020,supplied,Completed,0.5,0.5013,0.005000233117877967,5012.999999999999,5013,0,10000,20000,0.005226
common,90020,prior,Completed,0.5,0.49829999999999974,0.005000221117222925,4983.0,4983,0,10000,20000,0.0037356
common,90020,ce,Fitted,0.5,0.49632458357187154,0.003895621568518444,5992.957468228003,7137,500,9500,20000,0.0056366
common,90021,prior,Completed,0.5,0.5060999999999992,0.004999877886297573,5061.0,5061,0,10000,20000,0.0037796
common,90021,ce,Fitted,0.5,0.49697388149761385,0.0039541746278673184,5932.519425752614,7218,500,9500,20000,0.0055292
common,90021,supplied,Completed,0.5,0.5013999999999995,0.005000230417733039,5014.0,5014,0,10000,20000,0.0053262
common,90022,ce,Fitted,0.5,0.5007971528509548,0.0036987782565069513,6257.5410598326935,7264,500,9500,20000,0.0061029
common,90022,supplied,Completed,0.5,0.5046999999999997,0.00500002910282561,5047.0,5047,0,10000,20000,0.005498
common,90022,prior,Completed,0.5,0.5057999999999997,0.0049999135906124694,5058.0,5058,0,10000,20000,0.0036888
common,90023,supplied,Completed,0.5,0.49559999999999915,0.005000056405322396,4956.0,4956,0,10000,20000,0.0053276
common,90023,prior,Completed,0.5,0.5045999999999998,0.005000038403692896,5046.0,5046,0,10000,20000,0.0037006
common,90023,ce,Fitted,0.5,0.503297405513348,0.003853180693575999,6102.421714602282,7263,500,9500,20000,0.0053755
common,90024,prior,Completed,0.5,0.49199999999999955,0.004999609945781873,4920.0,4920,0,10000,20000,0.0039413
common,90024,ce,Fitted,0.5,0.5015352939391505,0.0038025313225524835,6144.750898680899,7238,500,9500,20000,0.0073172
common,90024,supplied,Completed,0.5,0.4974999999999996,0.005000187515235675,4975.0,4975,0,10000,20000,0.0052998
common,90025,ce,Fitted,0.5,0.5017138677277116,0.003880936401369814,6057.205823269591,7399,500,9500,20000,0.005308
common,90025,supplied,Completed,0.5,0.4955000000000002,0.005000047504524803,4954.999999999999,4955,0,10000,20000,0.0053505
common,90025,prior,Completed,0.5,0.49469999999999975,0.004999969096814187,4947.0,4947,0,10000,20000,0.0036397
common,90026,supplied,Completed,0.5,0.5017000000000005,0.005000221117222969,5016.999999999999,5017,0,10000,20000,0.0055414
common,90026,prior,Completed,0.5,0.5033999999999996,0.005000134411634712,5034.0,5034,0,10000,20000,0.0037542
common,90026,ce,Fitted,0.5,0.5000743050274497,0.00372204401399481,6224.506503469381,7290,500,9500,20000,0.0058016
common,90027,prior,Completed,0.5,0.49569999999999964,0.005000065106086784,4957.0,4957,0,10000,20000,0.0040707
common,90027,ce,Fitted,0.5,0.4989214472531138,0.0038134041786428716,6109.594702117169,7237,500,9500,20000,0.0055783
common,90027,supplied,Completed,0.5,0.4991000000000001,0.005000241918339961,4990.999999999999,4991,0,10000,20000,0.0054484
common,90028,ce,Fitted,0.5,0.5004668295648012,0.003734014136273183,6214.084646338512,7196,500,9500,20000,0.005403
common,90028,supplied,Completed,0.5,0.4986000000000004,0.005000230417733057,4985.999999999999,4986,0,10000,20000,0.0059146
common,90028,prior,Completed,0.5,0.49989999999999973,0.005000249918746559,4999.0,4999,0,10000,20000,0.0038904
common,90029,supplied,Completed,0.5,0.5041000000000005,0.005000081907519919,5040.999999999999,5041,0,10000,20000,0.0055288
common,90029,prior,Completed,0.5,0.5066999999999999,0.0049998010761509665,5067.0,5067,0,10000,20000,0.0037068
common,90029,ce,Fitted,0.5,0.4985586322683176,0.004046320132817326,5843.637975183724,7349,500,9500,20000,0.005683
tail3,90000,prior,Completed,0.0013498980316300946,0.0011999999999999984,3.4621956443661554E-4,12.0,12,0,10000,20000,0.0040451
tail3,90000,ce,Fitted,0.0013498980316300946,0.0013081888713251254,2.228335916672757E-5,2452.414067951903,4902,1500,8500,20000,0.007817
tail3,90000,supplied,Completed,0.0013498980316300946,0.001330722114701906,2.6438505124168848E-5,2021.4698904205059,4462,0,10000,20000,0.0053396
tail3,90001,ce,Fitted,0.0013498980316300946,0.0013462402532754933,2.3282116064626577E-5,2399.8057103435713,5175,1500,8500,20000,0.0057853
tail3,90001,supplied,Completed,0.0013498980316300946,0.0013517306507257634,2.651390483074397E-5,2063.1263857168415,4495,0,10000,20000,0.0052381
tail3,90001,prior,Completed,0.0013498980316300946,0.0014999999999999994,3.8702710369933993E-4,15.0,15,0,10000,20000,0.0035788
tail3,90002,supplied,Completed,0.0013498980316300946,0.0013197771725845238,2.597401490407583E-5,2052.1764604352093,4486,0,10000,20000,0.0054657
tail3,90002,prior,Completed,0.0013498980316300946,6.999999999999995E-4,2.644957387172427E-4,7.0,7,0,10000,20000,0.0035676
tail3,90002,ce,Fitted,0.0013498980316300946,0.0013331935322438708,2.2850424757004356E-5,2430.848891669554,5180,1500,8500,20000,0.0056712
tail3,90003,prior,Completed,0.0013498980316300946,0.0016999999999999986,4.1198054905210965E-4,17.0,17,0,10000,20000,0.0038038
tail3,90003,ce,Fitted,0.0013498980316300946,0.0013513695970053506,2.30665356570456E-5,2445.2045225370844,4942,1500,8500,20000,0.0056145
tail3,90003,supplied,Completed,0.0013498980316300946,0.001358202128005941,2.6695052385811205E-5,2056.476964601157,4449,0,10000,20000,0.0052688
tail3,90004,ce,Fitted,0.0013498980316300946,0.0013470586507752392,2.2587461018958735E-5,2507.652442864854,5047,1500,8500,20000,0.0056539
tail3,90004,supplied,Completed,0.0013498980316300946,0.00135546215582445,2.6557908616587426E-5,2066.7261199871496,4493,0,10000,20000,0.0052245
tail3,90004,prior,Completed,0.0013498980316300946,7.999999999999995E-4,2.827436902911173E-4,8.0,8,0,10000,20000,0.003892
tail3,90005,supplied,Completed,0.0013498980316300946,0.0013354870637775882,2.6202226509690047E-5,2062.2594752793107,4510,0,10000,20000,0.0056275
tail3,90005,prior,Completed,0.0013498980316300946,0.0015999999999999992,3.9969985739001537E-4,16.0,16,0,10000,20000,0.0036701
tail3,90005,ce,Fitted,0.0013498980316300946,0.0013661797276842006,2.3326872787962166E-5,2444.0780530327606,5048,1500,8500,20000,0.0059166
tail3,90006,prior,Completed,0.0013498980316300946,0.0011999999999999984,3.462195644366158E-4,12.0,12,0,10000,20000,0.0059424
tail3,90006,ce,Fitted,0.0013498980316300946,0.001354392024269176,2.303912611429484E-5,2457.14632592542,4953,1500,8500,20000,0.0062116
tail3,90006,supplied,Completed,0.0013498980316300946,0.0013641190449943939,2.7009760886959835E-5,2032.4925991352193,4486,0,10000,20000,0.0055127
tail3,90007,ce,Fitted,0.0013498980316300946,0.0013670270579564951,2.2791009493644354E-5,2528.0081699477123,4962,1500,8500,20000,0.0055313
tail3,90007,supplied,Completed,0.0013498980316300946,0.001320872941978496,2.6380567289525415E-5,2004.6359018779401,4416,0,10000,20000,0.0051608
tail3,90007,prior,Completed,0.0013498980316300946,8.999999999999998E-4,2.9987996398439266E-4,9.0,9,0,10000,20000,0.0036417
tail3,90008,supplied,Completed,0.0013498980316300946,0.0013508492173157011,2.672019110089742E-5,2035.7444136394113,4461,0,10000,20000,0.005521
tail3,90008,prior,Completed,0.0013498980316300946,0.0010999999999999992,3.3149658972438963E-4,11.0,11,0,10000,20000,0.0035628
tail3,90008,ce,Fitted,0.0013498980316300946,0.0013418464677413702,2.269977257322114E-5,2476.5218033227397,4997,1500,8500,20000,0.0055258
tail3,90009,prior,Completed,0.0013498980316300946,0.0021999999999999984,4.685487741904535E-4,22.0,22,0,10000,20000,0.0038472
tail3,90009,ce,Fitted,0.0013498980316300946,0.0013349129225733209,2.265903485514538E-5,2464.6598169397466,5062,1500,8500,20000,0.0058598
tail3,90009,supplied,Completed,0.0013498980316300946,0.0013671434687419055,2.6481713278818943E-5,2104.5388927563954,4541,0,10000,20000,0.0053522
tail3,90010,ce,Fitted,0.0013498980316300946,0.0013689696730985416,2.3202643900145113E-5,2469.8597344726704,5091,1500,8500,20000,0.0057841
tail3,90010,supplied,Completed,0.0013498980316300946,0.0013640608054181769,2.6905481279527E-5,2044.9109763552658,4524,0,10000,20000,0.0054039
tail3,90010,prior,Completed,0.0013498980316300946,0.0011999999999999984,3.4621956443661554E-4,12.0,12,0,10000,20000,0.003613
tail3,90011,supplied,Completed,0.0013498980316300946,0.0013218543857416154,2.5957607240911118E-5,2059.377262343111,4495,0,10000,20000,0.0053532
tail3,90011,prior,Completed,0.0013498980316300946,0.0012999999999999982,3.6033870788251316E-4,13.0,13,0,10000,20000,0.0037978
tail3,90011,ce,Fitted,0.0013498980316300946,0.001333706369406455,2.3125291376972473E-5,2390.8763244402653,5175,1500,8500,20000,0.0061899
tail3,90012,prior,Completed,0.0013498980316300946,0.0010999999999999992,3.314965897243885E-4,11.0,11,0,10000,20000,0.0055349
tail3,90012,ce,Fitted,0.0013498980316300946,0.0013109282674833005,2.239918856451196E-5,2441.635595687601,4947,1500,8500,20000,0.0060387
tail3,90012,supplied,Completed,0.0013498980316300946,0.0013490294833107817,2.6566691396314017E-5,2050.092466840601,4473,0,10000,20000,0.0052211
tail3,90013,ce,Fitted,0.0013498980316300946,0.0013630764937841088,2.2939554020160008E-5,2494.7773849112405,5126,1500,8500,20000,0.0056082
tail3,90013,supplied,Completed,0.0013498980316300946,0.0013419647715622706,2.6423538581243267E-5,2050.5891357240334,4530,0,10000,20000,0.0052605
tail3,90013,prior,Completed,0.0013498980316300946,0.0011999999999999984,3.4621956443661614E-4,12.0,12,0,10000,20000,0.0036429
tail3,90014,supplied,Completed,0.0013498980316300946,0.0013156378010176898,2.6137942063837625E-5,2021.5773941745135,4479,0,10000,20000,0.00563
tail3,90014,prior,Completed,0.0013498980316300946,6.999999999999995E-4,2.644957387172423E-4,7.0,7,0,10000,20000,0.0037017
tail3,90014,ce,Fitted,0.0013498980316300946,0.0013444487758975637,2.3199871788324455E-5,2407.415619750499,5103,1500,8500,20000,0.0059113
tail3,90015,prior,Completed,0.0013498980316300946,0.0016999999999999986,4.1198054905211036E-4,17.0,17,0,10000,20000,0.0037935
tail3,90015,ce,Fitted,0.0013498980316300946,0.001351626213248333,2.2529016092952014E-5,2528.8329972100128,4884,1500,8500,20000,0.0058314
tail3,90015,supplied,Completed,0.0013498980316300946,0.0013513937485716636,2.659660794554661E-5,2052.13234856079,4468,0,10000,20000,0.0053958
tail3,90016,ce,Fitted,0.0013498980316300946,0.0013555705672517937,2.322975805171654E-5,2431.4765829525118,5059,1500,8500,20000,0.0061126
tail3,90016,supplied,Completed,0.0013498980316300946,0.0013253934638346706,2.635812191685747E-5,2018.3513228943707,4427,0,10000,20000,0.0055811
tail3,90016,prior,Completed,0.0013498980316300946,6.999999999999995E-4,2.644957387172427E-4,7.0,7,0,10000,20000,0.0037044
tail3,90017,supplied,Completed,0.0013498980316300946,0.001352753964041824,2.6506985414487466E-5,2066.461496607501,4484,0,10000,20000,0.0072488
tail3,90017,prior,Completed,0.0013498980316300946,0.0020999999999999973,4.5779903669164435E-4,21.0,21,0,10000,20000,0.0044815
tail3,90017,ce,Fitted,0.0013498980316300946,0.0013441992025987413,2.2526132952556297E-5,2509.752591962489,5034,1500,8500,20000,0.0066473
tail3,90018,prior,Completed,0.0013498980316300946,0.0013999999999999991,3.739224275142907E-4,14.0,14,0,10000,20000,0.0068269
tail3,90018,ce,Fitted,0.0013498980316300946,0.0013740632024596775,2.335129269826027E-5,2460.505436494923,5060,1500,8500,20000,0.0057014
tail3,90018,supplied,Completed,0.0013498980316300946,0.001380296473970466,2.7090993752568248E-5,2061.098435313426,4455,0,10000,20000,0.0054045
tail3,90019,ce,Fitted,0.0013498980316300946,0.0013744569689914722,2.3236720180964525E-5,2478.7449128699805,5153,1500,8500,20000,0.0058531
tail3,90019,supplied,Completed,0.0013498980316300946,0.0013452356771182245,2.6297342092297732E-5,2074.2338883574994,4530,0,10000,20000,0.0054046
tail3,90019,prior,Completed,0.0013498980316300946,0.0012999999999999982,3.6033870788251186E-4,13.0,13,0,10000,20000,0.0039479
tail3,90020,supplied,Completed,0.0013498980316300946,0.001308570738181389,2.6006750642950238E-5,2020.4349518485365,4546,0,10000,20000,0.0058444
tail3,90020,prior,Completed,0.0013498980316300946,0.0013999999999999991,3.7392242751429003E-4,14.0,14,0,10000,20000,0.0036763
tail3,90020,ce,Fitted,0.0013498980316300946,0.001333140769344965,2.2863985578873333E-5,2428.652610450579,4984,1500,8500,20000,0.0058114
tail3,90021,prior,Completed,0.0013498980316300946,0.0024999999999999983,4.993995794892096E-4,25.0,25,0,10000,20000,0.0036824
tail3,90021,ce,Fitted,0.0013498980316300946,0.0013266625942476426,2.2259005434659777E-5,2505.5007552147504,4918,1500,8500,20000,0.005653
tail3,90021,supplied,Completed,0.0013498980316300946,0.0013670530277596162,2.6943955803061243E-5,2047.392047643822,4494,0,10000,20000,0.0053499
tail3,90022,ce,Fitted,0.0013498980316300946,0.0013787003467453174,2.244142294473754E-5,2613.940954338926,5138,1500,8500,20000,0.0055766
tail3,90022,supplied,Completed,0.0013498980316300946,0.0013980514782559958,2.7117126801776918E-5,2100.039004066172,4553,0,10000,20000,0.0054792
tail3,90022,prior,Completed,0.0013498980316300946,0.0010999999999999992,3.314965897243873E-4,11.0,11,0,10000,20000,0.0038746
tail3,90023,supplied,Completed,0.0013498980316300946,0.0013716317759330384,2.6879196553450834E-5,2066.1804925886095,4446,0,10000,20000,0.0054796
tail3,90023,prior,Completed,0.0013498980316300946,0.0013999999999999991,3.739224275142897E-4,14.0,14,0,10000,20000,0.0037411
tail3,90023,ce,Fitted,0.0013498980316300946,0.0013315431546373313,2.2821604879365136E-5,2430.929970909616,5077,1500,8500,20000,0.0059623
tail3,90024,prior,Completed,0.0013498980316300946,0.0010999999999999992,3.3149658972438903E-4,11.0,11,0,10000,20000,0.0055817
tail3,90024,ce,Fitted,0.0013498980316300946,0.0013578267761294167,2.2661560708164742E-5,2524.2554353952573,4923,1500,8500,20000,0.0059314
tail3,90024,supplied,Completed,0.0013498980316300946,0.0013247440680540343,2.627456331114159E-5,2027.016376031132,4455,0,10000,20000,0.0056181
tail3,90025,ce,Fitted,0.0013498980316300946,0.0013693742630418316,2.2888371334276684E-5,2518.9687642363097,5042,1500,8500,20000,0.0055957
tail3,90025,supplied,Completed,0.0013498980316300946,0.0014010132625604415,2.729895042540959E-5,2084.9273651061253,4501,0,10000,20000,0.0055629
tail3,90025,prior,Completed,0.0013498980316300946,0.0012999999999999982,3.6033870788251376E-4,13.0,13,0,10000,20000,0.0037566
tail3,90026,supplied,Completed,0.0013498980316300946,0.0013369461223027548,2.6533805291305005E-5,2024.9175684419558,4494,0,10000,20000,0.0054129
tail3,90026,prior,Completed,0.0013498980316300946,0.001999999999999997,4.467884980571875E-4,20.0,20,0,10000,20000,0.0037693
tail3,90026,ce,Fitted,0.0013498980316300946,0.0013394329275332414,2.2520417846853768E-5,2498.1006510982925,5024,1500,8500,20000,0.0057286
tail3,90027,prior,Completed,0.0013498980316300946,0.0016999999999999986,4.119805490521122E-4,17.0,17,0,10000,20000,0.003636
tail3,90027,ce,Fitted,0.0013498980316300946,0.0013644222612204512,2.2767244527766227E-5,2524.94011434039,5103,1500,8500,20000,0.0055106
tail3,90027,supplied,Completed,0.0013498980316300946,0.0013886927526258368,2.7079839575217785E-5,2082.373415221585,4508,0,10000,20000,0.0053525
tail3,90028,ce,Fitted,0.0013498980316300946,0.0013133933451279216,2.3020488408384055E-5,2353.9170083407485,5126,1500,8500,20000,0.0056838
tail3,90028,supplied,Completed,0.0013498980316300946,0.0013195834825235641,2.6129094345104063E-5,2032.3507666582557,4476,0,10000,20000,0.0051965
tail3,90028,prior,Completed,0.0013498980316300946,0.0017999999999999982,4.2390325476096286E-4,18.0,18,0,10000,20000,0.0035908
tail3,90029,supplied,Completed,0.0013498980316300946,0.001375074353465832,2.6943301342438425E-5,2066.5890740548916,4535,0,10000,20000,0.0054765
tail3,90029,prior,Completed,0.0013498980316300946,8.999999999999998E-4,2.9987996398438946E-4,9.0,9,0,10000,20000,0.0036616
tail3,90029,ce,Fitted,0.0013498980316300946,0.001342081912453901,2.2806448898414532E-5,2460.711332998938,5159,1500,8500,20000,0.0076549
tail5,90000,prior,Completed,2.866515718791939E-7,0.0,NaN,0.0,0,0,10000,20000,0.0037438
tail5,90000,ce,Fitted,2.866515718791939E-7,2.73490681735551E-7,6.281782949214193E-9,1513.2397132477001,4069,2500,7500,20000,0.0062345
tail5,90000,supplied,Completed,2.866515718791939E-7,2.8282060446725483E-7,7.237871639000078E-9,1324.7284096832072,4461,0,10000,20000,0.0052928
tail5,90001,ce,Fitted,2.866515718791939E-7,2.82698526860341E-7,6.5070126801144746E-9,1508.141192497012,4167,2500,7500,20000,0.005677
tail5,90001,supplied,Completed,2.866515718791939E-7,2.8644525554722857E-7,7.20698395740461E-9,1364.3196823853511,4494,0,10000,20000,0.0055771
tail5,90001,prior,Completed,2.866515718791939E-7,0.0,NaN,0.0,0,0,10000,20000,0.0035424
tail5,90002,supplied,Completed,2.866515718791939E-7,2.761761238052971E-7,7.037454293392102E-9,1334.6586149206726,4486,0,10000,20000,0.0053387
tail5,90002,prior,Completed,2.866515718791939E-7,0.0,NaN,0.0,0,0,10000,20000,0.0039295
tail5,90002,ce,Fitted,2.866515718791939E-7,2.8013622756486466E-7,6.416032226872687E-9,1520.166664821618,4097,2500,7500,20000,0.0066797
tail5,90003,prior,Completed,2.866515718791939E-7,0.0,NaN,0.0,0,0,10000,20000,0.00369
tail5,90003,ce,Fitted,2.866515718791939E-7,2.8969264745524126E-7,6.5862823181074436E-9,1538.0747236824873,4041,2500,7500,20000,0.0058978
tail5,90003,supplied,Completed,2.866515718791939E-7,2.8914908596958033E-7,7.306578355208321E-9,1354.1497564936928,4447,0,10000,20000,0.0059596
tail5,90004,ce,Fitted,2.866515718791939E-7,2.9566830589295954E-7,6.685879229980056E-9,1551.3436660011425,4147,2500,7500,20000,0.0063132
tail5,90004,supplied,Completed,2.866515718791939E-7,2.8762574002514417E-7,7.255618225804167E-9,1358.174510699821,4493,0,10000,20000,0.00557
tail5,90004,prior,Completed,2.866515718791939E-7,0.0,NaN,0.0,0,0,10000,20000,0.0037837
tail5,90005,supplied,Completed,2.866515718791939E-7,2.80757189420776E-7,7.1191266805593065E-9,1346.0632801557379,4509,0,10000,20000,0.0052264
tail5,90005,prior,Completed,2.866515718791939E-7,0.0,NaN,0.0,0,0,10000,20000,0.0036686
tail5,90005,ce,Fitted,2.866515718791939E-7,2.825744830242385E-7,6.493068297651589E-9,1512.257378090539,4109,2500,7500,20000,0.0078273
tail5,90006,prior,Completed,2.866515718791939E-7,0.0,NaN,0.0,0,0,10000,20000,0.0037205
tail5,90006,ce,Fitted,2.866515718791939E-7,2.8420885355400137E-7,6.519528390650718E-9,1516.367318380443,4051,2500,7500,20000,0.0061451
tail5,90006,supplied,Completed,2.866515718791939E-7,2.9389859461257617E-7,7.430487063623635E-9,1352.9233549859246,4485,0,10000,20000,0.0055247
tail5,90007,ce,Fitted,2.866515718791939E-7,2.8595878054697737E-7,6.4672755785779365E-9,1550.980045935105,4010,2500,7500,20000,0.0058885
tail5,90007,supplied,Completed,2.866515718791939E-7,2.808352965303019E-7,7.234232580049403E-9,1309.76504900108,4415,0,10000,20000,0.0052137
tail5,90007,prior,Completed,2.866515718791939E-7,0.0,NaN,0.0,0,0,10000,20000,0.0035763
tail5,90008,supplied,Completed,2.866515718791939E-7,2.890307762856508E-7,7.323271152306747E-9,1347.8603597439994,4461,0,10000,20000,0.0054244
tail5,90008,prior,Completed,2.866515718791939E-7,0.0,NaN,0.0,0,0,10000,20000,0.0036648
tail5,90008,ce,Fitted,2.866515718791939E-7,2.8470646549464617E-7,6.4498448308872765E-9,1546.8256771725416,4111,2500,7500,20000,0.0059349
tail5,90009,prior,Completed,2.866515718791939E-7,0.0,NaN,0.0,0,0,10000,20000,0.0037218
tail5,90009,ce,Fitted,2.866515718791939E-7,2.8995842163684297E-7,6.529753769088583E-9,1561.5263717336131,4152,2500,7500,20000,0.0059611
tail5,90009,supplied,Completed,2.866515718791939E-7,2.8778742327627073E-7,7.2090475085116096E-9,1374.6933235316246,4539,0,10000,20000,0.0053198
tail5,90010,ce,Fitted,2.866515718791939E-7,2.863484092285292E-7,6.362079554822956E-9,1616.615286573149,4517,2000,8000,20000,0.0056772
tail5,90010,supplied,Completed,2.866515718791939E-7,2.927832893637588E-7,7.405167610213918E-9,1352.0140172119436,4524,0,10000,20000,0.0054183
tail5,90010,prior,Completed,2.866515718791939E-7,0.0,NaN,0.0,0,0,10000,20000,0.0036479
tail5,90011,supplied,Completed,2.866515718791939E-7,2.7612739045586364E-7,7.019501478772101E-9,1340.1682462125907,4494,0,10000,20000,0.0053967
tail5,90011,prior,Completed,2.866515718791939E-7,0.0,NaN,0.0,0,0,10000,20000,0.0038792
tail5,90011,ce,Fitted,2.866515718791939E-7,2.8234120175968055E-7,6.520052188960068E-9,1500.284651698551,4173,2500,7500,20000,0.0079125
tail5,90012,prior,Completed,2.866515718791939E-7,0.0,NaN,0.0,0,0,10000,20000,0.0036124
tail5,90012,ce,Fitted,2.866515718791939E-7,2.7884246316943043E-7,6.44647769589544E-9,1497.596137833877,4110,2500,7500,20000,0.0061205
tail5,90012,supplied,Completed,2.866515718791939E-7,2.8690785332464535E-7,7.2647852330876325E-9,1349.3684693049881,4473,0,10000,20000,0.00556
tail5,90013,ce,Fitted,2.866515718791939E-7,2.8607869205005906E-7,6.463181500761302E-9,1553.571276021418,4078,2500,7500,20000,0.0058513
tail5,90013,supplied,Completed,2.866515718791939E-7,2.8370822042757423E-7,7.247545405674704E-9,1328.8662360820754,4528,0,10000,20000,0.0054543
tail5,90013,prior,Completed,2.866515718791939E-7,0.0,NaN,0.0,0,0,10000,20000,0.0036892
tail5,90014,supplied,Completed,2.866515718791939E-7,2.775498846593915E-7,7.1130666774015525E-9,1321.4716776820812,4479,0,10000,20000,0.0052741
tail5,90014,prior,Completed,2.866515718791939E-7,0.0,NaN,0.0,0,0,10000,20000,0.0039482
tail5,90014,ce,Fitted,2.866515718791939E-7,2.8716500698657923E-7,6.298204145221032E-9,1650.2522794863767,4521,2000,8000,20000,0.0058646
tail5,90015,prior,Completed,2.866515718791939E-7,0.0,NaN,0.0,0,0,10000,20000,0.0037088
tail5,90015,ce,Fitted,2.866515718791939E-7,2.8864621420481125E-7,6.321878943570883E-9,1653.9040728007303,4348,2000,8000,20000,0.0055126
tail5,90015,supplied,Completed,2.866515718791939E-7,2.873481446153727E-7,7.238991054324402E-9,1361.2964638448552,4465,0,10000,20000,0.0052808
tail5,90016,ce,Fitted,2.866515718791939E-7,2.8550200509027135E-7,6.354300410852906E-9,1612.1393422654867,4445,2000,8000,20000,0.0055962
tail5,90016,supplied,Completed,2.866515718791939E-7,2.8144971502665633E-7,7.202160479272176E-9,1324.9287400016356,4427,0,10000,20000,0.0054016
tail5,90016,prior,Completed,2.866515718791939E-7,0.0,NaN,0.0,0,0,10000,20000,0.0037629
tail5,90017,supplied,Completed,2.866515718791939E-7,2.8623142967784567E-7,7.236547766694385E-9,1352.9538472885567,4483,0,10000,20000,0.005494
tail5,90017,prior,Completed,2.866515718791939E-7,0.0,NaN,0.0,0,0,10000,20000,0.0035263
tail5,90017,ce,Fitted,2.866515718791939E-7,2.8846668751768016E-7,6.501716954746565E-9,1559.4132091659976,4137,2500,7500,20000,0.0074087
tail5,90018,prior,Completed,2.866515718791939E-7,0.0,NaN,0.0,0,0,10000,20000,0.0036992
tail5,90018,ce,Fitted,2.866515718791939E-7,2.851802809925775E-7,6.4707812234566595E-9,1542.9544893668483,4124,2500,7500,20000,0.0063176
tail5,90018,supplied,Completed,2.866515718791939E-7,2.9726806775445435E-7,7.458994537126193E-9,1370.7341228906644,4455,0,10000,20000,0.0055668
tail5,90019,ce,Fitted,2.866515718791939E-7,2.916486770480073E-7,6.6003017650583695E-9,1549.361194032507,4091,2500,7500,20000,0.0054542
tail5,90019,supplied,Completed,2.866515718791939E-7,2.8299575896398104E-7,7.1584179861707945E-9,1351.7527885335287,4529,0,10000,20000,0.0053749
tail5,90019,prior,Completed,2.866515718791939E-7,0.0,NaN,0.0,0,0,10000,20000,0.0036245
tail5,90020,supplied,Completed,2.866515718791939E-7,2.743626875047215E-7,7.119751336011377E-9,1293.0878714391536,4545,0,10000,20000,0.0052892
tail5,90020,prior,Completed,2.866515718791939E-7,0.0,NaN,0.0,0,0,10000,20000,0.0039745
tail5,90020,ce,Fitted,2.866515718791939E-7,2.735702391855193E-7,6.373230449608428E-9,1479.315947667709,4116,2500,7500,20000,0.0053974
tail5,90021,prior,Completed,2.866515718791939E-7,0.0,NaN,0.0,0,0,10000,20000,0.0034987
tail5,90021,ce,Fitted,2.866515718791939E-7,2.8293951535576533E-7,6.450813965178391E-9,1531.2278589243028,4163,2500,7500,20000,0.0056034
tail5,90021,supplied,Completed,2.866515718791939E-7,2.936957218816832E-7,7.398274202902522E-9,1361.4959844266332,4493,0,10000,20000,0.0055662
tail5,90022,ce,Fitted,2.866515718791939E-7,2.9754042871624383E-7,6.5076556376400445E-9,1634.969817172787,4190,2500,7500,20000,0.0054917
tail5,90022,supplied,Completed,2.866515718791939E-7,2.993074311853779E-7,7.452278205928533E-9,1389.1422675906604,4551,0,10000,20000,0.0051583
tail5,90022,prior,Completed,2.866515718791939E-7,0.0,NaN,0.0,0,0,10000,20000,0.003936
tail5,90023,supplied,Completed,2.866515718791939E-7,2.9354631008800443E-7,7.3406709707599995E-9,1378.7770414375775,4445,0,10000,20000,0.0054335
tail5,90023,prior,Completed,2.866515718791939E-7,0.0,NaN,0.0,0,0,10000,20000,0.003749
tail5,90023,ce,Fitted,2.866515718791939E-7,2.8601793559204404E-7,6.337846364074183E-9,1623.4925366095283,4430,2000,8000,20000,0.0079258
tail5,90024,prior,Completed,2.866515718791939E-7,0.0,NaN,0.0,0,0,10000,20000,0.0041836
tail5,90024,ce,Fitted,2.866515718791939E-7,2.8792221329566456E-7,6.578954845540488E-9,1525.8428918633692,4049,2500,7500,20000,0.0054033
tail5,90024,supplied,Completed,2.866515718791939E-7,2.8068657743617086E-7,7.117924138746146E-9,1345.8708408534221,4455,0,10000,20000,0.0052987
tail5,90025,ce,Fitted,2.866515718791939E-7,2.8809360638399374E-7,6.500914668160027E-9,1556.5229993230937,4133,2500,7500,20000,0.00612
tail5,90025,supplied,Completed,2.866515718791939E-7,3.0220140045929524E-7,7.518208829571338E-9,1391.0915065322656,4498,0,10000,20000,0.0052957
tail5,90025,prior,Completed,2.866515718791939E-7,0.0,NaN,0.0,0,0,10000,20000,0.0036597
tail5,90026,supplied,Completed,2.866515718791939E-7,2.8485689951958346E-7,7.2777976630177846E-9,1328.5786060739852,4494,0,10000,20000,0.0055479
tail5,90026,prior,Completed,2.866515718791939E-7,0.0,NaN,0.0,0,0,10000,20000,0.0037927
tail5,90026,ce,Fitted,2.866515718791939E-7,2.8876175473682386E-7,6.463557683094338E-9,1576.5491715062421,4201,2500,7500,20000,0.0063252
tail5,90027,prior,Completed,2.866515718791939E-7,0.0,NaN,0.0,0,0,10000,20000,0.0038435
tail5,90027,ce,Fitted,2.866515718791939E-7,2.9231642375282113E-7,6.5725925018387145E-9,1565.387988891732,4185,2500,7500,20000,0.0058361
tail5,90027,supplied,Completed,2.866515718791939E-7,2.969779870143252E-7,7.429994420507141E-9,1377.6547208610273,4503,0,10000,20000,0.0063423
tail5,90028,ce,Fitted,2.866515718791939E-7,2.7837961577976986E-7,6.378095325500584E-9,1519.2943572685763,4117,2500,7500,20000,0.0064876
tail5,90028,supplied,Completed,2.866515718791939E-7,2.7756793967573626E-7,7.134763084287853E-9,1314.6502640142653,4475,0,10000,20000,0.0060349
tail5,90028,prior,Completed,2.866515718791939E-7,0.0,NaN,0.0,0,0,10000,20000,0.004071
tail5,90029,supplied,Completed,2.866515718791939E-7,2.940389546292046E-7,7.42884450663601E-9,1354.55862383088,4533,0,10000,20000,0.0064967
tail5,90029,prior,Completed,2.866515718791939E-7,0.0,NaN,0.0,0,0,10000,20000,0.0043148
tail5,90029,ce,Fitted,2.866515718791939E-7,2.817539902577155E-7,6.388044149481971E-9,1544.8708076400746,4130,2500,7500,20000,0.0068581
two_tail4,90000,prior,Completed,6.334248366623984E-5,9.999999999999991E-5,1.0000000000000026E-4,1.0,1,0,10000,20000,0.0042735
two_tail4,90000,ce,Fitted,6.334248366623984E-5,6.820269469312113E-5,3.1641201970046606E-6,441.8576479543366,3615,1000,9000,20000,0.0056707
two_tail4,90000,supplied,Completed,6.334248366623984E-5,6.044792408336296E-5,1.3939758406431461E-6,1582.9145020314133,4530,0,10000,20000,0.0264605
two_tail4,90001,ce,Fitted,6.334248366623984E-5,6.056378607032156E-5,2.9333966515260434E-6,407.03632964582675,3571,1000,9000,20000,0.0165024
two_tail4,90001,supplied,Completed,6.334248366623984E-5,6.291212665115598E-5,1.4410011162062772E-6,1601.0612406951411,4453,0,10000,20000,0.0167835
two_tail4,90001,prior,Completed,6.334248366623984E-5,9.999999999999991E-5,9.999999999999973E-5,1.0,1,0,10000,20000,0.0045321
two_tail4,90002,supplied,Completed,6.334248366623984E-5,6.302997380898181E-5,1.4283309032163046E-6,1630.056148495858,4577,0,10000,20000,0.0081741
two_tail4,90002,prior,Completed,6.334248366623984E-5,0.0,NaN,0.0,0,0,10000,20000,0.0045761
two_tail4,90002,ce,Fitted,6.334248366623984E-5,6.323931883147489E-5,2.9364738932401565E-6,441.10842379653053,3587,1000,9000,20000,0.0065141
two_tail4,90003,prior,Completed,6.334248366623984E-5,0.0,NaN,0.0,0,0,10000,20000,0.0046809
two_tail4,90003,ce,InsufficientElite,6.334248366623984E-5,NaN,NaN,0,0,1000,0,2000,8.543E-4
two_tail4,90003,supplied,Completed,6.334248366623984E-5,6.207527424305882E-5,1.4234023108509013E-6,1598.0967507650116,4474,0,10000,20000,0.0080628
two_tail4,90004,ce,InsufficientElite,6.334248366623984E-5,NaN,NaN,0,0,1000,0,2000,8.589E-4
two_tail4,90004,supplied,Completed,6.334248366623984E-5,6.625443460266782E-5,1.4603475752790522E-6,1707.1271676690872,4606,0,10000,20000,0.0068723
two_tail4,90004,prior,Completed,6.334248366623984E-5,0.0,NaN,0.0,0,0,10000,20000,0.0037546
two_tail4,90005,supplied,Completed,6.334248366623984E-5,6.448740851328777E-5,1.441381662888865E-6,1667.963233614992,4515,0,10000,20000,0.0063883
two_tail4,90005,prior,Completed,6.334248366623984E-5,0.0,NaN,0.0,0,0,10000,20000,0.0037714
two_tail4,90005,ce,InsufficientElite,6.334248366623984E-5,NaN,NaN,0,0,1000,0,2000,8.703E-4
two_tail4,90006,prior,Completed,6.334248366623984E-5,9.999999999999991E-5,9.999999999999973E-5,1.0,1,0,10000,20000,0.0044097
two_tail4,90006,ce,InsufficientElite,6.334248366623984E-5,NaN,NaN,0,0,1000,0,2000,7.621E-4
two_tail4,90006,supplied,Completed,6.334248366623984E-5,6.35941281127821E-5,1.4459472678577128E-6,1620.942868757645,4485,0,10000,20000,0.0068112
two_tail4,90007,ce,InsufficientElite,6.334248366623984E-5,NaN,NaN,0,0,1000,0,2000,8.645E-4
two_tail4,90007,supplied,Completed,6.334248366623984E-5,6.236792472203044E-5,1.4196908668232568E-6,1617.836311828386,4495,0,10000,20000,0.0061407
two_tail4,90007,prior,Completed,6.334248366623984E-5,9.999999999999991E-5,9.999999999999991E-5,1.0,1,0,10000,20000,0.003485
two_tail4,90008,supplied,Completed,6.334248366623984E-5,6.320978087889697E-5,1.426517801494475E-6,1641.326468844873,4509,0,10000,20000,0.0058436
two_tail4,90008,prior,Completed,6.334248366623984E-5,9.999999999999991E-5,9.999999999999991E-5,1.0,1,0,10000,20000,0.0034943
two_tail4,90008,ce,Fitted,6.334248366623984E-5,6.735914364928873E-5,3.2394328002257333E-6,412.59400026280247,3549,1000,9000,20000,0.0062763
two_tail4,90009,prior,Completed,6.334248366623984E-5,1.9999999999999985E-4,1.414142842854999E-4,2.0,2,0,10000,20000,0.0035631
two_tail4,90009,ce,InsufficientElite,6.334248366623984E-5,NaN,NaN,0,0,1000,0,2000,7.263E-4
two_tail4,90009,supplied,Completed,6.334248366623984E-5,6.331940364511151E-5,1.4404020429298552E-6,1619.6205839639695,4434,0,10000,20000,0.0058211
two_tail4,90010,ce,InsufficientElite,6.334248366623984E-5,NaN,NaN,0,0,1000,0,2000,6.118E-4
two_tail4,90010,supplied,Completed,6.334248366623984E-5,6.414475546705388E-5,1.4469315075986288E-6,1642.6289615150265,4462,0,10000,20000,0.0061023
two_tail4,90010,prior,Completed,6.334248366623984E-5,0.0,NaN,0.0,0,0,10000,20000,0.0033221
two_tail4,90011,supplied,Completed,6.334248366623984E-5,6.469126399719559E-5,1.4462195639648713E-6,1667.422324176462,4537,0,10000,20000,0.0057977
two_tail4,90011,prior,Completed,6.334248366623984E-5,0.0,NaN,0.0,0,0,10000,20000,0.0034622
two_tail4,90011,ce,InsufficientElite,6.334248366623984E-5,NaN,NaN,0,0,1000,0,2000,7.791E-4
two_tail4,90012,prior,Completed,6.334248366623984E-5,0.0,NaN,0.0,0,0,10000,20000,0.0033697
two_tail4,90012,ce,InsufficientElite,6.334248366623984E-5,NaN,NaN,0,0,1000,0,2000,5.79E-4
two_tail4,90012,supplied,Completed,6.334248366623984E-5,6.41140925464053E-5,1.4489750894771974E-6,1637.4477064599087,4536,0,10000,20000,0.0056184
two_tail4,90013,ce,InsufficientElite,6.334248366623984E-5,NaN,NaN,0,0,1000,0,2000,5.314E-4
two_tail4,90013,supplied,Completed,6.334248366623984E-5,6.451100096224101E-5,1.4552495604743832E-6,1642.5222715330706,4478,0,10000,20000,0.0058613
two_tail4,90013,prior,Completed,6.334248366623984E-5,0.0,NaN,0.0,0,0,10000,20000,0.0041885
two_tail4,90014,supplied,Completed,6.334248366623984E-5,6.629813249401551E-5,1.480614620405814E-6,1670.2898579995365,4570,0,10000,20000,0.0058035
two_tail4,90014,prior,Completed,6.334248366623984E-5,0.0,NaN,0.0,0,0,10000,20000,0.0034133
two_tail4,90014,ce,InsufficientElite,6.334248366623984E-5,NaN,NaN,0,0,1000,0,2000,6.094E-4
two_tail4,90015,prior,Completed,6.334248366623984E-5,1.9999999999999985E-4,1.414142842854989E-4,2.0,2,0,10000,20000,0.0034418
two_tail4,90015,ce,InsufficientElite,6.334248366623984E-5,NaN,NaN,0,0,1000,0,2000,5.669E-4
two_tail4,90015,supplied,Completed,6.334248366623984E-5,6.343353131777951E-5,1.4341095588546248E-6,1636.4640738079145,4473,0,10000,20000,0.0056508
two_tail4,90016,ce,Fitted,6.334248366623984E-5,5.980875863121367E-5,2.9166413274143086E-6,401.7707315597654,3564,1000,9000,20000,0.0049568
two_tail4,90016,supplied,Completed,6.334248366623984E-5,6.429170662469726E-5,1.45699743335983E-6,1629.917131490977,4504,0,10000,20000,0.0060979
two_tail4,90016,prior,Completed,6.334248366623984E-5,0.0,NaN,0.0,0,0,10000,20000,0.0037817
two_tail4,90017,supplied,Completed,6.334248366623984E-5,6.208150904128573E-5,1.40001892074579E-6,1643.357258220314,4516,0,10000,20000,0.0057822
two_tail4,90017,prior,Completed,6.334248366623984E-5,0.0,NaN,0.0,0,0,10000,20000,0.0033771
two_tail4,90017,ce,InsufficientElite,6.334248366623984E-5,NaN,NaN,0,0,1000,0,2000,7.176E-4
two_tail4,90018,prior,Completed,6.334248366623984E-5,9.999999999999991E-5,1.0000000000000026E-4,1.0,1,0,10000,20000,0.0034756
two_tail4,90018,ce,InsufficientElite,6.334248366623984E-5,NaN,NaN,0,0,1000,0,2000,6.667E-4
two_tail4,90018,supplied,Completed,6.334248366623984E-5,6.173468590157432E-5,1.4065928509376802E-6,1615.298257085381,4475,0,10000,20000,0.0056426
two_tail4,90019,ce,Fitted,6.334248366623984E-5,6.412108907062345E-5,3.067963419739691E-6,416.6432384393668,3507,1000,9000,20000,0.0050315
two_tail4,90019,supplied,Completed,6.334248366623984E-5,6.270644035553726E-5,1.4109404554827396E-6,1649.5333527936928,4490,0,10000,20000,0.0059524
two_tail4,90019,prior,Completed,6.334248366623984E-5,0.0,NaN,0.0,0,0,10000,20000,0.0034922
two_tail4,90020,supplied,Completed,6.334248366623984E-5,6.37702596936135E-5,1.4309810994770139E-6,1657.0373795636467,4517,0,10000,20000,0.0057719
two_tail4,90020,prior,Completed,6.334248366623984E-5,0.0,NaN,0.0,0,0,10000,20000,0.0039987
two_tail4,90020,ce,InsufficientElite,6.334248366623984E-5,NaN,NaN,0,0,1000,0,2000,6.677E-4
two_tail4,90021,prior,Completed,6.334248366623984E-5,2.9999999999999954E-4,1.7318775765030306E-4,3.0,3,0,10000,20000,0.0035915
two_tail4,90021,ce,InsufficientElite,6.334248366623984E-5,NaN,NaN,0,0,1000,0,2000,7.431E-4
two_tail4,90021,supplied,Completed,6.334248366623984E-5,6.4475673899445E-5,1.4434075671707195E-6,1663.5581340985207,4494,0,10000,20000,0.005683
two_tail4,90022,ce,InsufficientElite,6.334248366623984E-5,NaN,NaN,0,0,1000,0,2000,5.948E-4
two_tail4,90022,supplied,Completed,6.334248366623984E-5,6.302686150073824E-5,1.4245329675276047E-6,1637.1992440926454,4493,0,10000,20000,0.0056164
two_tail4,90022,prior,Completed,6.334248366623984E-5,0.0,NaN,0.0,0,0,10000,20000,0.0033446
two_tail4,90023,supplied,Completed,6.334248366623984E-5,6.429711952412906E-5,1.4475138430382654E-6,1648.0452989665841,4473,0,10000,20000,0.0073134
two_tail4,90023,prior,Completed,6.334248366623984E-5,3.9999999999999975E-4,1.9996999474891216E-4,4.0,4,0,10000,20000,0.0044357
two_tail4,90023,ce,InsufficientElite,6.334248366623984E-5,NaN,NaN,0,0,1000,0,2000,6.326E-4
two_tail4,90024,prior,Completed,6.334248366623984E-5,0.0,NaN,0.0,0,0,10000,20000,0.0034748
two_tail4,90024,ce,InsufficientElite,6.334248366623984E-5,NaN,NaN,0,0,1000,0,2000,5.355E-4
two_tail4,90024,supplied,Completed,6.334248366623984E-5,6.761480434579641E-5,1.4911828820971369E-6,1705.51202440882,4603,0,10000,20000,0.0058068
two_tail4,90025,ce,InsufficientElite,6.334248366623984E-5,NaN,NaN,0,0,1000,0,2000,5.939E-4
two_tail4,90025,supplied,Completed,6.334248366623984E-5,6.455895487505523E-5,1.4661282622863791E-6,1624.1977289123079,4473,0,10000,20000,0.005595
two_tail4,90025,prior,Completed,6.334248366623984E-5,0.0,NaN,0.0,0,0,10000,20000,0.003334
two_tail4,90026,supplied,Completed,6.334248366623984E-5,6.436805938274861E-5,1.4674948172057185E-6,1613.633648394157,4477,0,10000,20000,0.0058248
two_tail4,90026,prior,Completed,6.334248366623984E-5,9.999999999999991E-5,9.999999999999973E-5,1.0,1,0,10000,20000,0.003478
two_tail4,90026,ce,Fitted,6.334248366623984E-5,6.68210828104185E-5,3.1576027947338946E-6,426.6467941951991,3596,1000,9000,20000,0.0050683
two_tail4,90027,prior,Completed,6.334248366623984E-5,0.0,NaN,0.0,0,0,10000,20000,0.0034036
two_tail4,90027,ce,InsufficientElite,6.334248366623984E-5,NaN,NaN,0,0,1000,0,2000,5.77E-4
two_tail4,90027,supplied,Completed,6.334248366623984E-5,6.511964956262016E-5,1.4722335710196736E-6,1636.4563818009422,4500,0,10000,20000,0.005931
two_tail4,90028,ce,Fitted,6.334248366623984E-5,6.134113457027676E-5,3.137069549174358E-6,366.80286626089793,3491,1000,9000,20000,0.0065016
two_tail4,90028,supplied,Completed,6.334248366623984E-5,6.384508245153949E-5,1.4395091379921584E-6,1643.892778707402,4441,0,10000,20000,0.005894
two_tail4,90028,prior,Completed,6.334248366623984E-5,9.999999999999991E-5,1.0000000000000026E-4,1.0,1,0,10000,20000,0.0035299
two_tail4,90029,supplied,Completed,6.334248366623984E-5,6.239152552196968E-5,1.442281525464022E-6,1576.4790997982454,4434,0,10000,20000,0.0056627
two_tail4,90029,prior,Completed,6.334248366623984E-5,0.0,NaN,0.0,0,0,10000,20000,0.0035218
two_tail4,90029,ce,InsufficientElite,6.334248366623984E-5,NaN,NaN,0,0,1000,0,2000,5.737E-4
