fixture,seed,parameterBudget,components,parameters,method,status,train,heldout,meanLogScore,scoreMCSE,regionProbability,referenceRegion,fitMillis,scoreMillis,sampleMillis,angularEvaluations
gvm-curved,0,6,1,6,gvm-em,Converged,800,3000,-1.3315658863387776,0.018667858926893988,0.034666666666666665,0.037333333333333336,140.2226,5.4451,3.9259,465
gvm-curved,0,6,1,5,gmm-chart-em,Fitted,800,3000,-2.818639417529707,0.028578452226610367,0.11233333333333333,0.037333333333333336,111.9474,7.4382,9.5367,0
gvm-curved,0,6,1,5,gmm-wrapped-em,Fitted,800,3000,-2.8095952882922672,0.02792189839224617,0.11233333333333333,0.037333333333333336,4.978,10.6403,3.2269,0
gvm-curved,0,13,2,13,gvm-em,IterationLimit,800,3000,-1.3402837069405604,0.018995229635290996,0.03166666666666667,0.037333333333333336,360.2483,1.8461,2.1402,13872
gvm-curved,0,13,2,11,gmm-chart-em,Fitted,800,3000,-2.4237498797790535,0.032604570808875924,0.065,0.037333333333333336,67.0949,2.7913,2.3161,0
gvm-curved,0,13,2,11,gmm-wrapped-em,Fitted,800,3000,-2.412148213265401,0.03153498039818148,0.065,0.037333333333333336,48.2258,4.7211,1.3014,0
gvm-curved,0,27,4,27,gvm-em,IterationLimit,800,3000,-1.3440664581485147,0.01896939065086087,0.034333333333333334,0.037333333333333336,507.0336,1.5762,0.7379,27449
gvm-curved,0,27,4,23,gmm-chart-em,Fitted,800,3000,-1.690499395175172,0.028177361833977104,0.034,0.037333333333333336,72.761,3.4564,1.2942,0
gvm-curved,0,27,4,23,gmm-wrapped-em,Fitted,800,3000,-1.6807904402955516,0.02693614411683663,0.034,0.037333333333333336,65.8892,4.8657,0.9673,0
gvm-curved,1,6,1,5,gmm-wrapped-em,Fitted,800,3000,-2.846473799364772,0.0242690976186356,0.121,0.037333333333333336,1.5729,1.9039,0.8315,0
gvm-curved,1,6,1,5,gmm-chart-em,Fitted,800,3000,-2.8591165054174206,0.025281118311139657,0.121,0.037333333333333336,1.6401,1.0037,0.7623,0
gvm-curved,1,6,1,6,gvm-em,Converged,800,3000,-1.3606877175612513,0.01811127281163157,0.04133333333333333,0.037333333333333336,8.8075,1.1608,0.7104,216
gvm-curved,1,13,2,11,gmm-wrapped-em,Fitted,800,3000,-2.443044620961087,0.029063416987640568,0.08233333333333333,0.037333333333333336,33.0308,2.4874,0.8801,0
gvm-curved,1,13,2,11,gmm-chart-em,Fitted,800,3000,-2.4629258305581736,0.030707954803924895,0.083,0.037333333333333336,27.3073,1.247,0.729,0
gvm-curved,1,13,2,13,gvm-em,IterationLimit,800,3000,-1.363889769765293,0.018456443849533922,0.037333333333333336,0.037333333333333336,251.4872,0.9819,0.7042,13421
gvm-curved,1,27,4,23,gmm-wrapped-em,Fitted,800,3000,-1.8965245544555525,0.02929577497854258,0.05266666666666667,0.037333333333333336,19.6657,3.7661,0.7447,0
gvm-curved,1,27,4,23,gmm-chart-em,Fitted,800,3000,-2.03104478669229,0.0454019417812136,0.05266666666666667,0.037333333333333336,19.1569,2.1834,0.7207,0
gvm-curved,1,27,4,27,gvm-em,IterationLimit,800,3000,-1.3781796325503437,0.01909098864769835,0.036,0.037333333333333336,485.6285,1.4933,0.7125,27091
gvm-curved,2,6,1,6,gvm-em,Converged,800,3000,-1.370146595654143,0.018742685310893303,0.042666666666666665,0.036333333333333336,8.2386,0.761,0.6053,345
gvm-curved,2,6,1,5,gmm-chart-em,Fitted,800,3000,-2.853457585536954,0.02814570114889971,0.14,0.036333333333333336,1.2922,0.7525,0.5353,0
gvm-curved,2,6,1,5,gmm-wrapped-em,Fitted,800,3000,-2.837315874802259,0.026940923292964367,0.14,0.036333333333333336,1.1898,1.2489,0.5271,0
gvm-curved,2,13,2,13,gvm-em,IterationLimit,800,3000,-1.3780681313149883,0.019449695220464185,0.03666666666666667,0.036333333333333336,260.3708,0.9605,0.6287,13856
gvm-curved,2,13,2,11,gmm-chart-em,Fitted,800,3000,-2.4705233726180227,0.03305621850894371,0.07166666666666667,0.036333333333333336,12.9436,1.2759,0.5799,0
gvm-curved,2,13,2,11,gmm-wrapped-em,Fitted,800,3000,-2.4616369537498213,0.03252610200375879,0.07166666666666667,0.036333333333333336,12.686,2.2801,0.5746,0
gvm-curved,2,27,4,27,gvm-em,IterationLimit,800,3000,-1.38865121468682,0.019418755565135646,0.043,0.036333333333333336,484.7919,1.5226,0.5813,27144
gvm-curved,2,27,4,23,gmm-chart-em,Fitted,800,3000,-1.7403421113821451,0.02895366731280407,0.03666666666666667,0.036333333333333336,81.5337,2.1817,0.6687,0
gvm-curved,2,27,4,23,gmm-wrapped-em,Fitted,800,3000,-1.7257749893793306,0.027689893731916725,0.036333333333333336,0.036333333333333336,87.45,4.2149,0.6131,0
gvm-curved,3,6,1,5,gmm-wrapped-em,Fitted,800,3000,-2.8092181546870596,0.025778278241270044,0.12433333333333334,0.03966666666666667,1.1393,1.3081,0.5497,0
gvm-curved,3,6,1,5,gmm-chart-em,Fitted,800,3000,-2.8176865780889626,0.026454469500886316,0.12433333333333334,0.03966666666666667,1.1398,0.8004,0.55,0
gvm-curved,3,6,1,6,gvm-em,Converged,800,3000,-1.3344195007614381,0.017922078882732624,0.035,0.03966666666666667,5.816,0.763,0.5506,216
gvm-curved,3,13,2,11,gmm-wrapped-em,Fitted,800,3000,-2.410763728628607,0.03036849875690445,0.07133333333333333,0.03966666666666667,12.4392,2.0675,0.5535,0
gvm-curved,3,13,2,11,gmm-chart-em,Fitted,800,3000,-2.422053590020283,0.031326036961522676,0.07166666666666667,0.03966666666666667,15.1118,1.2915,0.571,0
gvm-curved,3,13,2,13,gvm-em,IterationLimit,800,3000,-1.3383761929701619,0.01826439572134696,0.037333333333333336,0.03966666666666667,249.7803,0.9631,0.6688,13507
gvm-curved,3,27,4,23,gmm-wrapped-em,Fitted,800,3000,-1.6672748930063044,0.026076837648215202,0.03933333333333333,0.03966666666666667,39.0709,3.9621,0.5979,0
gvm-curved,3,27,4,23,gmm-chart-em,Fitted,800,3000,-1.6782301415473355,0.02726249208299986,0.039,0.03966666666666667,37.0279,2.1942,0.6264,0
gvm-curved,3,27,4,27,gvm-em,IterationLimit,800,3000,-1.3463534484624151,0.018974656517885165,0.034333333333333334,0.03966666666666667,340.6495,1.495,0.5868,19298
gvm-curved,4,6,1,6,gvm-em,Converged,800,3000,-1.3730403619563059,0.019226877626862038,0.043,0.04533333333333334,5.2705,0.7209,0.5091,216
gvm-curved,4,6,1,5,gmm-chart-em,Fitted,800,3000,-2.8806264623151794,0.030532130150447225,0.11766666666666667,0.04533333333333334,1.3145,0.7605,0.5052,0
gvm-curved,4,6,1,5,gmm-wrapped-em,Fitted,800,3000,-2.8650205327758194,0.029434333993545687,0.11766666666666667,0.04533333333333334,1.122,1.2566,0.4967,0
gvm-curved,4,13,2,13,gvm-em,Converged,800,3000,-1.3808378059083646,0.019757248149426844,0.039,0.04533333333333334,229.9046,0.9964,0.6509,12414
gvm-curved,4,13,2,11,gmm-chart-em,Fitted,800,3000,-2.4985532793339496,0.034793675212560535,0.069,0.04533333333333334,21.6443,1.3922,0.635,0
gvm-curved,4,13,2,11,gmm-wrapped-em,Fitted,800,3000,-2.4520705407589207,0.03169947429068578,0.069,0.04533333333333334,20.7615,2.3543,0.6025,0
gvm-curved,4,27,4,27,gvm-em,IterationLimit,800,3000,-1.3975289877982568,0.021063825754159608,0.029666666666666668,0.04533333333333334,476.5588,1.5031,0.5977,27048
gvm-curved,4,27,4,23,gmm-chart-em,Fitted,800,3000,-1.7653894516115847,0.030482828400610715,0.025333333333333333,0.04533333333333334,32.4758,2.096,0.5606,0
gvm-curved,4,27,4,23,gmm-wrapped-em,Fitted,800,3000,-1.7416087177710684,0.028703088258324246,0.024666666666666667,0.04533333333333334,31.0481,3.9854,0.6101,0
gvm-seam,0,6,1,6,gvm-em,Converged,800,3000,-1.4721004160156408,0.018698023541195766,0.023,0.031,5.4383,0.7597,0.5189,234
gvm-seam,0,6,1,5,gmm-chart-em,Fitted,800,3000,-1.9181141698887114,0.04309194034528754,0.0023333333333333335,0.031,1.1825,0.7758,0.5339,0
gvm-seam,0,6,1,5,gmm-wrapped-em,Fitted,800,3000,-1.8713853779602176,0.028321199778621003,0.0023333333333333335,0.031,1.0787,1.0213,0.5048,0
gvm-seam,0,13,2,13,gvm-em,IterationLimit,800,3000,-1.4814494315949787,0.019090420713109593,0.029666666666666668,0.031,257.1765,1.014,0.615,13947
gvm-seam,0,13,2,11,gmm-chart-em,refused-InsufficientComponent,800,3000,,,,0.031,1.0028,,,0
gvm-seam,0,13,2,11,gmm-wrapped-em,refused-InsufficientComponent,800,3000,,,,0.031,0.8641,,,0
gvm-seam,0,27,4,27,gvm-em,IterationLimit,800,3000,-1.4819079189774602,0.019101855930802294,0.028,0.031,481.3456,1.5025,0.5854,27303
gvm-seam,0,27,4,23,gmm-chart-em,refused-InsufficientComponent,800,3000,,,,0.031,1.7583,,,0
gvm-seam,0,27,4,23,gmm-wrapped-em,refused-InsufficientComponent,800,3000,,,,0.031,1.4556,,,0
gvm-seam,1,6,1,5,gmm-wrapped-em,Fitted,800,3000,-1.8986331434272803,0.027690599425542924,0.011333333333333334,0.035,1.0624,1.0377,0.5435,0
gvm-seam,1,6,1,5,gmm-chart-em,Fitted,800,3000,-1.9748000530174694,0.05074820431776045,0.011333333333333334,0.035,1.0593,0.7515,0.4957,0
gvm-seam,1,6,1,6,gvm-em,Converged,800,3000,-1.5095009570971554,0.01821891936898159,0.04733333333333333,0.035,5.3934,0.7412,0.5124,228
gvm-seam,1,13,2,11,gmm-wrapped-em,refused-InsufficientComponent,800,3000,,,,0.035,0.7473,,,0
gvm-seam,1,13,2,11,gmm-chart-em,refused-InsufficientComponent,800,3000,,,,0.035,0.6765,,,0
gvm-seam,1,13,2,13,gvm-em,IterationLimit,800,3000,-1.5118921140787955,0.018495136157214855,0.04033333333333333,0.035,250.8589,1.1,0.6551,13799
gvm-seam,1,27,4,23,gmm-wrapped-em,refused-InsufficientComponent,800,3000,,,,0.035,1.6375,,,0
gvm-seam,1,27,4,23,gmm-chart-em,refused-InsufficientComponent,800,3000,,,,0.035,1.4946,,,0
gvm-seam,1,27,4,27,gvm-em,IterationLimit,800,3000,-1.5276985698675107,0.019096468721402696,0.041,0.035,472.2477,1.5208,0.5936,27166
gvm-seam,2,6,1,6,gvm-em,Converged,800,3000,-1.5241359767747533,0.018784823272003436,0.03833333333333333,0.036333333333333336,5.2519,0.7041,0.5079,228
gvm-seam,2,6,1,5,gmm-chart-em,Fitted,800,3000,-1.985255077410854,0.03468140451087405,0.008333333333333333,0.036333333333333336,1.2063,0.7415,0.5078,0
gvm-seam,2,6,1,5,gmm-wrapped-em,Fitted,800,3000,-1.9532968759899076,0.024755280357400582,0.008333333333333333,0.036333333333333336,1.0378,1.0359,0.4982,0
gvm-seam,2,13,2,13,gvm-em,IterationLimit,800,3000,-1.532217663966779,0.019625501577980545,0.04,0.036333333333333336,251.153,1.1447,0.5855,13914
gvm-seam,2,13,2,11,gmm-chart-em,refused-InsufficientComponent,800,3000,,,,0.036333333333333336,0.9073,,,0
gvm-seam,2,13,2,11,gmm-wrapped-em,refused-InsufficientComponent,800,3000,,,,0.036333333333333336,0.7489,,,0
gvm-seam,2,27,4,27,gvm-em,IterationLimit,800,3000,-1.5442384595523038,0.019229609974656992,0.044333333333333336,0.036333333333333336,481.0514,1.5774,0.6126,27182
gvm-seam,2,27,4,23,gmm-chart-em,refused-InsufficientComponent,800,3000,,,,0.036333333333333336,1.74,,,0
gvm-seam,2,27,4,23,gmm-wrapped-em,refused-InsufficientComponent,800,3000,,,,0.036333333333333336,1.5166,,,0
gvm-seam,3,6,1,5,gmm-wrapped-em,Fitted,800,3000,-1.8649610524476927,0.0248748945830113,0.010666666666666666,0.032,1.201,1.0732,0.6441,0
gvm-seam,3,6,1,5,gmm-chart-em,Fitted,800,3000,-1.905966611255857,0.03985375663337965,0.010666666666666666,0.032,1.0911,0.7738,0.5191,0
gvm-seam,3,6,1,6,gvm-em,Converged,800,3000,-1.486436239214654,0.017873324657299013,0.03933333333333333,0.032,5.3206,0.7443,0.5363,228
gvm-seam,3,13,2,11,gmm-wrapped-em,refused-InsufficientComponent,800,3000,,,,0.032,0.7316,,,0
gvm-seam,3,13,2,11,gmm-chart-em,refused-InsufficientComponent,800,3000,,,,0.032,0.6922,,,0
gvm-seam,3,13,2,13,gvm-em,IterationLimit,800,3000,-1.4953538350747106,0.01864016834383781,0.03933333333333333,0.032,246.6533,1.1256,0.5663,13827
gvm-seam,3,27,4,23,gmm-wrapped-em,refused-InsufficientComponent,800,3000,,,,0.032,1.7272,,,0
gvm-seam,3,27,4,23,gmm-chart-em,refused-InsufficientComponent,800,3000,,,,0.032,1.5625,,,0
gvm-seam,3,27,4,27,gvm-em,IterationLimit,800,3000,-1.4975200955027206,0.018792690485562615,0.035333333333333335,0.032,470.1576,1.5037,1.4989,27273
gvm-seam,4,6,1,6,gvm-em,Converged,800,3000,-1.5216513008743453,0.018984773407392314,0.034666666666666665,0.04066666666666666,5.2453,0.7739,0.5465,228
gvm-seam,4,6,1,5,gmm-chart-em,Fitted,800,3000,-2.0018086929812338,0.0597943164902273,0.005666666666666667,0.04066666666666666,1.2278,0.7658,0.5469,0
gvm-seam,4,6,1,5,gmm-wrapped-em,Fitted,800,3000,-1.9287948187552169,0.03645228604323636,0.005666666666666667,0.04066666666666666,1.0013,1.0413,0.5272,0
gvm-seam,4,13,2,13,gvm-em,IterationLimit,800,3000,-1.527265210554056,0.019328353515637706,0.03233333333333333,0.04066666666666666,243.9133,1.1213,0.5946,13669
gvm-seam,4,13,2,11,gmm-chart-em,Fitted,800,3000,-1.7195372393250852,0.052014219951417424,0.015,0.04066666666666666,29.8765,1.3565,0.6277,0
gvm-seam,4,13,2,11,gmm-wrapped-em,Fitted,800,3000,-1.6497874547320666,0.027406101631255515,0.015,0.04066666666666666,28.2337,2.0173,0.5979,0
gvm-seam,4,27,4,27,gvm-em,IterationLimit,800,3000,-1.553588067058794,0.02137097600382607,0.021666666666666667,0.04066666666666666,470.7667,1.5662,0.5985,27124
gvm-seam,4,27,4,23,gmm-chart-em,Fitted,800,3000,-1.734545095396123,0.08075629687353045,0.020666666666666667,0.04066666666666666,90.9394,2.1155,0.5931,0
gvm-seam,4,27,4,23,gmm-wrapped-em,Fitted,800,3000,-1.5976885570365824,0.028517366451217236,0.020666666666666667,0.04066666666666666,87.2915,3.5179,0.5579,0
gvm-separated,0,6,1,6,gvm-em,Converged,800,3000,-2.646187985491579,0.014683639816888644,0.24333333333333335,0.38266666666666665,4.9601,0.6479,0.504,216
gvm-separated,0,6,1,5,gmm-chart-em,Fitted,800,3000,-2.6422267693743327,0.014684851802009456,0.25566666666666665,0.38266666666666665,1.0718,0.7242,0.6177,0
gvm-separated,0,6,1,5,gmm-wrapped-em,Fitted,800,3000,-2.6462933219343907,0.014684851802009487,0.25533333333333336,0.38266666666666665,0.9947,1.0322,0.4885,0
gvm-separated,0,13,2,13,gvm-em,Converged,800,3000,-2.3660976420038415,0.018073587567813,0.36933333333333335,0.38266666666666665,48.1421,1.1014,0.5653,2662
gvm-separated,0,13,2,11,gmm-chart-em,Fitted,800,3000,-2.3666129637331097,0.01812612623607064,0.38433333333333336,0.38266666666666665,4.799,1.2859,0.5269,0
gvm-separated,0,13,2,11,gmm-wrapped-em,Fitted,800,3000,-2.3666132826242396,0.018126126236070638,0.38433333333333336,0.38266666666666665,5.0266,1.9841,0.5307,0
gvm-separated,0,27,4,27,gvm-em,IterationLimit,800,3000,-2.3778983432687,0.018566371664304117,0.4066666666666667,0.38266666666666665,463.2536,1.4817,0.5882,26657
gvm-separated,0,27,4,23,gmm-chart-em,Fitted,800,3000,-2.3843288494841097,0.018715561878634657,0.3903333333333333,0.38266666666666665,169.1539,2.1767,0.5671,0
gvm-separated,0,27,4,23,gmm-wrapped-em,Fitted,800,3000,-2.3843290449878096,0.01871556187863465,0.3903333333333333,0.38266666666666665,167.037,3.6593,0.5589,0
gvm-separated,1,6,1,5,gmm-wrapped-em,Fitted,800,3000,-2.6409283946752122,0.01448993570454581,0.257,0.38166666666666665,1.0493,1.0256,0.5066,0
gvm-separated,1,6,1,5,gmm-chart-em,Fitted,800,3000,-2.635561014497811,0.01448993570454584,0.25933333333333336,0.38166666666666665,1.0094,0.7328,0.49,0
gvm-separated,1,6,1,6,gvm-em,Converged,800,3000,-2.6412810457804636,0.014518697686204366,0.23933333333333334,0.38166666666666665,5.1896,0.7257,0.513,216
gvm-separated,1,13,2,11,gmm-wrapped-em,Fitted,800,3000,-2.3981259225589233,0.017317840500488863,0.36533333333333334,0.38166666666666665,7.4418,2.0395,0.5586,0
gvm-separated,1,13,2,11,gmm-chart-em,Fitted,800,3000,-2.398124773675086,0.017317840500488867,0.36533333333333334,0.38166666666666665,7.4156,1.293,0.5363,0
gvm-separated,1,13,2,13,gvm-em,Converged,800,3000,-2.399570110632256,0.017349720782659152,0.35533333333333333,0.38166666666666665,44.9822,1.1246,0.6171,2436
gvm-separated,1,27,4,23,gmm-wrapped-em,refused-IterationLimit,800,3000,,,,0.38166666666666665,204.2735,,,0
gvm-separated,1,27,4,23,gmm-chart-em,refused-IterationLimit,800,3000,,,,0.38166666666666665,201.9006,,,0
gvm-separated,1,27,4,27,gvm-em,IterationLimit,800,3000,-2.4031133900564674,0.017612172945478042,0.35433333333333333,0.38166666666666665,461.6753,1.475,0.5924,26707
gvm-separated,2,6,1,6,gvm-em,Converged,800,3000,-2.65999413441252,0.015382299674618117,0.24966666666666668,0.3636666666666667,4.9909,0.7054,0.5048,216
gvm-separated,2,6,1,5,gmm-chart-em,Fitted,800,3000,-2.6559217296386395,0.015480765209716479,0.25266666666666665,0.3636666666666667,1.1425,0.7605,0.5724,0
gvm-separated,2,6,1,5,gmm-wrapped-em,Fitted,800,3000,-2.659480846703844,0.015480765209716493,0.25166666666666665,0.3636666666666667,1.033,1.0337,0.4917,0
gvm-separated,2,13,2,13,gvm-em,Converged,800,3000,-2.4053019038331516,0.0187817622058647,0.38566666666666666,0.3636666666666667,60.7098,0.9162,0.5922,3322
gvm-separated,2,13,2,11,gmm-chart-em,Fitted,800,3000,-2.404712286080681,0.018777378573554184,0.37466666666666665,0.3636666666666667,11.7287,1.2394,0.5783,0
gvm-separated,2,13,2,11,gmm-wrapped-em,Fitted,800,3000,-2.4047127493240454,0.01877737857355419,0.37466666666666665,0.3636666666666667,12.322,2.0191,0.5934,0
gvm-separated,2,27,4,27,gvm-em,IterationLimit,800,3000,-2.4305265913569185,0.02077581703006747,0.383,0.3636666666666667,467.796,1.49,0.602,26826
gvm-separated,2,27,4,23,gmm-chart-em,Fitted,800,3000,-2.4074321396968026,0.018893423273362242,0.3903333333333333,0.3636666666666667,106.2171,2.2083,0.659,0
gvm-separated,2,27,4,23,gmm-wrapped-em,Fitted,800,3000,-2.4074333194580997,0.01889342327336224,0.3903333333333333,0.3636666666666667,107.2286,3.7352,0.6551,0
gvm-separated,3,6,1,5,gmm-wrapped-em,Fitted,800,3000,-2.6308024868015503,0.014156731331845246,0.23733333333333334,0.4053333333333333,1.0044,1.0475,0.4823,0
gvm-separated,3,6,1,5,gmm-chart-em,Fitted,800,3000,-2.6264807836624904,0.01415673133184526,0.23866666666666667,0.4053333333333333,1.021,0.7524,0.4885,0
gvm-separated,3,6,1,6,gvm-em,Converged,800,3000,-2.63058002513651,0.014192899957964319,0.23466666666666666,0.4053333333333333,5.049,0.7487,0.5272,216
gvm-separated,3,13,2,11,gmm-wrapped-em,Fitted,800,3000,-2.3638249827674276,0.016502191896829683,0.3333333333333333,0.4053333333333333,5.3036,1.9148,0.5214,0
gvm-separated,3,13,2,11,gmm-chart-em,Fitted,800,3000,-2.3638232085747273,0.016502191896829683,0.3333333333333333,0.4053333333333333,5.2978,1.2516,0.5069,0
gvm-separated,3,13,2,13,gvm-em,Converged,800,3000,-2.3633952949501245,0.01653075298134789,0.327,0.4053333333333333,80.4998,0.9152,0.5602,4416
gvm-separated,3,27,4,23,gmm-wrapped-em,refused-IterationLimit,800,3000,,,,0.4053333333333333,197.7122,,,0
gvm-separated,3,27,4,23,gmm-chart-em,refused-IterationLimit,800,3000,,,,0.4053333333333333,200.195,,,0
gvm-separated,3,27,4,27,gvm-em,IterationLimit,800,3000,-2.366920004167442,0.016699781108394474,0.3283333333333333,0.4053333333333333,460.4092,1.4749,0.5789,26695
gvm-separated,4,6,1,6,gvm-em,Converged,800,3000,-2.6502344591747766,0.013998789663707097,0.275,0.37833333333333335,7.0448,0.6746,0.513,324
gvm-separated,4,6,1,5,gmm-chart-em,Fitted,800,3000,-2.646036635808091,0.01390636247791432,0.25433333333333336,0.37833333333333335,1.1441,0.724,0.49,0
gvm-separated,4,6,1,5,gmm-wrapped-em,Fitted,800,3000,-2.6493466675670105,0.01390636247791431,0.25266666666666665,0.37833333333333335,0.9956,1.062,0.4922,0
gvm-separated,4,13,2,13,gvm-em,Converged,800,3000,-2.402632169715565,0.01784767811268199,0.4096666666666667,0.37833333333333335,65.6597,1.1096,0.5692,3695
gvm-separated,4,13,2,11,gmm-chart-em,Fitted,800,3000,-2.4017843968980643,0.017750558010595857,0.4066666666666667,0.37833333333333335,4.8484,1.3172,0.5446,0
gvm-separated,4,13,2,11,gmm-wrapped-em,Fitted,800,3000,-2.4017860594884097,0.017750558010595854,0.4066666666666667,0.37833333333333335,4.6749,1.9476,0.522,0
gvm-separated,4,27,4,27,gvm-em,IterationLimit,800,3000,-2.41386483065471,0.018644672133956895,0.4053333333333333,0.37833333333333335,463.5223,1.533,0.6659,27002
gvm-separated,4,27,4,23,gmm-chart-em,Fitted,800,3000,-2.4096516294142467,0.018161304076318836,0.4206666666666667,0.37833333333333335,74.5529,2.2718,0.5894,0
gvm-separated,4,27,4,23,gmm-wrapped-em,Fitted,800,3000,-2.4096543953237965,0.018161304076318843,0.4206666666666667,0.37833333333333335,75.9189,3.5205,0.6199,0
gaussian-local,0,6,1,6,gvm-em,Converged,800,3000,-1.0094317903830787,0.01867213267782775,0.13066666666666665,0.15433333333333332,5.0191,0.6452,0.5418,222
gaussian-local,0,6,1,5,gmm-chart-em,Fitted,800,3000,-1.0084996409962703,0.018655558294203393,0.135,0.15433333333333332,1.0484,0.7578,0.525,0
gaussian-local,0,6,1,5,gmm-wrapped-em,Fitted,800,3000,-1.0084996409962703,0.018655558294203393,0.135,0.15433333333333332,0.9708,1.1337,0.525,0
gaussian-local,0,13,2,13,gvm-em,IterationLimit,800,3000,-1.0163045753052047,0.019106323456880382,0.13366666666666666,0.15433333333333332,239.3673,0.9284,0.5743,13343
gaussian-local,0,13,2,11,gmm-chart-em,Fitted,800,3000,-1.0123048279762163,0.01892103737504763,0.127,0.15433333333333332,54.3749,1.2495,0.5482,0
gaussian-local,0,13,2,11,gmm-wrapped-em,Fitted,800,3000,-1.0123048279762163,0.018921037375047637,0.127,0.15433333333333332,56.0437,1.9839,0.5767,0
gaussian-local,0,27,4,27,gvm-em,IterationLimit,800,3000,-1.0293185159752714,0.019829344499444422,0.12833333333333333,0.15433333333333332,458.31,1.5098,0.5793,26551
gaussian-local,0,27,4,23,gmm-chart-em,refused-IterationLimit,800,3000,,,,0.15433333333333332,199.9894,,,0
gaussian-local,0,27,4,23,gmm-wrapped-em,refused-IterationLimit,800,3000,,,,0.15433333333333332,199.3435,,,0
gaussian-local,1,6,1,5,gmm-wrapped-em,Fitted,800,3000,-1.0216864327078987,0.016217037047768185,0.14466666666666667,0.161,1.1364,1.1798,0.5274,0
gaussian-local,1,6,1,5,gmm-chart-em,Fitted,800,3000,-1.0216864327078985,0.016217037047768185,0.14466666666666667,0.161,0.9907,0.7494,0.5062,0
gaussian-local,1,6,1,6,gvm-em,Converged,800,3000,-1.0221150303674853,0.016234845155631537,0.14933333333333335,0.161,4.9425,0.6231,0.5074,216
gaussian-local,1,13,2,11,gmm-wrapped-em,refused-IterationLimit,800,3000,,,,0.161,100.0724,,,0
gaussian-local,1,13,2,11,gmm-chart-em,refused-IterationLimit,800,3000,,,,0.161,99.2979,,,0
gaussian-local,1,13,2,13,gvm-em,IterationLimit,800,3000,-1.0308161125654878,0.016725040846848935,0.15966666666666668,0.161,205.4591,0.949,0.5556,11319
gaussian-local,1,27,4,23,gmm-wrapped-em,refused-IterationLimit,800,3000,,,,0.161,198.0753,,,0
gaussian-local,1,27,4,23,gmm-chart-em,refused-IterationLimit,800,3000,,,,0.161,200.087,,,0
gaussian-local,1,27,4,27,gvm-em,IterationLimit,800,3000,-1.0430999907833136,0.017159635259511575,0.15066666666666667,0.161,457.4225,1.4919,0.5829,26477
gaussian-local,2,6,1,6,gvm-em,Converged,800,3000,-1.080748526658567,0.01933588109908856,0.14333333333333334,0.16166666666666665,4.9469,0.6184,0.5034,216
gaussian-local,2,6,1,5,gmm-chart-em,Fitted,800,3000,-1.080822521990679,0.0193401647776935,0.16366666666666665,0.16166666666666665,1.3068,0.7399,0.4789,0
gaussian-local,2,6,1,5,gmm-wrapped-em,Fitted,800,3000,-1.080822521990679,0.0193401647776935,0.16366666666666665,0.16166666666666665,0.9881,1.1419,0.4721,0
gaussian-local,2,13,2,13,gvm-em,IterationLimit,800,3000,-1.0887570480071427,0.01994126408695646,0.15133333333333332,0.16166666666666665,240.5428,0.9684,0.5582,13424
gaussian-local,2,13,2,11,gmm-chart-em,refused-IterationLimit,800,3000,,,,0.16166666666666665,99.7219,,,0
gaussian-local,2,13,2,11,gmm-wrapped-em,refused-IterationLimit,800,3000,,,,0.16166666666666665,100.5528,,,0
gaussian-local,2,27,4,27,gvm-em,IterationLimit,800,3000,-1.0983423442922766,0.02081918966926286,0.15066666666666667,0.16166666666666665,460.6827,1.4681,0.5708,26792
gaussian-local,2,27,4,23,gmm-chart-em,refused-IterationLimit,800,3000,,,,0.16166666666666665,197.7797,,,0
gaussian-local,2,27,4,23,gmm-wrapped-em,refused-IterationLimit,800,3000,,,,0.16166666666666665,197.8464,,,0
gaussian-local,3,6,1,5,gmm-wrapped-em,Fitted,800,3000,-1.0614774182041253,0.018281003037798838,0.172,0.15433333333333332,1.243,1.1858,0.5352,0
gaussian-local,3,6,1,5,gmm-chart-em,Fitted,800,3000,-1.0614774182041253,0.018281003037798838,0.172,0.15433333333333332,1.0234,0.7804,0.5218,0
gaussian-local,3,6,1,6,gvm-em,Converged,800,3000,-1.0632532314737226,0.0183706207516774,0.16333333333333333,0.15433333333333332,4.9998,0.6111,0.5068,216
gaussian-local,3,13,2,11,gmm-wrapped-em,Fitted,800,3000,-1.071129547334044,0.018761506310599165,0.18266666666666667,0.15433333333333332,35.351,2.09,0.6567,0
gaussian-local,3,13,2,11,gmm-chart-em,Fitted,800,3000,-1.0711295473340439,0.018761506310599165,0.18266666666666667,0.15433333333333332,36.9589,1.2658,0.5833,0
gaussian-local,3,13,2,13,gvm-em,Converged,800,3000,-1.0720150924431322,0.01872493941642848,0.17033333333333334,0.15433333333333332,226.8984,0.9545,0.5644,12530
gaussian-local,3,27,4,23,gmm-wrapped-em,Fitted,800,3000,-1.0761117731542655,0.01883731698268019,0.18466666666666667,0.15433333333333332,34.8842,3.5142,0.5414,0
gaussian-local,3,27,4,23,gmm-chart-em,Fitted,800,3000,-1.076111773154266,0.01883731698268019,0.18466666666666667,0.15433333333333332,32.6806,2.1139,0.5473,0
gaussian-local,3,27,4,27,gvm-em,IterationLimit,800,3000,-1.0847873929407275,0.019431122864927406,0.17133333333333334,0.15433333333333332,456.4609,1.5259,0.6063,26356
gaussian-local,4,6,1,6,gvm-em,Converged,800,3000,-1.0932825395745593,0.020338478832480043,0.16233333333333333,0.16833333333333333,4.9693,0.6108,0.4794,228
gaussian-local,4,6,1,5,gmm-chart-em,Fitted,800,3000,-1.0938134917372626,0.02036826648526761,0.15433333333333332,0.16833333333333333,1.1348,0.7456,0.4848,0
gaussian-local,4,6,1,5,gmm-wrapped-em,Fitted,800,3000,-1.0938134917372626,0.02036826648526761,0.15433333333333332,0.16833333333333333,0.9869,1.1201,0.4787,0
gaussian-local,4,13,2,13,gvm-em,IterationLimit,800,3000,-1.10575538323816,0.020913073138068575,0.164,0.16833333333333333,240.4488,0.9632,0.5693,13477
gaussian-local,4,13,2,11,gmm-chart-em,refused-IterationLimit,800,3000,,,,0.16833333333333333,100.019,,,0
gaussian-local,4,13,2,11,gmm-wrapped-em,refused-IterationLimit,800,3000,,,,0.16833333333333333,100.0556,,,0
gaussian-local,4,27,4,27,gvm-em,IterationLimit,800,3000,-1.108536974176727,0.02073406005478767,0.14966666666666667,0.16833333333333333,461.5629,1.4695,0.5739,26729
gaussian-local,4,27,4,23,gmm-chart-em,refused-IterationLimit,800,3000,,,,0.16833333333333333,198.8933,,,0
gaussian-local,4,27,4,23,gmm-wrapped-em,refused-IterationLimit,800,3000,,,,0.16833333333333333,198.5247,,,0
gaussian-wrapped,0,6,1,6,gvm-em,Converged,800,3000,-3.093358863268054,0.016639723543785814,0.07066666666666667,0.071,8.4316,0.6808,0.9846,369
gaussian-wrapped,0,6,1,5,gmm-chart-em,Fitted,800,3000,-3.1685652169785663,0.019799458368987766,0.039,0.071,1.0569,0.7534,0.5592,0
gaussian-wrapped,0,6,1,5,gmm-wrapped-em,Fitted,800,3000,-3.1361930993515057,0.017018994643338888,0.04066666666666666,0.071,0.9565,1.4783,0.5266,0
gaussian-wrapped,0,13,2,13,gvm-em,IterationLimit,800,3000,-3.094765589542869,0.016920027189876997,0.054,0.071,248.0137,0.9792,0.8665,13830
gaussian-wrapped,0,13,2,11,gmm-chart-em,Fitted,800,3000,-3.1287662541780095,0.019120588940932944,0.04533333333333334,0.071,40.711,1.2535,0.5613,0
gaussian-wrapped,0,13,2,11,gmm-wrapped-em,Fitted,800,3000,-3.1101534770125685,0.017424406230819513,0.051333333333333335,0.071,41.6658,2.5876,0.6566,0
gaussian-wrapped,0,27,4,27,gvm-em,IterationLimit,800,3000,-3.1199593276098287,0.017846262360355556,0.05466666666666667,0.071,471.4081,1.5116,0.6919,27222
gaussian-wrapped,0,27,4,23,gmm-chart-em,refused-IterationLimit,800,3000,,,,0.071,198.0987,,,0
gaussian-wrapped,0,27,4,23,gmm-wrapped-em,refused-IterationLimit,800,3000,,,,0.071,198.2905,,,0
gaussian-wrapped,1,6,1,5,gmm-wrapped-em,Fitted,800,3000,-3.1538693616316045,0.015072000223745646,0.04466666666666667,0.06866666666666667,1.1122,1.4689,0.5651,0
gaussian-wrapped,1,6,1,5,gmm-chart-em,Fitted,800,3000,-3.178925618045714,0.017789739037984517,0.03966666666666667,0.06866666666666667,1.1879,0.7829,0.5517,0
gaussian-wrapped,1,6,1,6,gvm-em,Converged,800,3000,-3.1121353855818676,0.014287267374945806,0.07,0.06866666666666667,7.329,0.6249,0.4091,336
gaussian-wrapped,1,13,2,11,gmm-wrapped-em,Fitted,800,3000,-3.1317646832790507,0.015576795109794107,0.07233333333333333,0.06866666666666667,58.3839,2.6139,0.5819,0
gaussian-wrapped,1,13,2,11,gmm-chart-em,Fitted,800,3000,-3.148439325751923,0.01760135814474127,0.06266666666666666,0.06866666666666667,56.9695,1.2304,0.5838,0
gaussian-wrapped,1,13,2,13,gvm-em,IterationLimit,800,3000,-3.118883524118731,0.014662785141509014,0.07166666666666667,0.06866666666666667,246.8442,0.9604,0.4914,13761
gaussian-wrapped,1,27,4,23,gmm-wrapped-em,Fitted,800,3000,-3.1260695484480614,0.015208386783389524,0.075,0.06866666666666667,102.0944,3.8511,0.593,0
gaussian-wrapped,1,27,4,23,gmm-chart-em,Fitted,800,3000,-3.134285205396431,0.016220152066646426,0.07033333333333333,0.06866666666666667,101.7991,2.1446,0.6001,0
gaussian-wrapped,1,27,4,27,gvm-em,IterationLimit,800,3000,-3.1351980092481355,0.015138307290239073,0.079,0.06866666666666667,467.5361,1.527,0.6744,27099
gaussian-wrapped,2,6,1,6,gvm-em,Converged,800,3000,-3.153812947253094,0.016634293407809284,0.07166666666666667,0.074,5.1678,0.6511,0.4567,234
gaussian-wrapped,2,6,1,5,gmm-chart-em,Fitted,800,3000,-3.244443677368612,0.022279725072915868,0.04733333333333333,0.074,1.0934,0.7393,0.5247,0
gaussian-wrapped,2,6,1,5,gmm-wrapped-em,Fitted,800,3000,-3.178892604662192,0.01685352860282174,0.055,0.074,1.0737,1.4085,0.5053,0
gaussian-wrapped,2,13,2,13,gvm-em,IterationLimit,800,3000,-3.164120381972331,0.01738466507086727,0.06733333333333333,0.074,245.317,1.0029,0.6355,13742
gaussian-wrapped,2,13,2,11,gmm-chart-em,Fitted,800,3000,-3.241521880513401,0.021300951924682475,0.07133333333333333,0.074,48.6596,1.2918,0.6049,0
gaussian-wrapped,2,13,2,11,gmm-wrapped-em,Fitted,800,3000,-3.1955780696527922,0.017891289450688273,0.07433333333333333,0.074,47.4295,2.459,0.5903,0
gaussian-wrapped,2,27,4,27,gvm-em,IterationLimit,800,3000,-3.1788567359984716,0.017993355639105046,0.07133333333333333,0.074,470.8731,1.4975,0.6566,27414
gaussian-wrapped,2,27,4,23,gmm-chart-em,refused-IterationLimit,800,3000,,,,0.074,199.5509,,,0
gaussian-wrapped,2,27,4,23,gmm-wrapped-em,refused-IterationLimit,800,3000,,,,0.074,200.5889,,,0
gaussian-wrapped,3,6,1,5,gmm-wrapped-em,Fitted,800,3000,-3.1652183144713053,0.016140755112104384,0.06233333333333333,0.073,1.047,1.4569,0.4964,0
gaussian-wrapped,3,6,1,5,gmm-chart-em,Fitted,800,3000,-3.2090355948445546,0.01979880278010168,0.05366666666666667,0.073,1.0003,0.7341,0.5152,0
gaussian-wrapped,3,6,1,6,gvm-em,Converged,800,3000,-3.1341481568071115,0.015559534048120384,0.07933333333333334,0.073,7.1329,0.6425,0.4183,336
gaussian-wrapped,3,13,2,11,gmm-wrapped-em,Fitted,800,3000,-3.1727255651962945,0.016686818410512706,0.059333333333333335,0.073,15.4019,4.1645,0.6007,0
gaussian-wrapped,3,13,2,11,gmm-chart-em,Fitted,800,3000,-3.2128684472359947,0.01994373805992726,0.050666666666666665,0.073,15.6374,1.2534,0.5676,0
gaussian-wrapped,3,13,2,13,gvm-em,IterationLimit,800,3000,-3.140552966200049,0.015884266410226493,0.08333333333333333,0.073,242.8258,0.9963,0.4872,13635
gaussian-wrapped,3,27,4,23,gmm-wrapped-em,refused-IterationLimit,800,3000,,,,0.073,198.5092,,,0
gaussian-wrapped,3,27,4,23,gmm-chart-em,refused-IterationLimit,800,3000,,,,0.073,200.3079,,,0
gaussian-wrapped,3,27,4,27,gvm-em,IterationLimit,800,3000,-3.1485196401539137,0.016299165261113066,0.07666666666666666,0.073,464.2176,1.5359,0.7516,26800
gaussian-wrapped,4,6,1,6,gvm-em,Converged,800,3000,-3.164858170464111,0.01782236390931892,0.07066666666666667,0.07666666666666666,7.2701,0.6447,0.44,342
gaussian-wrapped,4,6,1,5,gmm-chart-em,Fitted,800,3000,-3.2467134199589176,0.022444767411176257,0.044333333333333336,0.07666666666666666,1.0882,0.7786,0.5335,0
gaussian-wrapped,4,6,1,5,gmm-wrapped-em,Fitted,800,3000,-3.1915538614276464,0.018347017310384905,0.048,0.07666666666666666,1.0295,1.4083,0.5046,0
gaussian-wrapped,4,13,2,13,gvm-em,IterationLimit,800,3000,-3.1675981571410823,0.01777772057897782,0.072,0.07666666666666666,243.8692,0.9958,0.5074,13692
gaussian-wrapped,4,13,2,11,gmm-chart-em,Fitted,800,3000,-3.2113953677114413,0.020631361731526594,0.058333333333333334,0.07666666666666666,48.8928,1.2442,0.6739,0
gaussian-wrapped,4,13,2,11,gmm-wrapped-em,Fitted,800,3000,-3.1818618179682763,0.0186284419237644,0.069,0.07666666666666666,47.5729,2.6858,0.6031,0
gaussian-wrapped,4,27,4,27,gvm-em,IterationLimit,800,3000,-3.1922974785126073,0.018442833073253905,0.07633333333333334,0.07666666666666666,471.3701,1.5126,0.6778,27332
gaussian-wrapped,4,27,4,23,gmm-chart-em,refused-IterationLimit,800,3000,,,,0.07666666666666666,197.68,,,0
gaussian-wrapped,4,27,4,23,gmm-wrapped-em,refused-IterationLimit,800,3000,,,,0.07666666666666666,198.9547,,,0
