"caseIndex","revision","runtimeHash","osPeakSource","osPeakBytes","recordingHash","warmup0Seconds","warmup1Seconds","resourceStudy","kind","variant","draws","workers","jobs","round","mode","seed","wallSeconds","cpuSeconds","constructionSeconds","samplingSeconds","diagnosticsSeconds","gcMillis","compilationMillis","heapBeforeBytes","heapAtReturnBytes","sumHeapPoolPeaksBytes","heapRetainedBytes","gcBeforeObserved","gcAfterObserved","storedValues","evaluations","fingerprints","callbackWeight","vectorWeight","diagnosticWeight","graphWeight","otherWeight","unknownWeight","allocationSamples","truncatedSamples","lostBytes","compilationEvents","deoptimizationEvents"
"0","c5a09dc8933e60449a18cebeb2d1c31500043b44","1fc63e9d1dd6562c6a0beea93c565b6a3dffb21791d08f9ef916a719c54f6be3","WindowsPeakWorkingSet","782405632","none","0.524864501","0.3293234","row","gaussian32","reference","4000","1","single","0","plain","420013","0.2981067","0.328125","3.9E-5","0.0912727","0.2014388","3","18","2805096","327211816","662756136","17829528","true","true","512000","138723","fb030bc811389f4cc0c40b053f280c25c0c5e58babb6d5eb761947efb8511783","-1","-1","-1","-1","-1","-1","-1","-1","-1","-1","-1"
"1","c5a09dc8933e60449a18cebeb2d1c31500043b44","1fc63e9d1dd6562c6a0beea93c565b6a3dffb21791d08f9ef916a719c54f6be3","WindowsPeakWorkingSet","794599424","none","0.433011699","0.198075499","row","gaussian32","reference","4000","2","single","0","plain","420013","0.180681","0.5625","4.63E-5","0.0609059","0.1142082","4","24","2846688","319964368","663897296","17805800","true","true","512000","138723","fb030bc811389f4cc0c40b053f280c25c0c5e58babb6d5eb761947efb8511783","-1","-1","-1","-1","-1","-1","-1","-1","-1","-1","-1"
"2","c5a09dc8933e60449a18cebeb2d1c31500043b44","1fc63e9d1dd6562c6a0beea93c565b6a3dffb21791d08f9ef916a719c54f6be3","WindowsPeakWorkingSet","807030784","none","0.4275637","0.1697143","row","gaussian32","reference","4000","4","single","0","plain","420013","0.1385717","0.640625","3.85E-5","0.0599318","0.0726884","4","142","2890392","345129648","668091056","17831584","true","true","512000","138723","fb030bc811389f4cc0c40b053f280c25c0c5e58babb6d5eb761947efb8511783","-1","-1","-1","-1","-1","-1","-1","-1","-1","-1","-1"
"3","c5a09dc8933e60449a18cebeb2d1c31500043b44","1fc63e9d1dd6562c6a0beea93c565b6a3dffb21791d08f9ef916a719c54f6be3","WindowsPeakWorkingSet","1592852480","none","1.734545001","1.400586701","row","gaussian32","reference","16000","1","single","0","plain","420013","1.4213461","2.328125","1.34099E-4","0.3986678","0.998820201","38","42","2800016","135094896","1067417536","62859784","true","true","2048000","508143","c018ba918dd11c1ccc931d39ab3e022f6e6f83d4657f65056eb1ed52244070ca","-1","-1","-1","-1","-1","-1","-1","-1","-1","-1","-1"
"4","c5a09dc8933e60449a18cebeb2d1c31500043b44","1fc63e9d1dd6562c6a0beea93c565b6a3dffb21791d08f9ef916a719c54f6be3","WindowsPeakWorkingSet","1923088384","none","1.1689255","0.893979999","row","gaussian32","reference","16000","2","single","0","plain","420013","0.9292477","2.546875","6.09E-5","0.339341001","0.5645964","38","22","2837992","309685224","1142785776","62759192","true","true","2048000","508143","c018ba918dd11c1ccc931d39ab3e022f6e6f83d4657f65056eb1ed52244070ca","-1","-1","-1","-1","-1","-1","-1","-1","-1","-1","-1"
"5","c5a09dc8933e60449a18cebeb2d1c31500043b44","1fc63e9d1dd6562c6a0beea93c565b6a3dffb21791d08f9ef916a719c54f6be3","WindowsPeakWorkingSet","1957449728","none","1.017674","0.5489435","row","gaussian32","reference","16000","4","single","0","plain","420013","0.571205801","2.3125","7.68E-5","0.238970301","0.311785399","31","39","2878384","954211664","1142955344","62586488","true","true","2048000","508143","c018ba918dd11c1ccc931d39ab3e022f6e6f83d4657f65056eb1ed52244070ca","-1","-1","-1","-1","-1","-1","-1","-1","-1","-1","-1"
"6","c5a09dc8933e60449a18cebeb2d1c31500043b44","1fc63e9d1dd6562c6a0beea93c565b6a3dffb21791d08f9ef916a719c54f6be3","WindowsPeakWorkingSet","773931008","none","0.7036589","0.4931512","row","positive32","reference","4000","1","single","0","plain","420013","0.494719999","0.53125","4.23E-5","0.2741319","0.214964299","12","28","2800320","54626880","662800960","17746976","true","true","512000","2331456","b1c80d02d980f561db28b8e8c75872a90bfe94527189f07f4dfe1c9226d272e5","-1","-1","-1","-1","-1","-1","-1","-1","-1","-1","-1"
"7","c5a09dc8933e60449a18cebeb2d1c31500043b44","1fc63e9d1dd6562c6a0beea93c565b6a3dffb21791d08f9ef916a719c54f6be3","WindowsPeakWorkingSet","1078632448","none","0.5841056","0.3545653","row","positive32","reference","4000","2","single","0","plain","420013","0.3431246","1.0625","1.091E-4","0.217947899","0.1189614","10","17","2840168","55557576","663731656","17794832","true","true","512000","2331456","b1c80d02d980f561db28b8e8c75872a90bfe94527189f07f4dfe1c9226d272e5","-1","-1","-1","-1","-1","-1","-1","-1","-1","-1","-1"
"8","c5a09dc8933e60449a18cebeb2d1c31500043b44","1fc63e9d1dd6562c6a0beea93c565b6a3dffb21791d08f9ef916a719c54f6be3","WindowsPeakWorkingSet","1180577792","none","0.562360201","0.2842553","row","positive32","reference","4000","4","single","0","plain","420013","0.283812899","1.71875","4.76E-5","0.191096799","0.086554801","12","23","2876096","75963744","667360608","17817960","true","true","512000","2331456","b1c80d02d980f561db28b8e8c75872a90bfe94527189f07f4dfe1c9226d272e5","-1","-1","-1","-1","-1","-1","-1","-1","-1","-1","-1"
"9","c5a09dc8933e60449a18cebeb2d1c31500043b44","1fc63e9d1dd6562c6a0beea93c565b6a3dffb21791d08f9ef916a719c54f6be3","WindowsPeakWorkingSet","2178535424","none","2.376539299","2.1055996","row","positive32","reference","16000","1","single","0","plain","420013","2.2259356","3.5","1.24999E-4","1.092104401","1.1080602","76","40","2797208","602079880","831823000","62922848","true","true","2048000","8547756","5035e463d4ef60e5c193ee9a16cdb83e0b25f5d78747aeb10b5695633354ccef","-1","-1","-1","-1","-1","-1","-1","-1","-1","-1","-1"
"10","c5a09dc8933e60449a18cebeb2d1c31500043b44","1fc63e9d1dd6562c6a0beea93c565b6a3dffb21791d08f9ef916a719c54f6be3","WindowsPeakWorkingSet","1876049920","none","1.682369","1.2914967","row","positive32","reference","16000","2","single","0","plain","420013","1.362511","4.140625","5.62E-5","0.767997299","0.5734603","61","46","2839872","768592936","1162857512","62676912","true","true","2048000","8547756","5035e463d4ef60e5c193ee9a16cdb83e0b25f5d78747aeb10b5695633354ccef","-1","-1","-1","-1","-1","-1","-1","-1","-1","-1","-1"
"11","c5a09dc8933e60449a18cebeb2d1c31500043b44","1fc63e9d1dd6562c6a0beea93c565b6a3dffb21791d08f9ef916a719c54f6be3","WindowsPeakWorkingSet","2283307008","none","1.190199599","0.9212798","row","positive32","reference","16000","4","single","0","plain","420013","0.984490701","4.53125","5.8301E-5","0.6467864","0.3170485","60","62","2846752","983931552","1298504352","62555080","true","true","2048000","8547756","5035e463d4ef60e5c193ee9a16cdb83e0b25f5d78747aeb10b5695633354ccef","-1","-1","-1","-1","-1","-1","-1","-1","-1","-1","-1"
"12","c5a09dc8933e60449a18cebeb2d1c31500043b44","1fc63e9d1dd6562c6a0beea93c565b6a3dffb21791d08f9ef916a719c54f6be3","WindowsPeakWorkingSet","603811840","none","0.315613","0.148602199","row","likelihood8","reference","4000","1","single","0","plain","420013","0.129073799","0.125","5.6E-5","0.0653033","0.0607334","0","29","2821752","267062904","267062904","6994824","true","true","128000","113054","8d6dc2b369fc062d17f4e1721fe9d8a199bcba9f600d8572402455c6c30b60fa","-1","-1","-1","-1","-1","-1","-1","-1","-1","-1","-1"
"13","c5a09dc8933e60449a18cebeb2d1c31500043b44","1fc63e9d1dd6562c6a0beea93c565b6a3dffb21791d08f9ef916a719c54f6be3","WindowsPeakWorkingSet","611438592","none","0.318011901","0.104845599","row","likelihood8","reference","4000","2","single","0","plain","420013","0.0703133","0.1875","4.75E-5","0.034629701","0.033050999","0","137","2859344","262906192","262906192","7028248","true","true","128000","113054","8d6dc2b369fc062d17f4e1721fe9d8a199bcba9f600d8572402455c6c30b60fa","-1","-1","-1","-1","-1","-1","-1","-1","-1","-1","-1"
"14","c5a09dc8933e60449a18cebeb2d1c31500043b44","1fc63e9d1dd6562c6a0beea93c565b6a3dffb21791d08f9ef916a719c54f6be3","WindowsPeakWorkingSet","623951872","none","0.3395783","0.0855587","row","likelihood8","reference","4000","4","single","0","plain","420013","0.0487013","0.203125","5.08E-5","0.023858899","0.020815101","0","130","2907760","279731824","279731824","7073960","true","true","128000","113054","8d6dc2b369fc062d17f4e1721fe9d8a199bcba9f600d8572402455c6c30b60fa","-1","-1","-1","-1","-1","-1","-1","-1","-1","-1","-1"
"15","c5a09dc8933e60449a18cebeb2d1c31500043b44","1fc63e9d1dd6562c6a0beea93c565b6a3dffb21791d08f9ef916a719c54f6be3","WindowsPeakWorkingSet","800460800","none","0.7375531","0.523554999","row","likelihood8","reference","16000","1","single","0","plain","420013","0.473538701","0.5625","6.04E-5","0.2211028","0.246538701","4","30","2810632","358565056","664749248","19511336","true","true","512000","415909","c18e104a5998fb30c0985116274a88c2891fce3ba17b366c2f8631fe25471fd4","-1","-1","-1","-1","-1","-1","-1","-1","-1","-1","-1"
"16","c5a09dc8933e60449a18cebeb2d1c31500043b44","1fc63e9d1dd6562c6a0beea93c565b6a3dffb21791d08f9ef916a719c54f6be3","WindowsPeakWorkingSet","819073024","none","0.570783201","0.286174","row","likelihood8","reference","16000","2","single","0","plain","420013","0.251171499","0.78125","4.62E-5","0.1104471","0.134455299","4","12","2842752","361415712","663405600","19546848","true","true","512000","415909","c18e104a5998fb30c0985116274a88c2891fce3ba17b366c2f8631fe25471fd4","-1","-1","-1","-1","-1","-1","-1","-1","-1","-1","-1"
"17","c5a09dc8933e60449a18cebeb2d1c31500043b44","1fc63e9d1dd6562c6a0beea93c565b6a3dffb21791d08f9ef916a719c54f6be3","WindowsPeakWorkingSet","832876544","none","0.5849876","0.2006235","row","likelihood8","reference","16000","4","single","0","plain","420013","0.1566979","0.953125","4.36E-5","0.0670902","0.0828943","4","75","2894992","403020528","663067376","19604368","true","true","512000","415909","c18e104a5998fb30c0985116274a88c2891fce3ba17b366c2f8631fe25471fd4","-1","-1","-1","-1","-1","-1","-1","-1","-1","-1","-1"
"18","c5a09dc8933e60449a18cebeb2d1c31500043b44","1fc63e9d1dd6562c6a0beea93c565b6a3dffb21791d08f9ef916a719c54f6be3","WindowsPeakWorkingSet","779972608","none","0.3403334","0.132807201","row","graphWide","reference","1000","1","single","0","plain","420013","0.100434399","0.109375","NaN","NaN","NaN","0","38","2921784","489461048","489461048","3050760","true","true","4000","-1","a500c48b96184cfdbffbf45a87252485199711dc3fd131853e0dca07c2165132","-1","-1","-1","-1","-1","-1","-1","-1","-1","-1","-1"
"19","c5a09dc8933e60449a18cebeb2d1c31500043b44","1fc63e9d1dd6562c6a0beea93c565b6a3dffb21791d08f9ef916a719c54f6be3","WindowsPeakWorkingSet","804818944","none","0.342411301","0.118357101","row","graphWide","reference","1000","4","single","0","plain","420013","0.0828379","0.578125","NaN","NaN","NaN","0","721","2982736","485327696","485327696","3113192","true","true","4000","-1","a500c48b96184cfdbffbf45a87252485199711dc3fd131853e0dca07c2165132","-1","-1","-1","-1","-1","-1","-1","-1","-1","-1","-1"
"20","c5a09dc8933e60449a18cebeb2d1c31500043b44","1fc63e9d1dd6562c6a0beea93c565b6a3dffb21791d08f9ef916a719c54f6be3","WindowsPeakWorkingSet","797343744","none","0.5706169","0.3049352","row","graphWide","reference","4000","1","single","0","plain","420013","0.27195","0.359375","NaN","NaN","NaN","2","143","2938736","137867008","645377792","3408168","true","true","16000","-1","89f063f7af3d33dd3fab7c619c1731cf8b33d9485092820b3f8e0b0d831ba628","-1","-1","-1","-1","-1","-1","-1","-1","-1","-1","-1"
"21","c5a09dc8933e60449a18cebeb2d1c31500043b44","1fc63e9d1dd6562c6a0beea93c565b6a3dffb21791d08f9ef916a719c54f6be3","WindowsPeakWorkingSet","809172992","none","0.469690999","0.2578492","row","graphWide","reference","4000","4","single","0","plain","420013","0.1592647","0.703125","NaN","NaN","NaN","1","207","2991728","221502312","645340656","3476552","true","true","16000","-1","89f063f7af3d33dd3fab7c619c1731cf8b33d9485092820b3f8e0b0d831ba628","-1","-1","-1","-1","-1","-1","-1","-1","-1","-1","-1"
"22","c5a09dc8933e60449a18cebeb2d1c31500043b44","1fc63e9d1dd6562c6a0beea93c565b6a3dffb21791d08f9ef916a719c54f6be3","WindowsPeakWorkingSet","2711527424","none","1.533918601","1.2849863","row","gaussian32","reference","16000","4","serial","0","plain","420013","1.2829761","6.6875","1.09501E-4","0.5690789999999999","0.6685932","104","193","2872632","602082016","1313879816","123023832","true","true","4096000","1017047","c018ba918dd11c1ccc931d39ab3e022f6e6f83d4657f65056eb1ed52244070ca;75b93d9a1219ec3f30134b9f3dd9418664638e842737caa248426f844adaf8a9","-1","-1","-1","-1","-1","-1","-1","-1","-1","-1","-1"
"23","c5a09dc8933e60449a18cebeb2d1c31500043b44","1fc63e9d1dd6562c6a0beea93c565b6a3dffb21791d08f9ef916a719c54f6be3","WindowsPeakWorkingSet","3327291392","none","1.584934901","1.1660084","row","gaussian32","reference","16000","4","overlap","0","plain","420013","1.164929999","9.5","2.14102E-4","1.3204303","0.9466460990000001","120","223","2933792","766542960","1380293928","122894624","true","true","4096000","1017047","c018ba918dd11c1ccc931d39ab3e022f6e6f83d4657f65056eb1ed52244070ca;75b93d9a1219ec3f30134b9f3dd9418664638e842737caa248426f844adaf8a9","-1","-1","-1","-1","-1","-1","-1","-1","-1","-1","-1"
"24","c5a09dc8933e60449a18cebeb2d1c31500043b44","1fc63e9d1dd6562c6a0beea93c565b6a3dffb21791d08f9ef916a719c54f6be3","WindowsPeakWorkingSet","698314752","none","0.4542478","0.1087798","row","likelihood8","reference","4000","4","serial","0","plain","420013","0.0869742","0.28125","1.0489900000000001E-4","0.038982901","0.0414224","0","27","2895384","556543512","556543512","11251800","true","true","256000","226776","8d6dc2b369fc062d17f4e1721fe9d8a199bcba9f600d8572402455c6c30b60fa;b9b5f76d9c10501efca63e0784ed70bc460c26993f251aab59b28654f5f537c7","-1","-1","-1","-1","-1","-1","-1","-1","-1","-1","-1"
"25","c5a09dc8933e60449a18cebeb2d1c31500043b44","1fc63e9d1dd6562c6a0beea93c565b6a3dffb21791d08f9ef916a719c54f6be3","WindowsPeakWorkingSet","784916480","none","0.568808299","0.0870998","row","likelihood8","reference","4000","4","overlap","0","plain","420013","0.0733475","0.609375","1.294E-4","0.0728055","0.061615099000000007","0","167","2961456","535638064","535638064","11317832","true","true","256000","226776","8d6dc2b369fc062d17f4e1721fe9d8a199bcba9f600d8572402455c6c30b60fa;b9b5f76d9c10501efca63e0784ed70bc460c26993f251aab59b28654f5f537c7","-1","-1","-1","-1","-1","-1","-1","-1","-1","-1","-1"
"26","c5a09dc8933e60449a18cebeb2d1c31500043b44","1fc63e9d1dd6562c6a0beea93c565b6a3dffb21791d08f9ef916a719c54f6be3","WindowsPeakWorkingSet","801570816","none","0.399213","0.139697499","row","gaussian32","loop","4000","4","single","0","plain","420013","0.122726101","0.484375","4.07E-5","0.0425751","0.0742412","4","43","2879448","160115000","667625784","17821688","true","true","512000","138723","fb030bc811389f4cc0c40b053f280c25c0c5e58babb6d5eb761947efb8511783","-1","-1","-1","-1","-1","-1","-1","-1","-1","-1","-1"
"27","c5a09dc8933e60449a18cebeb2d1c31500043b44","1fc63e9d1dd6562c6a0beea93c565b6a3dffb21791d08f9ef916a719c54f6be3","WindowsPeakWorkingSet","781934592","none","0.4782187","0.1747076","row","positive32","loop","4000","4","single","0","plain","420013","0.163571101","0.734375","3.96E-5","0.0724225","0.085531899","7","27","2871208","56992216","665166296","17815152","true","true","512000","2331456","b1c80d02d980f561db28b8e8c75872a90bfe94527189f07f4dfe1c9226d272e5","-1","-1","-1","-1","-1","-1","-1","-1","-1","-1","-1"
"28","c5a09dc8933e60449a18cebeb2d1c31500043b44","1fc63e9d1dd6562c6a0beea93c565b6a3dffb21791d08f9ef916a719c54f6be3","WindowsPeakWorkingSet","519032832","none","0.3943717","0.0764104","row","likelihood8","loop","4000","4","single","0","plain","420013","0.050710899","0.25","4.24E-5","0.0241897","0.021945799","0","7","2882904","237763928","237763928","7066128","true","true","128000","113054","8d6dc2b369fc062d17f4e1721fe9d8a199bcba9f600d8572402455c6c30b60fa","-1","-1","-1","-1","-1","-1","-1","-1","-1","-1","-1"
"29","c5a09dc8933e60449a18cebeb2d1c31500043b44","1fc63e9d1dd6562c6a0beea93c565b6a3dffb21791d08f9ef916a719c54f6be3","WindowsPeakWorkingSet","1972867072","071767a0326d037e0d9312d58a802b81cc3d4880a9fcdb1c848bcc3101fd3714","1.1713979","0.603490601","row","gaussian32","reference","16000","4","single","0","profile","420013","0.9410047","6.171875","2.295E-4","0.4083226","0.4905197","40","2613","2880296","1002255912","1060967256","64123120","true","true","2048000","508143","c018ba918dd11c1ccc931d39ab3e022f6e6f83d4657f65056eb1ed52244070ca","925475744","1357178992","951860808","84969632","0","0","300","0","0","665","4"
"30","c5a09dc8933e60449a18cebeb2d1c31500043b44","1fc63e9d1dd6562c6a0beea93c565b6a3dffb21791d08f9ef916a719c54f6be3","WindowsPeakWorkingSet","2259529728","e6c5ce4df89023d43747ba74de3c6abceb2d811a1ce2b3340f458b43c00da2b1","0.9304121","0.505461901","row","gaussian32","loop","16000","4","single","0","profile","420013","0.8526769","5.65625","3.01999E-4","0.293261401","0.5095088","41","2538","2888696","673902640","750452384","64573792","true","true","2048000","508143","c018ba918dd11c1ccc931d39ab3e022f6e6f83d4657f65056eb1ed52244070ca","0","896671728","695034504","10419376","0","0","240","0","0","606","1"
"31","c5a09dc8933e60449a18cebeb2d1c31500043b44","1fc63e9d1dd6562c6a0beea93c565b6a3dffb21791d08f9ef916a719c54f6be3","WindowsPeakWorkingSet","2264563712","583cd2cb59921d90f9eab028d98b533ea83d182c05ebfcba453ff068898dc510","1.3871893","0.9218485","row","positive32","reference","16000","4","single","0","profile","420013","1.3641856","7.46875","1.794E-4","0.8753708","0.4489044","68","1751","2871168","1295140568","1362249432","64111880","true","true","2048000","8547756","5035e463d4ef60e5c193ee9a16cdb83e0b25f5d78747aeb10b5695633354ccef","3525754832","3144944664","878553144","19453888","0","0","420","0","0","558","0"
"32","c5a09dc8933e60449a18cebeb2d1c31500043b44","1fc63e9d1dd6562c6a0beea93c565b6a3dffb21791d08f9ef916a719c54f6be3","WindowsPeakWorkingSet","1939013632","3ef10e689ca1d7090d36428d291e3876863be1bfc3c17a1d88dac7f6491e63e6","0.9922594","0.6333487","row","positive32","loop","16000","4","single","0","profile","420013","0.9844984","5.875","1.31399E-4","0.424953901","0.494490099","54","1626","2844112","965237376","965237376","64313344","true","true","2048000","8547756","5035e463d4ef60e5c193ee9a16cdb83e0b25f5d78747aeb10b5695633354ccef","0","1884271096","1048753184","52982880","0","0","300","0","0","591","4"
"33","c5a09dc8933e60449a18cebeb2d1c31500043b44","1fc63e9d1dd6562c6a0beea93c565b6a3dffb21791d08f9ef916a719c54f6be3","WindowsPeakWorkingSet","893943808","a7fa2428cb68a7f238500c4268ee325efd9a1787ca40a6c0248aafe71a65a75d","0.506720501","0.2041608","row","likelihood8","reference","16000","4","single","0","profile","420013","0.4609231","3.359375","1.259E-4","0.223249099","0.218149101","4","2225","2868784","511112048","662106992","21161576","true","true","512000","415909","c18e104a5998fb30c0985116274a88c2891fce3ba17b366c2f8631fe25471fd4","46135008","604193296","218224496","12258520","0","0","180","0","0","545","8"
"34","c5a09dc8933e60449a18cebeb2d1c31500043b44","1fc63e9d1dd6562c6a0beea93c565b6a3dffb21791d08f9ef916a719c54f6be3","WindowsPeakWorkingSet","884310016","316a6c91126f7c03743a5ce9760627e1e50f568f2b67051502204a8197695094","0.548639401","0.209062601","row","likelihood8","loop","16000","4","single","0","profile","420013","0.445249699","3.078125","1.25101E-4","0.1787902","0.234180799","6","1944","2867144","324953872","685664016","21095752","true","true","512000","415909","c18e104a5998fb30c0985116274a88c2891fce3ba17b366c2f8631fe25471fd4","0","81755184","335755016","34177328","571056","3096","163","0","0","547","8"
"35","c5a09dc8933e60449a18cebeb2d1c31500043b44","1fc63e9d1dd6562c6a0beea93c565b6a3dffb21791d08f9ef916a719c54f6be3","WindowsPeakWorkingSet","850018304","34e2928152379f7c7955456387c8e00f2555de4d985739ad20e0211e04260857","0.4706055","0.257558101","row","graphWide","reference","4000","4","single","0","profile","420013","0.5004571","3.8125","NaN","NaN","NaN","3","4294","2986744","197951336","646748168","5009320","true","true","16000","-1","89f063f7af3d33dd3fab7c619c1731cf8b33d9485092820b3f8e0b0d831ba628","0","0","0","1378737816","0","0","180","95","0","850","0"
"36","c5a09dc8933e60449a18cebeb2d1c31500043b44","1fc63e9d1dd6562c6a0beea93c565b6a3dffb21791d08f9ef916a719c54f6be3","WindowsPeakWorkingSet","797347840","none","0.4339062","0.2034737","row","gaussian32","reference","4000","2","single","1","plain","427932","0.1771413","0.703125","4.67E-5","0.0606605","0.1102125","3","27","2838504","332437216","663787232","17783472","true","true","512000","138788","3d0bccbf5e695e5e8a5d89fa29a1a353b231a8693474ffa5e1944f58eee51881","-1","-1","-1","-1","-1","-1","-1","-1","-1","-1","-1"
"37","c5a09dc8933e60449a18cebeb2d1c31500043b44","1fc63e9d1dd6562c6a0beea93c565b6a3dffb21791d08f9ef916a719c54f6be3","WindowsPeakWorkingSet","784400384","none","0.4071516","0.161868501","row","gaussian32","reference","4000","4","single","1","plain","427932","0.1327143","0.796875","5.93E-5","0.063827199","0.0631742","3","18","2874592","372265856","661672832","17839504","true","true","512000","138788","3d0bccbf5e695e5e8a5d89fa29a1a353b231a8693474ffa5e1944f58eee51881","-1","-1","-1","-1","-1","-1","-1","-1","-1","-1","-1"
"38","c5a09dc8933e60449a18cebeb2d1c31500043b44","1fc63e9d1dd6562c6a0beea93c565b6a3dffb21791d08f9ef916a719c54f6be3","WindowsPeakWorkingSet","786964480","none","0.5165121","0.3252317","row","gaussian32","reference","4000","1","single","1","plain","427932","0.2965957","0.296875","4.52E-5","0.090396299","0.200274301","4","14","2801336","318031736","661964664","17749688","true","true","512000","138788","3d0bccbf5e695e5e8a5d89fa29a1a353b231a8693474ffa5e1944f58eee51881","-1","-1","-1","-1","-1","-1","-1","-1","-1","-1","-1"
"39","c5a09dc8933e60449a18cebeb2d1c31500043b44","1fc63e9d1dd6562c6a0beea93c565b6a3dffb21791d08f9ef916a719c54f6be3","WindowsPeakWorkingSet","1921191936","none","1.1489109","0.824467299","row","gaussian32","reference","16000","2","single","1","plain","427932","0.8640782","2.765625","5.6099E-5","0.288814301","0.5483275","38","27","2842280","426128128","1103006824","62766056","true","true","2048000","508955","480b127dc24a0faf5be9627ea4be6421116621c7910d50226a7af8dee607cb4c","-1","-1","-1","-1","-1","-1","-1","-1","-1","-1","-1"
"40","c5a09dc8933e60449a18cebeb2d1c31500043b44","1fc63e9d1dd6562c6a0beea93c565b6a3dffb21791d08f9ef916a719c54f6be3","WindowsPeakWorkingSet","1959878656","none","0.998812601","0.5675187","row","gaussian32","reference","16000","4","single","1","plain","427932","0.6001287","3.1875","1.05199E-4","0.2415597","0.325942401","44","50","2873384","275680296","1091448632","63104872","true","true","2048000","508955","480b127dc24a0faf5be9627ea4be6421116621c7910d50226a7af8dee607cb4c","-1","-1","-1","-1","-1","-1","-1","-1","-1","-1","-1"
"41","c5a09dc8933e60449a18cebeb2d1c31500043b44","1fc63e9d1dd6562c6a0beea93c565b6a3dffb21791d08f9ef916a719c54f6be3","WindowsPeakWorkingSet","1589018624","none","1.711524","1.3694551","row","gaussian32","reference","16000","1","single","1","plain","427932","1.4640505","1.546875","6.03E-5","0.4301788","1.012912599","39","39","2810352","385456432","1094293808","62727592","true","true","2048000","508955","480b127dc24a0faf5be9627ea4be6421116621c7910d50226a7af8dee607cb4c","-1","-1","-1","-1","-1","-1","-1","-1","-1","-1","-1"
"42","c5a09dc8933e60449a18cebeb2d1c31500043b44","1fc63e9d1dd6562c6a0beea93c565b6a3dffb21791d08f9ef916a719c54f6be3","WindowsPeakWorkingSet","1068822528","none","0.6124417","0.370592099","row","positive32","reference","4000","2","single","1","plain","427932","0.3634939","0.796875","6.18E-5","0.2355998","0.1214471","11","21","2838672","58923320","662903096","17931024","true","true","512000","2330866","218737eae3e2da277e8b65fe3a76bd5f04046950597185a676bdc475001c1e46","-1","-1","-1","-1","-1","-1","-1","-1","-1","-1","-1"
"43","c5a09dc8933e60449a18cebeb2d1c31500043b44","1fc63e9d1dd6562c6a0beea93c565b6a3dffb21791d08f9ef916a719c54f6be3","WindowsPeakWorkingSet","1375641600","none","0.4992255","0.249934","row","positive32","reference","4000","4","single","1","plain","427932","0.2627053","1.390625","1.30399E-4","0.186127701","0.0703789","10","24","2879104","62140224","661925696","17938800","true","true","512000","2330866","218737eae3e2da277e8b65fe3a76bd5f04046950597185a676bdc475001c1e46","-1","-1","-1","-1","-1","-1","-1","-1","-1","-1","-1"
"44","c5a09dc8933e60449a18cebeb2d1c31500043b44","1fc63e9d1dd6562c6a0beea93c565b6a3dffb21791d08f9ef916a719c54f6be3","WindowsPeakWorkingSet","776130560","none","0.7030587","0.496702099","row","positive32","reference","4000","1","single","1","plain","427932","0.4752","1.203125","4.0299E-5","0.262483501","0.2040377","5","32","2795744","623756448","657310880","17748656","true","true","512000","2330866","218737eae3e2da277e8b65fe3a76bd5f04046950597185a676bdc475001c1e46","-1","-1","-1","-1","-1","-1","-1","-1","-1","-1","-1"
"45","c5a09dc8933e60449a18cebeb2d1c31500043b44","1fc63e9d1dd6562c6a0beea93c565b6a3dffb21791d08f9ef916a719c54f6be3","WindowsPeakWorkingSet","2643496960","none","1.7061067","1.4136786","row","positive32","reference","16000","2","single","1","plain","427932","1.5304596","5.40625","5.7299E-5","0.9120744","0.594059501","78","52","2826320","521568752","1217823216","62614392","true","true","2048000","8549226","a7029be346b500bc6d19012acdc0614051dec798037f96ab9196bc90dd1002e6","-1","-1","-1","-1","-1","-1","-1","-1","-1","-1","-1"
"46","c5a09dc8933e60449a18cebeb2d1c31500043b44","1fc63e9d1dd6562c6a0beea93c565b6a3dffb21791d08f9ef916a719c54f6be3","WindowsPeakWorkingSet","2310242304","none","1.2969967","0.9130924","row","positive32","reference","16000","4","single","1","plain","427932","0.940783","4.296875","7.75E-5","0.6044633","0.315385299","54","52","2866976","1223409440","1256963872","62577480","true","true","2048000","8549226","a7029be346b500bc6d19012acdc0614051dec798037f96ab9196bc90dd1002e6","-1","-1","-1","-1","-1","-1","-1","-1","-1","-1","-1"
"47","c5a09dc8933e60449a18cebeb2d1c31500043b44","1fc63e9d1dd6562c6a0beea93c565b6a3dffb21791d08f9ef916a719c54f6be3","WindowsPeakWorkingSet","2255777792","none","2.3615822","2.0943247","row","positive32","reference","16000","1","single","1","plain","427932","2.1238543","3.671875","5.6899E-5","1.058613301","1.042858799","76","22","2803088","543446528","850007080","63432280","true","true","2048000","8549226","a7029be346b500bc6d19012acdc0614051dec798037f96ab9196bc90dd1002e6","-1","-1","-1","-1","-1","-1","-1","-1","-1","-1","-1"
"48","c5a09dc8933e60449a18cebeb2d1c31500043b44","1fc63e9d1dd6562c6a0beea93c565b6a3dffb21791d08f9ef916a719c54f6be3","WindowsPeakWorkingSet","598573056","none","0.312157","0.090781","row","likelihood8","reference","4000","2","single","1","plain","427932","0.066650801","0.125","6.4799E-5","0.0321796","0.031835601","0","12","2862688","258715232","258715232","7030488","true","true","128000","113472","38e3adbbae621e7ad84a1cb5d7d2f248aeb925e3eea6b59badd3e9bb967ca792","-1","-1","-1","-1","-1","-1","-1","-1","-1","-1","-1"
"49","c5a09dc8933e60449a18cebeb2d1c31500043b44","1fc63e9d1dd6562c6a0beea93c565b6a3dffb21791d08f9ef916a719c54f6be3","WindowsPeakWorkingSet","624103424","none","0.34969","0.079842701","row","likelihood8","reference","4000","4","single","1","plain","427932","0.0505286","0.21875","4.51E-5","0.024864801","0.0217459","0","124","2913512","279737576","279737576","7075616","true","true","128000","113472","38e3adbbae621e7ad84a1cb5d7d2f248aeb925e3eea6b59badd3e9bb967ca792","-1","-1","-1","-1","-1","-1","-1","-1","-1","-1","-1"
"50","c5a09dc8933e60449a18cebeb2d1c31500043b44","1fc63e9d1dd6562c6a0beea93c565b6a3dffb21791d08f9ef916a719c54f6be3","WindowsPeakWorkingSet","593981440","none","0.3057138","0.1561264","row","likelihood8","reference","4000","1","single","1","plain","427932","0.1312799","0.28125","4.46E-5","0.0640324","0.0640096","0","85","2820872","267062024","267062024","6993944","true","true","128000","113472","38e3adbbae621e7ad84a1cb5d7d2f248aeb925e3eea6b59badd3e9bb967ca792","-1","-1","-1","-1","-1","-1","-1","-1","-1","-1","-1"
"51","c5a09dc8933e60449a18cebeb2d1c31500043b44","1fc63e9d1dd6562c6a0beea93c565b6a3dffb21791d08f9ef916a719c54f6be3","WindowsPeakWorkingSet","828489728","none","0.603785","0.285556301","row","likelihood8","reference","16000","2","single","1","plain","427932","0.251950001","0.53125","4.69E-5","0.1104476","0.135571","5","34","2853256","341670696","672971752","19546792","true","true","512000","415654","ce6d13e00adffa85328af96214e774381bccbee2f7c324c5853268083d738f11","-1","-1","-1","-1","-1","-1","-1","-1","-1","-1","-1"
"52","c5a09dc8933e60449a18cebeb2d1c31500043b44","1fc63e9d1dd6562c6a0beea93c565b6a3dffb21791d08f9ef916a719c54f6be3","WindowsPeakWorkingSet","818442240","none","0.5875732","0.1815096","row","likelihood8","reference","16000","4","single","1","plain","427932","0.1580326","1.0","3.9499E-5","0.068452501","0.083321","4","66","2898496","372906808","662313784","19669336","true","true","512000","415654","ce6d13e00adffa85328af96214e774381bccbee2f7c324c5853268083d738f11","-1","-1","-1","-1","-1","-1","-1","-1","-1","-1","-1"
"53","c5a09dc8933e60449a18cebeb2d1c31500043b44","1fc63e9d1dd6562c6a0beea93c565b6a3dffb21791d08f9ef916a719c54f6be3","WindowsPeakWorkingSet","794824704","none","0.758572199","0.5249489","row","likelihood8","reference","16000","1","single","1","plain","427932","0.4728826","0.53125","5.31E-5","0.220098","0.246714","4","18","2809384","358729384","664913576","19634080","true","true","512000","415654","ce6d13e00adffa85328af96214e774381bccbee2f7c324c5853268083d738f11","-1","-1","-1","-1","-1","-1","-1","-1","-1","-1","-1"
"54","c5a09dc8933e60449a18cebeb2d1c31500043b44","1fc63e9d1dd6562c6a0beea93c565b6a3dffb21791d08f9ef916a719c54f6be3","WindowsPeakWorkingSet","806543360","none","0.328744101","0.1128682","row","graphWide","reference","1000","4","single","1","plain","427932","0.0772997","0.625","NaN","NaN","NaN","0","794","2980888","476937240","476937240","3109616","true","true","4000","-1","6c0f6857796713b5fb9cbb58db8ee7d3ef3b4d6d083efdb1022b75a6cf77e006","-1","-1","-1","-1","-1","-1","-1","-1","-1","-1","-1"
"55","c5a09dc8933e60449a18cebeb2d1c31500043b44","1fc63e9d1dd6562c6a0beea93c565b6a3dffb21791d08f9ef916a719c54f6be3","WindowsPeakWorkingSet","794824704","none","0.373447699","0.145335","row","graphWide","reference","1000","1","single","1","plain","427932","0.0970221","0.09375","NaN","NaN","NaN","0","34","2923384","476879736","476879736","3050424","true","true","4000","-1","6c0f6857796713b5fb9cbb58db8ee7d3ef3b4d6d083efdb1022b75a6cf77e006","-1","-1","-1","-1","-1","-1","-1","-1","-1","-1","-1"
"56","c5a09dc8933e60449a18cebeb2d1c31500043b44","1fc63e9d1dd6562c6a0beea93c565b6a3dffb21791d08f9ef916a719c54f6be3","WindowsPeakWorkingSet","820387840","none","0.4809153","0.2686675","row","graphWide","reference","4000","4","single","1","plain","427932","0.1596646","0.90625","NaN","NaN","NaN","2","243","2984040","192108864","645279416","3465856","true","true","16000","-1","1b1bdd6d369db71621ea5ec85781eddd60d3b01e99d1c2dc577d478563996388","-1","-1","-1","-1","-1","-1","-1","-1","-1","-1","-1"
"57","c5a09dc8933e60449a18cebeb2d1c31500043b44","1fc63e9d1dd6562c6a0beea93c565b6a3dffb21791d08f9ef916a719c54f6be3","WindowsPeakWorkingSet","811294720","none","0.580497599","0.3038012","row","graphWide","reference","4000","1","single","1","plain","427932","0.2718685","0.390625","NaN","NaN","NaN","2","108","2938928","142065824","645382304","3407096","true","true","16000","-1","1b1bdd6d369db71621ea5ec85781eddd60d3b01e99d1c2dc577d478563996388","-1","-1","-1","-1","-1","-1","-1","-1","-1","-1","-1"
"58","c5a09dc8933e60449a18cebeb2d1c31500043b44","1fc63e9d1dd6562c6a0beea93c565b6a3dffb21791d08f9ef916a719c54f6be3","WindowsPeakWorkingSet","2996113408","none","1.5644699","0.983681399","row","gaussian32","reference","16000","4","overlap","1","plain","427932","0.9914161","8.796875","1.25599E-4","1.0795247","0.8562466","99","167","2954416","1681422512","1749962960","122560664","true","true","4096000","1017700","480b127dc24a0faf5be9627ea4be6421116621c7910d50226a7af8dee607cb4c;a42a9900b280926827773952b584548bb7c1a5c4630b47ad59c71c3557dba384","-1","-1","-1","-1","-1","-1","-1","-1","-1","-1","-1"
"59","c5a09dc8933e60449a18cebeb2d1c31500043b44","1fc63e9d1dd6562c6a0beea93c565b6a3dffb21791d08f9ef916a719c54f6be3","WindowsPeakWorkingSet","2538418176","none","1.5501793","1.1821262","row","gaussian32","reference","16000","4","serial","1","plain","427932","1.2403674","6.59375","1.016E-4","0.5404038","0.658485098","102","179","2882448","598114280","1259136688","123159448","true","true","4096000","1017700","480b127dc24a0faf5be9627ea4be6421116621c7910d50226a7af8dee607cb4c;a42a9900b280926827773952b584548bb7c1a5c4630b47ad59c71c3557dba384","-1","-1","-1","-1","-1","-1","-1","-1","-1","-1","-1"
"60","c5a09dc8933e60449a18cebeb2d1c31500043b44","1fc63e9d1dd6562c6a0beea93c565b6a3dffb21791d08f9ef916a719c54f6be3","WindowsPeakWorkingSet","779313152","none","0.541789999","0.088668799","row","likelihood8","reference","4000","4","overlap","1","plain","427932","0.070023","0.5625","2.57102E-4","0.06888749899999999","0.059965499000000005","0","41","2944464","552398288","552398288","11301920","true","true","256000","226944","38e3adbbae621e7ad84a1cb5d7d2f248aeb925e3eea6b59badd3e9bb967ca792;a9fc0f45ac2c67c9a9a7a48b73edd65b6d594d471b555e8116406362488ed04c","-1","-1","-1","-1","-1","-1","-1","-1","-1","-1","-1"
"61","c5a09dc8933e60449a18cebeb2d1c31500043b44","1fc63e9d1dd6562c6a0beea93c565b6a3dffb21791d08f9ef916a719c54f6be3","WindowsPeakWorkingSet","699219968","none","0.4282355","0.107763501","row","likelihood8","reference","4000","4","serial","1","plain","427932","0.086171901","0.359375","1.1850000000000001E-4","0.0381765","0.0418078","0","42","2896440","556544568","556544568","11254160","true","true","256000","226944","38e3adbbae621e7ad84a1cb5d7d2f248aeb925e3eea6b59badd3e9bb967ca792;a9fc0f45ac2c67c9a9a7a48b73edd65b6d594d471b555e8116406362488ed04c","-1","-1","-1","-1","-1","-1","-1","-1","-1","-1","-1"
"62","c5a09dc8933e60449a18cebeb2d1c31500043b44","1fc63e9d1dd6562c6a0beea93c565b6a3dffb21791d08f9ef916a719c54f6be3","WindowsPeakWorkingSet","807280640","none","0.402279999","0.1432364","row","gaussian32","loop","4000","4","single","1","plain","427932","0.1266035","0.515625","4.49E-5","0.042027","0.0789483","4","38","2891816","160158880","667669664","17835296","true","true","512000","138788","3d0bccbf5e695e5e8a5d89fa29a1a353b231a8693474ffa5e1944f58eee51881","-1","-1","-1","-1","-1","-1","-1","-1","-1","-1","-1"
"63","c5a09dc8933e60449a18cebeb2d1c31500043b44","1fc63e9d1dd6562c6a0beea93c565b6a3dffb21791d08f9ef916a719c54f6be3","WindowsPeakWorkingSet","784470016","none","0.466785999","0.2151877","row","positive32","loop","4000","4","single","1","plain","427932","0.1677623","1.0","5.25E-5","0.076901","0.0844526","7","25","2883368","248176808","667607208","18031680","true","true","512000","2330866","218737eae3e2da277e8b65fe3a76bd5f04046950597185a676bdc475001c1e46","-1","-1","-1","-1","-1","-1","-1","-1","-1","-1","-1"
"64","c5a09dc8933e60449a18cebeb2d1c31500043b44","1fc63e9d1dd6562c6a0beea93c565b6a3dffb21791d08f9ef916a719c54f6be3","WindowsPeakWorkingSet","501039104","none","0.3546649","0.067557901","row","likelihood8","loop","4000","4","single","1","plain","427932","0.0437555","0.203125","4.46E-5","0.0181488","0.0217554","0","42","2899120","229391536","229391536","7084064","true","true","128000","113472","38e3adbbae621e7ad84a1cb5d7d2f248aeb925e3eea6b59badd3e9bb967ca792","-1","-1","-1","-1","-1","-1","-1","-1","-1","-1","-1"
"65","c5a09dc8933e60449a18cebeb2d1c31500043b44","1fc63e9d1dd6562c6a0beea93c565b6a3dffb21791d08f9ef916a719c54f6be3","WindowsPeakWorkingSet","2261684224","df2be5ad9fdf82b8444b8c56bce4c7a7b4d1a90be2c02f0a7be98db197eefc12","0.9516548","0.507855099","row","gaussian32","loop","16000","4","single","1","profile","427932","0.8461333","5.703125","2.189E-4","0.2827141","0.502793899","41","2259","2890240","676683264","749479424","64469552","true","true","2048000","508955","480b127dc24a0faf5be9627ea4be6421116621c7910d50226a7af8dee607cb4c","0","1001170960","338542616","416604872","0","0","240","0","0","619","4"
"66","c5a09dc8933e60449a18cebeb2d1c31500043b44","1fc63e9d1dd6562c6a0beea93c565b6a3dffb21791d08f9ef916a719c54f6be3","WindowsPeakWorkingSet","1947881472","6a0852d30a585d7532ac88012b5345cd1e7b81c84d3570327c81a43c8e61da65","1.009277801","0.5671567","row","gaussian32","reference","16000","4","single","1","profile","427932","0.8972024","6.171875","2.49399E-4","0.389994001","0.4597513","43","2617","2881200","518743208","1051995528","64308560","true","true","2048000","508955","480b127dc24a0faf5be9627ea4be6421116621c7910d50226a7af8dee607cb4c","209510632","592808072","1127829536","218537016","0","0","275","0","0","624","8"
"67","c5a09dc8933e60449a18cebeb2d1c31500043b44","1fc63e9d1dd6562c6a0beea93c565b6a3dffb21791d08f9ef916a719c54f6be3","WindowsPeakWorkingSet","1949208576","cb0b92b4b612c5534a56e54863a80f7f832d967a7ca549e9cff9ca3428af5976","1.102418","0.630283","row","positive32","loop","16000","4","single","1","profile","427932","0.958700199","6.0625","1.33801E-4","0.4320842","0.4704741","54","1581","2867144","956381384","960575688","64341064","true","true","2048000","8549226","a7029be346b500bc6d19012acdc0614051dec798037f96ab9196bc90dd1002e6","0","1826585656","986127056","8124856","0","0","300","0","0","565","7"
"68","c5a09dc8933e60449a18cebeb2d1c31500043b44","1fc63e9d1dd6562c6a0beea93c565b6a3dffb21791d08f9ef916a719c54f6be3","WindowsPeakWorkingSet","2377949184","e26b6655c8219138ea7af0d25cacdf9607fd8a050d3bde5e7692908476eb8425","1.2794517","0.9511229","row","positive32","reference","16000","4","single","1","profile","427932","1.3866425","7.5625","1.24701E-4","0.878085899","0.465758601","69","2140","2856192","447274640","1361632912","64101816","true","true","2048000","8549226","a7029be346b500bc6d19012acdc0614051dec798037f96ab9196bc90dd1002e6","4568530760","1955405696","890293184","11808000","0","0","420","0","0","591","0"
"69","c5a09dc8933e60449a18cebeb2d1c31500043b44","1fc63e9d1dd6562c6a0beea93c565b6a3dffb21791d08f9ef916a719c54f6be3","WindowsPeakWorkingSet","915234816","651ac7a40d22a9333eb614829a55023e0c003f11c9da49b1daa3a02eb52288a4","0.5534237","0.2032739","row","likelihood8","loop","16000","4","single","1","profile","427932","0.4608834","3.40625","2.30401E-4","0.1933923","0.237119699","7","2165","2882936","325203392","685913536","21110296","true","true","512000","415654","ce6d13e00adffa85328af96214e774381bccbee2f7c324c5853268083d738f11","0","81755360","204963096","24723632","0","0","180","0","0","540","8"
"70","c5a09dc8933e60449a18cebeb2d1c31500043b44","1fc63e9d1dd6562c6a0beea93c565b6a3dffb21791d08f9ef916a719c54f6be3","WindowsPeakWorkingSet","872194048","ead69d1465ec819381639e2d97cf41413c2c9d0767cdbc05dd2c90462f0e858a","0.57154","0.204614","row","likelihood8","reference","16000","4","single","1","profile","427932","0.4779941","3.484375","1.40401E-4","0.233428","0.2255691","4","2701","2884352","518750232","661356568","21178856","true","true","512000","415654","ce6d13e00adffa85328af96214e774381bccbee2f7c324c5853268083d738f11","41929544","559701520","157228968","0","0","0","180","0","0","571","8"
"71","c5a09dc8933e60449a18cebeb2d1c31500043b44","1fc63e9d1dd6562c6a0beea93c565b6a3dffb21791d08f9ef916a719c54f6be3","WindowsPeakWorkingSet","851054592","fb04c4f6b6c2a4715bf1e4341f22d630a5c30b56d52627aae2d114db60f5f937","0.4488141","0.233020001","row","graphWide","reference","4000","4","single","1","profile","427932","0.507029","4.25","NaN","NaN","NaN","3","3803","2992800","197953248","646808152","5010512","true","true","16000","-1","1b1bdd6d369db71621ea5ec85781eddd60d3b01e99d1c2dc577d478563996388","0","0","0","1378151216","0","0","180","88","0","863","0"
"72","c5a09dc8933e60449a18cebeb2d1c31500043b44","1fc63e9d1dd6562c6a0beea93c565b6a3dffb21791d08f9ef916a719c54f6be3","WindowsPeakWorkingSet","800808960","none","0.4233891","0.167145899","row","gaussian32","reference","4000","4","single","2","plain","435851","0.134335301","0.671875","4.08E-5","0.0586334","0.0695573","4","24","2895192","344327400","667288808","17927232","true","true","512000","138703","603bdfe20f551e62d9c5fbc68e896eb978d3c40134ec7e7cbc17b062760b5957","-1","-1","-1","-1","-1","-1","-1","-1","-1","-1","-1"
"73","c5a09dc8933e60449a18cebeb2d1c31500043b44","1fc63e9d1dd6562c6a0beea93c565b6a3dffb21791d08f9ef916a719c54f6be3","WindowsPeakWorkingSet","782381056","none","0.515920599","0.3252333","row","gaussian32","reference","4000","1","single","2","plain","435851","0.297798801","0.34375","5.92E-5","0.0866021","0.2054185","3","41","2801168","318555056","662487984","17745112","true","true","512000","138703","603bdfe20f551e62d9c5fbc68e896eb978d3c40134ec7e7cbc17b062760b5957","-1","-1","-1","-1","-1","-1","-1","-1","-1","-1","-1"
"74","c5a09dc8933e60449a18cebeb2d1c31500043b44","1fc63e9d1dd6562c6a0beea93c565b6a3dffb21791d08f9ef916a719c54f6be3","WindowsPeakWorkingSet","796864512","none","0.4174966","0.2032918","row","gaussian32","reference","4000","2","single","2","plain","435851","0.1932504","0.484375","4.58E-5","0.0727038","0.114714099","4","125","2837064","328325048","663869368","17780344","true","true","512000","138703","603bdfe20f551e62d9c5fbc68e896eb978d3c40134ec7e7cbc17b062760b5957","-1","-1","-1","-1","-1","-1","-1","-1","-1","-1","-1"
"75","c5a09dc8933e60449a18cebeb2d1c31500043b44","1fc63e9d1dd6562c6a0beea93c565b6a3dffb21791d08f9ef916a719c54f6be3","WindowsPeakWorkingSet","1973710848","none","0.8550943","0.5715177","row","gaussian32","reference","16000","4","single","2","plain","435851","0.5800906","2.90625","4.9399E-5","0.248993801","0.3097012","31","31","2869424","522963120","1349241008","62581960","true","true","2048000","508347","738fd321dc789a71c98f0799f395730a7d826b983f101e4ac859080b3400014a","-1","-1","-1","-1","-1","-1","-1","-1","-1","-1","-1"
"76","c5a09dc8933e60449a18cebeb2d1c31500043b44","1fc63e9d1dd6562c6a0beea93c565b6a3dffb21791d08f9ef916a719c54f6be3","WindowsPeakWorkingSet","1644945408","none","1.723415799","1.392367001","row","gaussian32","reference","16000","1","single","2","plain","435851","1.412069401","1.875","7.88E-5","0.3907489","0.9990659","39","25","2809680","133138256","1067427488","62773888","true","true","2048000","508347","738fd321dc789a71c98f0799f395730a7d826b983f101e4ac859080b3400014a","-1","-1","-1","-1","-1","-1","-1","-1","-1","-1","-1"
"77","c5a09dc8933e60449a18cebeb2d1c31500043b44","1fc63e9d1dd6562c6a0beea93c565b6a3dffb21791d08f9ef916a719c54f6be3","WindowsPeakWorkingSet","1921888256","none","1.155386101","0.8435683","row","gaussian32","reference","16000","2","single","2","plain","435851","0.9140469","2.265625","1.15201E-4","0.334354099","0.554136001","37","33","2837856","234482584","1195060016","62777328","true","true","2048000","508347","738fd321dc789a71c98f0799f395730a7d826b983f101e4ac859080b3400014a","-1","-1","-1","-1","-1","-1","-1","-1","-1","-1","-1"
"78","c5a09dc8933e60449a18cebeb2d1c31500043b44","1fc63e9d1dd6562c6a0beea93c565b6a3dffb21791d08f9ef916a719c54f6be3","WindowsPeakWorkingSet","1174757376","none","0.5368634","0.249169199","row","positive32","reference","4000","4","single","2","plain","435851","0.2567109","1.0","9.4299E-5","0.176317501","0.0745598","10","25","2869640","70068480","665659648","17996136","true","true","512000","2331863","fb50892c47662c7c9c7473b45775635e782a20ef09488c3bc7f407bd559adfe3","-1","-1","-1","-1","-1","-1","-1","-1","-1","-1","-1"
"79","c5a09dc8933e60449a18cebeb2d1c31500043b44","1fc63e9d1dd6562c6a0beea93c565b6a3dffb21791d08f9ef916a719c54f6be3","WindowsPeakWorkingSet","772358144","none","0.7104183","0.4962625","row","positive32","reference","4000","1","single","2","plain","435851","0.4990765","0.53125","5.1999E-5","0.277678701","0.216407199","15","29","2797264","54717936","662892016","17748192","true","true","512000","2331863","fb50892c47662c7c9c7473b45775635e782a20ef09488c3bc7f407bd559adfe3","-1","-1","-1","-1","-1","-1","-1","-1","-1","-1","-1"
"80","c5a09dc8933e60449a18cebeb2d1c31500043b44","1fc63e9d1dd6562c6a0beea93c565b6a3dffb21791d08f9ef916a719c54f6be3","WindowsPeakWorkingSet","1064509440","none","0.598654601","0.364412401","row","positive32","reference","4000","2","single","2","plain","435851","0.3567206","1.0625","1.074E-4","0.2296366","0.121367599","10","16","2843000","58284632","662264408","17809512","true","true","512000","2331863","fb50892c47662c7c9c7473b45775635e782a20ef09488c3bc7f407bd559adfe3","-1","-1","-1","-1","-1","-1","-1","-1","-1","-1","-1"
"81","c5a09dc8933e60449a18cebeb2d1c31500043b44","1fc63e9d1dd6562c6a0beea93c565b6a3dffb21791d08f9ef916a719c54f6be3","WindowsPeakWorkingSet","2278608896","none","1.286089801","0.9453703","row","positive32","reference","16000","4","single","2","plain","435851","0.955611699","4.5625","4.71E-5","0.627878","0.308055499","57","38","2851440","1203643888","1270703696","62560384","true","true","2048000","8554007","33585d408c91095468edd312eaea1af375da1dc51c127a1cbbd4efc88ff2d8b0","-1","-1","-1","-1","-1","-1","-1","-1","-1","-1","-1"
"82","c5a09dc8933e60449a18cebeb2d1c31500043b44","1fc63e9d1dd6562c6a0beea93c565b6a3dffb21791d08f9ef916a719c54f6be3","WindowsPeakWorkingSet","2209898496","none","2.3851978","2.1260657","row","positive32","reference","16000","1","single","2","plain","435851","2.1202916","4.453125","1.155E-4","1.089351099","1.010767101","70","44","2800712","168449000","1074344728","62700712","true","true","2048000","8554007","33585d408c91095468edd312eaea1af375da1dc51c127a1cbbd4efc88ff2d8b0","-1","-1","-1","-1","-1","-1","-1","-1","-1","-1","-1"
"83","c5a09dc8933e60449a18cebeb2d1c31500043b44","1fc63e9d1dd6562c6a0beea93c565b6a3dffb21791d08f9ef916a719c54f6be3","WindowsPeakWorkingSet","1870536704","none","1.6638383","1.292309201","row","positive32","reference","16000","2","single","2","plain","435851","1.3685749","4.375","1.906E-4","0.8117407","0.5352556","65","28","2829496","516307872","1074150304","62538352","true","true","2048000","8554007","33585d408c91095468edd312eaea1af375da1dc51c127a1cbbd4efc88ff2d8b0","-1","-1","-1","-1","-1","-1","-1","-1","-1","-1","-1"
"84","c5a09dc8933e60449a18cebeb2d1c31500043b44","1fc63e9d1dd6562c6a0beea93c565b6a3dffb21791d08f9ef916a719c54f6be3","WindowsPeakWorkingSet","617095168","none","0.3407032","0.0637706","row","likelihood8","reference","4000","4","single","2","plain","435851","0.0432478","0.1875","4.77E-5","0.018992","0.020555699","0","10","2914984","271350440","271350440","7076088","true","true","128000","113322","a1c97633734bbb43a66c525a225905cb612f427cd2600d3cc731158cc0011283","-1","-1","-1","-1","-1","-1","-1","-1","-1","-1","-1"
"85","c5a09dc8933e60449a18cebeb2d1c31500043b44","1fc63e9d1dd6562c6a0beea93c565b6a3dffb21791d08f9ef916a719c54f6be3","WindowsPeakWorkingSet","598364160","none","0.3070249","0.1519796","row","likelihood8","reference","4000","1","single","2","plain","435851","0.128508299","0.140625","4.8801E-5","0.0653084","0.0602009","0","29","2812024","267053176","267053176","6985264","true","true","128000","113322","a1c97633734bbb43a66c525a225905cb612f427cd2600d3cc731158cc0011283","-1","-1","-1","-1","-1","-1","-1","-1","-1","-1","-1"
"86","c5a09dc8933e60449a18cebeb2d1c31500043b44","1fc63e9d1dd6562c6a0beea93c565b6a3dffb21791d08f9ef916a719c54f6be3","WindowsPeakWorkingSet","605343744","none","0.301901499","0.0954464","row","likelihood8","reference","4000","2","single","2","plain","435851","0.0767487","0.265625","6.98E-5","0.036842799","0.036093601","0","196","2861152","262908000","262908000","7030416","true","true","128000","113322","a1c97633734bbb43a66c525a225905cb612f427cd2600d3cc731158cc0011283","-1","-1","-1","-1","-1","-1","-1","-1","-1","-1","-1"
"87","c5a09dc8933e60449a18cebeb2d1c31500043b44","1fc63e9d1dd6562c6a0beea93c565b6a3dffb21791d08f9ef916a719c54f6be3","WindowsPeakWorkingSet","830795776","none","0.6017917","0.2017238","row","likelihood8","reference","16000","4","single","2","plain","435851","0.1592214","0.625","9.3401E-5","0.0701183","0.082336699","4","64","2885912","401215048","661261896","19632888","true","true","512000","416075","3a6ff551c6a9f9b171e8626349a99b2c04a7e2a467c8b9451321756ff901a271","-1","-1","-1","-1","-1","-1","-1","-1","-1","-1","-1"
"88","c5a09dc8933e60449a18cebeb2d1c31500043b44","1fc63e9d1dd6562c6a0beea93c565b6a3dffb21791d08f9ef916a719c54f6be3","WindowsPeakWorkingSet","798519296","none","0.74031","0.526088199","row","likelihood8","reference","16000","1","single","2","plain","435851","0.472825401","0.5","5.98E-5","0.2200623","0.2467183","4","30","2811232","358708000","664892192","19588616","true","true","512000","416075","3a6ff551c6a9f9b171e8626349a99b2c04a7e2a467c8b9451321756ff901a271","-1","-1","-1","-1","-1","-1","-1","-1","-1","-1","-1"
"89","c5a09dc8933e60449a18cebeb2d1c31500043b44","1fc63e9d1dd6562c6a0beea93c565b6a3dffb21791d08f9ef916a719c54f6be3","WindowsPeakWorkingSet","826519552","none","0.5789676","0.28341","row","likelihood8","reference","16000","2","single","2","plain","435851","0.2507845","0.5","4.56E-5","0.108877601","0.13586","4","23","2854688","344218912","671374624","19679568","true","true","512000","416075","3a6ff551c6a9f9b171e8626349a99b2c04a7e2a467c8b9451321756ff901a271","-1","-1","-1","-1","-1","-1","-1","-1","-1","-1","-1"
"90","c5a09dc8933e60449a18cebeb2d1c31500043b44","1fc63e9d1dd6562c6a0beea93c565b6a3dffb21791d08f9ef916a719c54f6be3","WindowsPeakWorkingSet","789065728","none","0.353796","0.136943499","row","graphWide","reference","1000","1","single","2","plain","435851","0.0978497","0.09375","NaN","NaN","NaN","0","25","2918968","476875320","476875320","3044680","true","true","4000","-1","b04e2f1a8bdb6cfae16f32bee38ea1e33ed54c07837a8509252065f191585c6d","-1","-1","-1","-1","-1","-1","-1","-1","-1","-1","-1"
"91","c5a09dc8933e60449a18cebeb2d1c31500043b44","1fc63e9d1dd6562c6a0beea93c565b6a3dffb21791d08f9ef916a719c54f6be3","WindowsPeakWorkingSet","806481920","none","0.340836199","0.1246338","row","graphWide","reference","1000","4","single","2","plain","435851","0.070819","0.765625","NaN","NaN","NaN","0","809","2979424","485324384","485324384","3108312","true","true","4000","-1","b04e2f1a8bdb6cfae16f32bee38ea1e33ed54c07837a8509252065f191585c6d","-1","-1","-1","-1","-1","-1","-1","-1","-1","-1","-1"
"92","c5a09dc8933e60449a18cebeb2d1c31500043b44","1fc63e9d1dd6562c6a0beea93c565b6a3dffb21791d08f9ef916a719c54f6be3","WindowsPeakWorkingSet","806346752","none","0.571667901","0.313158899","row","graphWide","reference","4000","1","single","2","plain","435851","0.2731422","0.40625","NaN","NaN","NaN","1","107","2939112","137868104","645378888","3407280","true","true","16000","-1","c75c1ee20ad5eaba02929653d8e3022822bc9137af7f612adbdb41283b0eba8c","-1","-1","-1","-1","-1","-1","-1","-1","-1","-1","-1"
"93","c5a09dc8933e60449a18cebeb2d1c31500043b44","1fc63e9d1dd6562c6a0beea93c565b6a3dffb21791d08f9ef916a719c54f6be3","WindowsPeakWorkingSet","818167808","none","0.4779554","0.253414299","row","graphWide","reference","4000","4","single","2","plain","435851","0.158952599","0.8125","NaN","NaN","NaN","1","1097","2984784","213080768","645231552","3470360","true","true","16000","-1","c75c1ee20ad5eaba02929653d8e3022822bc9137af7f612adbdb41283b0eba8c","-1","-1","-1","-1","-1","-1","-1","-1","-1","-1","-1"
"94","c5a09dc8933e60449a18cebeb2d1c31500043b44","1fc63e9d1dd6562c6a0beea93c565b6a3dffb21791d08f9ef916a719c54f6be3","WindowsPeakWorkingSet","2602934272","none","1.60137","1.3391908","row","gaussian32","reference","16000","4","serial","2","plain","435851","1.2891506","6.640625","1.467E-4","0.5706614","0.673483901","101","156","2891376","791193712","1200258576","122968816","true","true","4096000","1017136","738fd321dc789a71c98f0799f395730a7d826b983f101e4ac859080b3400014a;bdda1f980680f1d92f5b974f65205997eee642211205732d14d1e3be7a1b7b98","-1","-1","-1","-1","-1","-1","-1","-1","-1","-1","-1"
"95","c5a09dc8933e60449a18cebeb2d1c31500043b44","1fc63e9d1dd6562c6a0beea93c565b6a3dffb21791d08f9ef916a719c54f6be3","WindowsPeakWorkingSet","3274993664","none","1.3430077","1.001282501","row","gaussian32","reference","16000","4","overlap","2","plain","435851","1.1302941","9.515625","1.3599899999999998E-4","1.224738401","0.9652263","121","199","2944776","480199248","1479080648","122913792","true","true","4096000","1017136","738fd321dc789a71c98f0799f395730a7d826b983f101e4ac859080b3400014a;bdda1f980680f1d92f5b974f65205997eee642211205732d14d1e3be7a1b7b98","-1","-1","-1","-1","-1","-1","-1","-1","-1","-1","-1"
"96","c5a09dc8933e60449a18cebeb2d1c31500043b44","1fc63e9d1dd6562c6a0beea93c565b6a3dffb21791d08f9ef916a719c54f6be3","WindowsPeakWorkingSet","680968192","none","0.397497601","0.097326299","row","likelihood8","reference","4000","4","serial","2","plain","435851","0.087074999","0.40625","1.29201E-4","0.037227800000000005","0.041786599","0","25","2892432","539763344","539763344","11250536","true","true","256000","227160","a1c97633734bbb43a66c525a225905cb612f427cd2600d3cc731158cc0011283;fdff11298bbd061885204e1128d94b23619a5c81177f0b39a01f60a662940152","-1","-1","-1","-1","-1","-1","-1","-1","-1","-1","-1"
"97","c5a09dc8933e60449a18cebeb2d1c31500043b44","1fc63e9d1dd6562c6a0beea93c565b6a3dffb21791d08f9ef916a719c54f6be3","WindowsPeakWorkingSet","787410944","none","0.555092201","0.0873738","row","likelihood8","reference","4000","4","overlap","2","plain","435851","0.081528401","0.71875","1.2479899999999998E-4","0.091778901","0.057541998999999996","0","196","2953336","552407160","552407160","11311464","true","true","256000","227160","a1c97633734bbb43a66c525a225905cb612f427cd2600d3cc731158cc0011283;fdff11298bbd061885204e1128d94b23619a5c81177f0b39a01f60a662940152","-1","-1","-1","-1","-1","-1","-1","-1","-1","-1","-1"
"98","c5a09dc8933e60449a18cebeb2d1c31500043b44","1fc63e9d1dd6562c6a0beea93c565b6a3dffb21791d08f9ef916a719c54f6be3","WindowsPeakWorkingSet","801095680","none","0.4163105","0.1411676","row","gaussian32","loop","4000","4","single","2","plain","435851","0.1275722","0.59375","4.3E-5","0.042672","0.0793196","4","166","2890000","160339392","667850176","17832144","true","true","512000","138703","603bdfe20f551e62d9c5fbc68e896eb978d3c40134ec7e7cbc17b062760b5957","-1","-1","-1","-1","-1","-1","-1","-1","-1","-1","-1"
"99","c5a09dc8933e60449a18cebeb2d1c31500043b44","1fc63e9d1dd6562c6a0beea93c565b6a3dffb21791d08f9ef916a719c54f6be3","WindowsPeakWorkingSet","781819904","none","0.4622249","0.1745714","row","positive32","loop","4000","4","single","2","plain","435851","0.1649061","0.71875","4.47E-5","0.071095901","0.087905999","7","41","2875144","56882832","665056912","17818360","true","true","512000","2331863","fb50892c47662c7c9c7473b45775635e782a20ef09488c3bc7f407bd559adfe3","-1","-1","-1","-1","-1","-1","-1","-1","-1","-1","-1"
"100","c5a09dc8933e60449a18cebeb2d1c31500043b44","1fc63e9d1dd6562c6a0beea93c565b6a3dffb21791d08f9ef916a719c54f6be3","WindowsPeakWorkingSet","513269760","none","0.338055499","0.078121401","row","likelihood8","loop","4000","4","single","2","plain","435851","0.057780099","0.3125","4.5E-5","0.022951699","0.031493101","0","146","2892304","220996112","220996112","7075760","true","true","128000","113322","a1c97633734bbb43a66c525a225905cb612f427cd2600d3cc731158cc0011283","-1","-1","-1","-1","-1","-1","-1","-1","-1","-1","-1"
"101","c5a09dc8933e60449a18cebeb2d1c31500043b44","1fc63e9d1dd6562c6a0beea93c565b6a3dffb21791d08f9ef916a719c54f6be3","WindowsPeakWorkingSet","1956548608","12e2618cbb8f1fa4dd3d5114699f4df188efa0acdabdad7bfdfe5a32dc24ff83","1.002666501","0.5768526","row","gaussian32","reference","16000","4","single","2","profile","435851","0.917811799","6.25","2.04199E-4","0.391869201","0.4750672","47","2671","2892288","458856432","1113000784","64613368","true","true","2048000","508347","738fd321dc789a71c98f0799f395730a7d826b983f101e4ac859080b3400014a","415079248","468055640","1336713192","37082568","0","0","300","0","0","627","5"
"102","c5a09dc8933e60449a18cebeb2d1c31500043b44","1fc63e9d1dd6562c6a0beea93c565b6a3dffb21791d08f9ef916a719c54f6be3","WindowsPeakWorkingSet","2177556480","395e9515713c632dd620363463a6490cd81cc96465547d0d1f622d44e690f7b4","0.9098195","0.496114701","row","gaussian32","loop","16000","4","single","2","profile","435851","0.820293801","5.5625","1.956E-4","0.280262999","0.4869576","41","2313","2873728","665446352","749235272","64520112","true","true","2048000","508347","738fd321dc789a71c98f0799f395730a7d826b983f101e4ac859080b3400014a","0","1021163472","744368424","6313776","34054888","0","240","0","0","635","4"
"103","c5a09dc8933e60449a18cebeb2d1c31500043b44","1fc63e9d1dd6562c6a0beea93c565b6a3dffb21791d08f9ef916a719c54f6be3","WindowsPeakWorkingSet","2343538688","87714484547b9c1874e212fec31cf838e335d99b5d7ff20720680a06c2a96526","1.364905","0.9902884","row","positive32","reference","16000","4","single","2","profile","435851","1.3986173","8.203125","1.7E-4","0.8727788","0.4833382","67","1883","2857552","501779552","1353223264","64374736","true","true","2048000","8554007","33585d408c91095468edd312eaea1af375da1dc51c127a1cbbd4efc88ff2d8b0","4998393304","1722481512","1039551296","12160840","0","0","420","0","0","600","4"
"104","c5a09dc8933e60449a18cebeb2d1c31500043b44","1fc63e9d1dd6562c6a0beea93c565b6a3dffb21791d08f9ef916a719c54f6be3","WindowsPeakWorkingSet","1953800192","ab6d810e212b7d57d8aaa343bcbb27d25bfa8106601527710b568ed8f018931d","1.116121601","0.638489799","row","positive32","loop","16000","4","single","2","profile","435851","0.9499401","5.8125","1.863E-4","0.447815099","0.4763336","52","1409","2866568","957057832","957057832","64406840","true","true","2048000","8554007","33585d408c91095468edd312eaea1af375da1dc51c127a1cbbd4efc88ff2d8b0","0","1766508000","863741416","16249744","0","0","300","0","0","556","4"
"105","c5a09dc8933e60449a18cebeb2d1c31500043b44","1fc63e9d1dd6562c6a0beea93c565b6a3dffb21791d08f9ef916a719c54f6be3","WindowsPeakWorkingSet","896274432","20366e5d970a9cda80e96acbdaee1a34f85aaf2bc35fa746e3038653d80a2f4e","0.566938399","0.1733284","row","likelihood8","reference","16000","4","single","2","profile","435851","0.5596315","4.203125","1.247E-4","0.3203427","0.2182057","4","3025","2880856","506380952","661570200","21146384","true","true","512000","416075","3a6ff551c6a9f9b171e8626349a99b2c04a7e2a467c8b9451321756ff901a271","121582608","199149448","125425104","0","0","0","180","0","0","541","4"
"106","c5a09dc8933e60449a18cebeb2d1c31500043b44","1fc63e9d1dd6562c6a0beea93c565b6a3dffb21791d08f9ef916a719c54f6be3","WindowsPeakWorkingSet","875798528","421498f5ea589940e9cb6efdd9628682301517d0a474d1bb22e770338c513a6a","0.5016076","0.2173074","row","likelihood8","loop","16000","4","single","2","profile","435851","0.437851","3.234375","1.616E-4","0.1909459","0.2139978","8","2172","2869344","321996560","686901008","21101488","true","true","512000","416075","3a6ff551c6a9f9b171e8626349a99b2c04a7e2a467c8b9451321756ff901a271","0","79659912","84345632","0","35317040","0","122","0","0","507","8"
"107","c5a09dc8933e60449a18cebeb2d1c31500043b44","1fc63e9d1dd6562c6a0beea93c565b6a3dffb21791d08f9ef916a719c54f6be3","WindowsPeakWorkingSet","860090368","cc5a084b345af02da6a58f7f2ef255787391fd582ed6c01105389f53e1c26801","0.467699401","0.2662141","row","graphWide","reference","4000","4","single","2","profile","435851","0.4872854","4.046875","NaN","NaN","NaN","3","3411","2985656","189552576","646757040","5011400","true","true","16000","-1","c75c1ee20ad5eaba02929653d8e3022822bc9137af7f612adbdb41283b0eba8c","0","0","8340984","1185682776","0","0","167","88","0","865","0"
