model,method,seed,draws,estimate,truth,ess,seconds
0,0,98000,6000,0.5017144580291087,0.5,5937.708732606206,0.0344633
0,1,98000,6000,0.4977078593064996,0.5,4368.462758290012,0.0044253
0,2,98000,6000,0.5017144580291087,0.5,5937.708732606206,0.0118555
0,3,98000,6000,0.5017144580291087,0.5,5937.708732606206,0.0187627
0,1,98001,6000,0.4895293679340005,0.5,4358.887417585001,0.0040978
0,2,98001,6000,0.4840875294443766,0.5,5936.6748586709,0.010581
0,3,98001,6000,0.4840875294443766,0.5,5936.6748586709,0.0080667
0,0,98001,6000,0.4840875294443766,0.5,5936.6748586709,0.0265133
0,2,98002,6000,0.4903541093453615,0.5,5938.659649017089,0.008523
0,3,98002,6000,0.4903541093453615,0.5,5938.659649017089,0.0095896
0,0,98002,6000,0.4903541093453615,0.5,5938.659649017089,0.0250958
0,1,98002,6000,0.48852751029114294,0.5,4388.55268607928,0.0028547
0,3,98003,6000,0.5265642396571589,0.5,5937.001616830594,0.0087667
0,0,98003,6000,0.5265642396571589,0.5,5937.001616830594,0.0224592
0,1,98003,6000,0.5088719886937314,0.5,4453.679506166119,0.0030162
0,2,98003,6000,0.5265642396571589,0.5,5937.001616830594,0.0056713
0,0,98004,6000,0.5059546337176868,0.5,5942.86177240737,0.0166366
0,1,98004,6000,0.500113616825821,0.5,4400.387897267845,0.0032828
0,2,98004,6000,0.5059546337176868,0.5,5942.86177240737,0.0062002
0,3,98004,6000,0.5059546337176868,0.5,5942.86177240737,0.00468
0,1,98005,6000,0.4993200147359162,0.5,4407.752655465445,0.0076027
0,2,98005,6000,0.4943429184226009,0.5,5942.87721339654,0.0086244
0,3,98005,6000,0.4943429184226009,0.5,5942.87721339654,0.0043079
0,0,98005,6000,0.4943429184226009,0.5,5942.87721339654,0.0152898
0,2,98006,6000,0.5080690495947227,0.5,5931.282727731748,0.0049211
0,3,98006,6000,0.5080690495947227,0.5,5931.282727731748,0.0036767
0,0,98006,6000,0.5080690495947227,0.5,5931.282727731748,0.015083
0,1,98006,6000,0.5074781743823111,0.5,4371.908944546713,0.0017017
0,3,98007,6000,0.5056232274857129,0.5,5947.55075448817,0.0036046
0,0,98007,6000,0.5056232274857129,0.5,5947.55075448817,0.0148634
0,1,98007,6000,0.5062880476613584,0.5,4400.755396936349,0.0016804
0,2,98007,6000,0.5056232274857129,0.5,5947.55075448817,0.0045346
0,0,98008,6000,0.5079223782069463,0.5,5934.833639426725,0.0165126
0,1,98008,6000,0.5092942041613173,0.5,4421.694645112122,0.0017391
0,2,98008,6000,0.5079223782069463,0.5,5934.833639426725,0.0043395
0,3,98008,6000,0.5079223782069463,0.5,5934.833639426725,0.006371
0,1,98009,6000,0.5013985821509019,0.5,4397.936249626807,0.0017677
0,2,98009,6000,0.4973782771833381,0.5,5936.074855068387,0.0043324
0,3,98009,6000,0.4973782771833381,0.5,5936.074855068387,0.0037698
0,0,98009,6000,0.4973782771833381,0.5,5936.074855068387,0.0161824
0,2,98010,6000,0.5026248558124025,0.5,5939.1751997985475,0.0044412
0,3,98010,6000,0.5026248558124025,0.5,5939.1751997985475,0.0038087
0,0,98010,6000,0.5026248558124025,0.5,5939.1751997985475,0.0147119
0,1,98010,6000,0.5072219042358119,0.5,4388.503233681261,0.001944
0,3,98011,6000,0.506867623851006,0.5,5950.46087154919,0.0043194
0,0,98011,6000,0.506867623851006,0.5,5950.46087154919,0.0144036
0,1,98011,6000,0.5203383168965937,0.5,4404.518280599256,0.0017489
0,2,98011,6000,0.506867623851006,0.5,5950.46087154919,0.0047666
0,0,98012,6000,0.5042643146178605,0.5,5936.892282519638,0.0147771
0,1,98012,6000,0.49473603305192493,0.5,4425.030599466281,0.0022282
0,2,98012,6000,0.5042643146178605,0.5,5936.892282519638,0.0041023
0,3,98012,6000,0.5042643146178605,0.5,5936.892282519638,0.0036846
0,1,98013,6000,0.49440154968979044,0.5,4347.885474144408,0.0016465
0,2,98013,6000,0.48685498763618523,0.5,5929.650269656346,0.0041828
0,3,98013,6000,0.48685498763618523,0.5,5929.650269656346,0.0036842
0,0,98013,6000,0.48685498763618523,0.5,5929.650269656346,0.0180196
0,2,98014,6000,0.4942833006618619,0.5,5936.681097555777,0.0043752
0,3,98014,6000,0.4942833006618619,0.5,5936.681097555777,0.0045124
0,0,98014,6000,0.4942833006618619,0.5,5936.681097555777,0.0143167
0,1,98014,6000,0.4934911343730275,0.5,4382.524329070913,0.0016043
0,3,98015,6000,0.5059600537442013,0.5,5945.991584598217,0.0033653
0,0,98015,6000,0.5059600537442013,0.5,5945.991584598217,0.0140083
0,1,98015,6000,0.5008502192235726,0.5,4384.962126079536,0.0016091
0,2,98015,6000,0.5059600537442013,0.5,5945.991584598217,0.0044078
0,0,98016,6000,0.49937908456683267,0.5,5943.013131325753,0.0141185
0,1,98016,6000,0.5037924722277944,0.5,4393.043936351027,0.0016123
0,2,98016,6000,0.49937908456683267,0.5,5943.013131325753,0.0041584
0,3,98016,6000,0.49937908456683267,0.5,5943.013131325753,0.0041571
0,1,98017,6000,0.499080316002467,0.5,4367.8180913623855,0.0016207
0,2,98017,6000,0.5018321411514948,0.5,5941.428598137473,0.0041346
0,3,98017,6000,0.5018321411514948,0.5,5941.428598137473,0.0035137
0,0,98017,6000,0.5018321411514948,0.5,5941.428598137473,0.0149579
0,2,98018,6000,0.4916832541616337,0.5,5937.352619871096,0.0045913
0,3,98018,6000,0.4916832541616337,0.5,5937.352619871096,0.0039773
0,0,98018,6000,0.4916832541616337,0.5,5937.352619871096,0.0142216
0,1,98018,6000,0.49714650609424454,0.5,4396.527983284993,0.0017225
0,3,98019,6000,0.4979764828381276,0.5,5939.624876953443,0.0067774
0,0,98019,6000,0.4979764828381276,0.5,5939.624876953443,0.014953
0,1,98019,6000,0.5013064696112947,0.5,4427.412932143931,0.001757
0,2,98019,6000,0.4979764828381276,0.5,5939.624876953443,0.0040117
1,0,98000,6000,0.9974723219024307,0.9975062344139651,5463.172198357223,0.0140392
1,1,98000,6000,0.9985813559126879,0.9975062344139651,257.3624491399417,0.0017178
1,2,98000,6000,0.9974723219024307,0.9975062344139651,5463.172198357223,0.0042938
1,3,98000,6000,0.9974723219024307,0.9975062344139651,5463.172198357223,0.0040973
1,1,98001,6000,1.0006198240717863,0.9975062344139651,234.46915110824824,0.0017766
1,2,98001,6000,0.9965924100108952,0.9975062344139651,5442.1232640106455,0.0043424
1,3,98001,6000,0.9965924100108952,0.9975062344139651,5442.1232640106455,0.003627
1,0,98001,6000,0.9965924100108952,0.9975062344139651,5442.1232640106455,0.0147564
1,2,98002,6000,0.9965442846810784,0.9975062344139651,5442.70346464474,0.0043663
1,3,98002,6000,0.9965442846810784,0.9975062344139651,5442.70346464474,0.0037645
1,0,98002,6000,0.9965442846810784,0.9975062344139651,5442.70346464474,0.0138963
1,1,98002,6000,0.9961944260937868,0.9975062344139651,252.18970578578669,0.0017472
1,3,98003,6000,0.9994827516978309,0.9975062344139651,5433.361645011523,0.0035268
1,0,98003,6000,0.9994827516978309,0.9975062344139651,5433.361645011523,0.0139618
1,1,98003,6000,0.9942763949150751,0.9975062344139651,252.75120901390915,0.0016416
1,2,98003,6000,0.9994827516978309,0.9975062344139651,5433.361645011523,0.0040813
1,0,98004,6000,0.9978738135366878,0.9975062344139651,5442.0820089712215,0.0176276
1,1,98004,6000,0.9971595870372744,0.9975062344139651,260.5399062998628,0.0018001
1,2,98004,6000,0.9978738135366878,0.9975062344139651,5442.0820089712215,0.0043839
1,3,98004,6000,0.9978738135366878,0.9975062344139651,5442.0820089712215,0.0048551
1,1,98005,6000,1.0024039430657428,0.9975062344139651,270.4750245638726,0.0016904
1,2,98005,6000,0.9974838312354919,0.9975062344139651,5461.975830250753,0.0042396
1,3,98005,6000,0.9974838312354919,0.9975062344139651,5461.975830250753,0.0038397
1,0,98005,6000,0.9974838312354919,0.9975062344139651,5461.975830250753,0.014026
1,2,98006,6000,0.9983829733881646,0.9975062344139651,5437.65802348076,0.0040594
1,3,98006,6000,0.9983829733881646,0.9975062344139651,5437.65802348076,0.0037909
1,0,98006,6000,0.9983829733881646,0.9975062344139651,5437.65802348076,0.015352
1,1,98006,6000,0.9952181556677081,0.9975062344139651,277.0221487751656,0.0018116
1,3,98007,6000,0.9977999529209013,0.9975062344139651,5501.255540424417,0.00357
1,0,98007,6000,0.9977999529209013,0.9975062344139651,5501.255540424417,0.0138872
1,1,98007,6000,0.9940496412002212,0.9975062344139651,248.470409095695,0.0016785
1,2,98007,6000,0.9977999529209013,0.9975062344139651,5501.255540424417,0.004139
1,0,98008,6000,0.9981510433552055,0.9975062344139651,5419.626540336253,0.0135931
1,1,98008,6000,0.9969142212919979,0.9975062344139651,250.08854686117053,0.0016581
1,2,98008,6000,0.9981510433552055,0.9975062344139651,5419.626540336253,0.0042565
1,3,98008,6000,0.9981510433552055,0.9975062344139651,5419.626540336253,0.0034841
1,1,98009,6000,0.9945023919522862,0.9975062344139651,229.40683896352058,0.0016064
1,2,98009,6000,0.997018443598103,0.9975062344139651,5452.4312361975235,0.0042922
1,3,98009,6000,0.997018443598103,0.9975062344139651,5452.4312361975235,0.0035046
1,0,98009,6000,0.997018443598103,0.9975062344139651,5452.4312361975235,0.0173409
1,2,98010,6000,0.997333512958174,0.9975062344139651,5477.183980064104,0.004395
1,3,98010,6000,0.997333512958174,0.9975062344139651,5477.183980064104,0.0037066
1,0,98010,6000,0.997333512958174,0.9975062344139651,5477.183980064104,0.0139556
1,1,98010,6000,0.9937752574392897,0.9975062344139651,241.50612955238424,0.0016531
1,3,98011,6000,0.9981371731815623,0.9975062344139651,5465.358067440825,0.0038841
1,0,98011,6000,0.9981371731815623,0.9975062344139651,5465.358067440825,0.0134333
1,1,98011,6000,0.9987324267528253,0.9975062344139651,279.61521458823,0.0016619
1,2,98011,6000,0.9981371731815623,0.9975062344139651,5465.358067440825,0.0041207
1,0,98012,6000,0.9980594179758903,0.9975062344139651,5445.870679518285,0.0137728
1,1,98012,6000,0.9985869615379961,0.9975062344139651,250.44136621692928,0.0016289
1,2,98012,6000,0.9980594179758903,0.9975062344139651,5445.870679518285,0.0040826
1,3,98012,6000,0.9980594179758903,0.9975062344139651,5445.870679518285,0.0035349
1,1,98013,6000,0.9984081048026305,0.9975062344139651,249.62559309668208,0.0015932
1,2,98013,6000,0.9968582558102189,0.9975062344139651,5442.075258572178,0.0048196
1,3,98013,6000,0.9968582558102189,0.9975062344139651,5442.075258572178,0.0039579
1,0,98013,6000,0.9968582558102189,0.9975062344139651,5442.075258572178,0.0136718
1,2,98014,6000,0.9969826360797333,0.9975062344139651,5426.68222766352,0.0042317
1,3,98014,6000,0.9969826360797333,0.9975062344139651,5426.68222766352,0.0035063
1,0,98014,6000,0.9969826360797333,0.9975062344139651,5426.68222766352,0.0166357
1,1,98014,6000,0.99948028291593,0.9975062344139651,271.4289551689147,0.0018082
1,3,98015,6000,0.9982605041375076,0.9975062344139651,5453.537842077948,0.0035253
1,0,98015,6000,0.9982605041375076,0.9975062344139651,5453.537842077948,0.0138915
1,1,98015,6000,0.99622677006025,0.9975062344139651,240.03717727551626,0.0016802
1,2,98015,6000,0.9982605041375076,0.9975062344139651,5453.537842077948,0.0046848
1,0,98016,6000,0.9971598244621992,0.9975062344139651,5450.87677819129,0.0140128
1,1,98016,6000,0.9983171158874513,0.9975062344139651,279.58987978772853,0.0016803
1,2,98016,6000,0.9971598244621992,0.9975062344139651,5450.87677819129,0.0044574
1,3,98016,6000,0.9971598244621992,0.9975062344139651,5450.87677819129,0.004024
1,1,98017,6000,1.001262831866529,0.9975062344139651,251.23480303106814,0.0017888
1,2,98017,6000,0.9977329812931108,0.9975062344139651,5446.242338338609,0.0048872
1,3,98017,6000,0.9977329812931108,0.9975062344139651,5446.242338338609,0.0040066
1,0,98017,6000,0.9977329812931108,0.9975062344139651,5446.242338338609,0.0141484
1,2,98018,6000,0.9970084436067999,0.9975062344139651,5471.1401506962275,0.0044482
1,3,98018,6000,0.9970084436067999,0.9975062344139651,5471.1401506962275,0.0036027
1,0,98018,6000,0.9970084436067999,0.9975062344139651,5471.1401506962275,0.0138572
1,1,98018,6000,0.9985709945484037,0.9975062344139651,251.02137743465155,0.0016196
1,3,98019,6000,0.9973766398698174,0.9975062344139651,5448.28934682239,0.0034533
1,0,98019,6000,0.9973766398698174,0.9975062344139651,5448.28934682239,0.0136296
1,1,98019,6000,0.996157833131664,0.9975062344139651,253.59319629137298,0.0016175
1,2,98019,6000,0.9973766398698174,0.9975062344139651,5448.28934682239,0.0072767
2,0,98000,6000,0.4774097303270429,0.47521106785827344,5964.473671561662,0.0428114
2,1,98000,6000,0.4758938471796523,0.47521106785827344,4738.041505798293,0.0075105
2,2,98000,6000,0.4774097303270429,0.47521106785827344,5964.473671561662,0.0069633
2,3,98000,6000,0.4774097303270429,0.47521106785827344,5964.473671561662,0.0162623
2,1,98001,6000,0.4570058279894508,0.47521106785827344,4732.446241283027,0.0052037
2,2,98001,6000,0.45664974737116726,0.47521106785827344,5964.758453467364,0.0078185
2,3,98001,6000,0.45664974737116726,0.47521106785827344,5964.758453467364,0.0036297
2,0,98001,6000,0.45664974737116726,0.47521106785827344,5964.758453467364,0.037528
2,2,98002,6000,0.46462621942735755,0.47521106785827344,5964.657581204411,0.0050778
2,3,98002,6000,0.46462621942735755,0.47521106785827344,5964.657581204411,0.0039115
2,0,98002,6000,0.46462621942735755,0.47521106785827344,5964.657581204411,0.0382453
2,1,98002,6000,0.4596552840152597,0.47521106785827344,4752.641731334217,0.0022942
2,3,98003,6000,0.5044094340097433,0.47521106785827344,5965.933371961566,0.0039815
2,0,98003,6000,0.5044094340097433,0.47521106785827344,5965.933371961566,0.0346279
2,1,98003,6000,0.4863306292417017,0.47521106785827344,4800.265875937449,0.0020921
2,2,98003,6000,0.5044094340097433,0.47521106785827344,5965.933371961566,0.0046553
2,0,98004,6000,0.4821279720895363,0.47521106785827344,5968.572915380341,0.0341051
2,1,98004,6000,0.47660786841445846,0.47521106785827344,4769.276909432523,0.0020485
2,2,98004,6000,0.4821279720895363,0.47521106785827344,5968.572915380341,0.0045345
2,3,98004,6000,0.4821279720895363,0.47521106785827344,5968.572915380341,0.0035438
2,1,98005,6000,0.47333264490044974,0.47521106785827344,4766.816974244875,0.0020142
2,2,98005,6000,0.4691494897267606,0.47521106785827344,5968.155572788743,0.0044952
2,3,98005,6000,0.4691494897267606,0.47521106785827344,5968.155572788743,0.0033816
2,0,98005,6000,0.4691494897267606,0.47521106785827344,5968.155572788743,0.0435763
2,2,98006,6000,0.48285390149753565,0.47521106785827344,5961.921716548715,0.0052391
2,3,98006,6000,0.48285390149753565,0.47521106785827344,5961.921716548715,0.0040531
2,0,98006,6000,0.48285390149753565,0.47521106785827344,5961.921716548715,0.0360991
2,1,98006,6000,0.48054002562421594,0.47521106785827344,4737.261897346282,0.0021151
2,3,98007,6000,0.48264432825516873,0.47521106785827344,5969.619180012788,0.0040621
2,0,98007,6000,0.48264432825516873,0.47521106785827344,5969.619180012788,0.0346282
2,1,98007,6000,0.47998230524773366,0.47521106785827344,4760.391417649417,0.0021171
2,2,98007,6000,0.48264432825516873,0.47521106785827344,5969.619180012788,0.0049327
2,0,98008,6000,0.48380791030301673,0.47521106785827344,5963.455976384926,0.0374806
2,1,98008,6000,0.4896502233760661,0.47521106785827344,4784.743520030492,0.0021592
2,2,98008,6000,0.48380791030301673,0.47521106785827344,5963.455976384926,0.0046134
2,3,98008,6000,0.48380791030301673,0.47521106785827344,5963.455976384926,0.0038506
2,1,98009,6000,0.4764150930743374,0.47521106785827344,4764.708210643213,0.0021423
2,2,98009,6000,0.47112712191182393,0.47521106785827344,5964.580311361222,0.0045257
2,3,98009,6000,0.47112712191182393,0.47521106785827344,5964.580311361222,0.0035369
2,0,98009,6000,0.47112712191182393,0.47521106785827344,5964.580311361222,0.0346433
2,2,98010,6000,0.4780430444273615,0.47521106785827344,5965.688332359375,0.0045721
2,3,98010,6000,0.4780430444273615,0.47521106785827344,5965.688332359375,0.0040297
2,0,98010,6000,0.4780430444273615,0.47521106785827344,5965.688332359375,0.0340093
2,1,98010,6000,0.48112713906169785,0.47521106785827344,4745.286288720593,0.0021184
2,3,98011,6000,0.4844294631884964,0.47521106785827344,5970.632821419107,0.0035525
2,0,98011,6000,0.4844294631884964,0.47521106785827344,5970.632821419107,0.0382933
2,1,98011,6000,0.4940886277804479,0.47521106785827344,4755.352674474867,0.0021625
2,2,98011,6000,0.4844294631884964,0.47521106785827344,5970.632821419107,0.0046317
2,0,98012,6000,0.48045956417353197,0.47521106785827344,5964.745727801297,0.034383
2,1,98012,6000,0.4728567934146856,0.47521106785827344,4786.447474878514,0.0020933
2,2,98012,6000,0.48045956417353197,0.47521106785827344,5964.745727801297,0.0044036
2,3,98012,6000,0.48045956417353197,0.47521106785827344,5964.745727801297,0.0038098
2,1,98013,6000,0.46725250424742554,0.47521106785827344,4726.459705491045,0.002162
2,2,98013,6000,0.45851210748073995,0.47521106785827344,5961.2147005908,0.0046132
2,3,98013,6000,0.45851210748073995,0.47521106785827344,5961.2147005908,0.0033752
2,0,98013,6000,0.45851210748073995,0.47521106785827344,5961.2147005908,0.0347156
2,2,98014,6000,0.467867185719197,0.47521106785827344,5964.978465090898,0.0046804
2,3,98014,6000,0.467867185719197,0.47521106785827344,5964.978465090898,0.0068147
2,0,98014,6000,0.467867185719197,0.47521106785827344,5964.978465090898,0.0349323
2,1,98014,6000,0.4664097213943786,0.47521106785827344,4751.400077040749,0.0021434
2,3,98015,6000,0.48295439779977195,0.47521106785827344,5970.109127132467,0.0040237
2,0,98015,6000,0.48295439779977195,0.47521106785827344,5970.109127132467,0.0395081
2,1,98015,6000,0.4739500227774308,0.47521106785827344,4749.292704831824,0.0031865
2,2,98015,6000,0.48295439779977195,0.47521106785827344,5970.109127132467,0.0089026
2,0,98016,6000,0.4754197119841778,0.47521106785827344,5967.65425112974,0.0600594
2,1,98016,6000,0.4790673410836972,0.47521106785827344,4762.132809884472,0.0023242
2,2,98016,6000,0.4754197119841778,0.47521106785827344,5967.65425112974,0.0052499
2,3,98016,6000,0.4754197119841778,0.47521106785827344,5967.65425112974,0.0118943
2,1,98017,6000,0.4741222272546258,0.47521106785827344,4740.403023903734,0.0033471
2,2,98017,6000,0.47783599763142043,0.47521106785827344,5966.175668371103,0.0099138
2,3,98017,6000,0.47783599763142043,0.47521106785827344,5966.175668371103,0.007311
2,0,98017,6000,0.47783599763142043,0.47521106785827344,5966.175668371103,0.0624146
2,2,98018,6000,0.46514935964637744,0.47521106785827344,5964.371742486752,0.007134
2,3,98018,6000,0.46514935964637744,0.47521106785827344,5964.371742486752,0.0069326
2,0,98018,6000,0.46514935964637744,0.47521106785827344,5964.371742486752,0.0439783
2,1,98018,6000,0.4672278006596796,0.47521106785827344,4757.325184242956,0.002255
2,3,98019,6000,0.47249877472334084,0.47521106785827344,5967.1358000785385,0.0044277
2,0,98019,6000,0.47249877472334084,0.47521106785827344,5967.1358000785385,0.0418305
2,1,98019,6000,0.47859672948151766,0.47521106785827344,4779.312649846167,0.0021908
2,2,98019,6000,0.47249877472334084,0.47521106785827344,5967.1358000785385,0.0052077
