case,seed,query,reference,tolerance,mean,error,mcse,covered95,accurate,health,fit,pilotCalls,productionCalls,ess,seconds
gamma-original,1009,mean0,2.107869973169636,0.019674017055309332,2.109525426545137,0.0016554533755011036,0.002164215729715153,true,true,ChecksPassed,Fitted,10000,10000,6365.100238307694,0.211718
gamma-original,1009,mean1,1.844729346924452,0.019704680523149942,1.8427949174674703,-0.0019344294569816345,0.002088598617977846,true,true,ChecksPassed,Fitted,10000,10000,6365.100238307694,0.211718
gamma-original,8928,mean0,2.107869973169636,0.019674017055309332,2.10693780642311,-9.321667465260752E-4,0.0021232478897803895,true,true,ChecksPassed,Fitted,10000,10000,6884.652775952695,0.0435677
gamma-original,8928,mean1,1.844729346924452,0.019704680523149942,1.8462696989174292,0.0015403519929773068,0.0020674711167787876,true,true,ChecksPassed,Fitted,10000,10000,6884.652775952695,0.0435677
gamma-original,16847,mean0,2.107869973169636,0.019674017055309332,2.1074237677712286,-4.4620539840733997E-4,0.0020829049102228485,true,true,ChecksPassed,Fitted,10000,10000,6378.362413851932,0.0325202
gamma-original,16847,mean1,1.844729346924452,0.019704680523149942,1.8450858730493964,3.5652612494452285E-4,0.002077302818892231,true,true,ChecksPassed,Fitted,10000,10000,6378.362413851932,0.0325202
gamma-original,24766,mean0,2.107869973169636,0.019674017055309332,2.1057844634098135,-0.002085509759822468,0.0021040301783975925,true,true,ChecksPassed,Fitted,10000,10000,6599.622072201713,0.0384236
gamma-original,24766,mean1,1.844729346924452,0.019704680523149942,1.8457069757862408,9.776288617888707E-4,0.002185634902869134,true,true,ChecksPassed,Fitted,10000,10000,6599.622072201713,0.0384236
gamma-original,32685,mean0,2.107869973169636,0.019674017055309332,2.107635583617783,-2.3438955185284271E-4,0.0020803690677997687,true,true,ChecksPassed,Fitted,10000,10000,6462.511429335678,0.0347082
gamma-original,32685,mean1,1.844729346924452,0.019704680523149942,1.8452658321154147,5.364851909628321E-4,0.0022363101198440596,true,true,ChecksPassed,Fitted,10000,10000,6462.511429335678,0.0347082
gamma-original,40604,mean0,2.107869973169636,0.019674017055309332,2.1091080427972013,0.0012380696275653413,0.0021844066638420563,true,true,ChecksPassed,Fitted,10000,10000,6574.273081239809,0.0282942
gamma-original,40604,mean1,1.844729346924452,0.019704680523149942,1.8442047492922136,-5.245976322383328E-4,0.002075321115564358,true,true,ChecksPassed,Fitted,10000,10000,6574.273081239809,0.0282942
gamma-original,48523,mean0,2.107869973169636,0.019674017055309332,2.1115261217242796,0.003656148554643579,0.002080340948225856,true,true,ChecksPassed,Fitted,10000,10000,5833.837194808223,0.0267307
gamma-original,48523,mean1,1.844729346924452,0.019704680523149942,1.8409801273007511,-0.0037492196237007835,0.00206810974836278,true,true,ChecksPassed,Fitted,10000,10000,5833.837194808223,0.0267307
gamma-original,56442,mean0,2.107869973169636,0.019674017055309332,2.1085363681472513,6.663949776153366E-4,0.0021150121159615246,true,true,ChecksPassed,Fitted,10000,10000,6012.959576440561,0.0307989
gamma-original,56442,mean1,1.844729346924452,0.019704680523149942,1.8445509424825988,-1.7840444185313054E-4,0.00204605074488537,true,true,ChecksPassed,Fitted,10000,10000,6012.959576440561,0.0307989
gamma-original,64361,mean0,2.107869973169636,0.019674017055309332,2.107728985004674,-1.4098816496188604E-4,0.0020938728204712783,true,true,ChecksPassed,Fitted,10000,10000,5547.372687128318,0.0266082
gamma-original,64361,mean1,1.844729346924452,0.019704680523149942,1.8442221942196428,-5.071527048090552E-4,0.0021175370849723925,true,true,ChecksPassed,Fitted,10000,10000,5547.372687128318,0.0266082
gamma-original,72280,mean0,2.107869973169636,0.019674017055309332,2.1101834585533767,0.0023134853837407654,0.002050884663979384,true,true,ChecksPassed,Fitted,10000,10000,6746.502995990271,0.0310536
gamma-original,72280,mean1,1.844729346924452,0.019704680523149942,1.8420691016648212,-0.0026602452596307113,0.002031157473106203,true,true,ChecksPassed,Fitted,10000,10000,6746.502995990271,0.0310536
gamma-original,80199,mean0,2.107869973169636,0.019674017055309332,2.1059181897468844,-0.0019517834227515962,0.0021030267813179028,true,true,ChecksPassed,Fitted,10000,10000,6377.308400057508,0.0303003
gamma-original,80199,mean1,1.844729346924452,0.019704680523149942,1.8447081132453895,-2.123367906237128E-5,0.0020791948366793616,true,true,ChecksPassed,Fitted,10000,10000,6377.308400057508,0.0303003
gamma-original,88118,mean0,2.107869973169636,0.019674017055309332,2.1098287448979556,0.001958771728319597,0.002104711660698971,true,true,ChecksPassed,Fitted,10000,10000,6011.736167356041,0.0275258
gamma-original,88118,mean1,1.844729346924452,0.019704680523149942,1.8439036213617774,-8.25725562674462E-4,0.002087219881720723,true,true,ChecksPassed,Fitted,10000,10000,6011.736167356041,0.0275258
gamma-original,96037,mean0,2.107869973169636,0.019674017055309332,2.106443292308332,-0.0014266808613041526,0.002075518218433875,true,true,ChecksPassed,Fitted,10000,10000,6504.539738109233,0.0324303
gamma-original,96037,mean1,1.844729346924452,0.019704680523149942,1.8456700543554685,9.407074310165964E-4,0.0020369955077022307,true,true,ChecksPassed,Fitted,10000,10000,6504.539738109233,0.0324303
gamma-original,103956,mean0,2.107869973169636,0.019674017055309332,2.108385106835654,5.151336660178529E-4,0.0020716430612661655,true,true,ChecksPassed,Fitted,10000,10000,5666.38885303382,0.0345784
gamma-original,103956,mean1,1.844729346924452,0.019704680523149942,1.8426764154786899,-0.0020529314457620185,0.0020974193325721214,true,true,ChecksPassed,Fitted,10000,10000,5666.38885303382,0.0345784
gamma-original,111875,mean0,2.107869973169636,0.019674017055309332,2.1060016655740905,-0.0018683075955454598,0.0021424202336614248,true,true,ChecksPassed,Fitted,10000,10000,5574.546088064665,0.0353004
gamma-original,111875,mean1,1.844729346924452,0.019704680523149942,1.8474214471940782,0.0026921002696262963,0.002095719697503499,true,true,ChecksPassed,Fitted,10000,10000,5574.546088064665,0.0353004
gamma-original,119794,mean0,2.107869973169636,0.019674017055309332,2.1080035199340945,1.3354676445853642E-4,0.0021075782186310544,true,true,ChecksPassed,Fitted,10000,10000,6284.999271225953,0.0221174
gamma-original,119794,mean1,1.844729346924452,0.019704680523149942,1.8460692029098786,0.0013398559854267411,0.002062865652426685,true,true,ChecksPassed,Fitted,10000,10000,6284.999271225953,0.0221174
gamma-original,127713,mean0,2.107869973169636,0.019674017055309332,2.112848973151081,0.004978999981445131,0.0022560973413161284,false,true,Danger,Fitted,10000,10000,6519.874583887145,0.0253457
gamma-original,127713,mean1,1.844729346924452,0.019704680523149942,1.8394729913343304,-0.0052563555901214976,0.0026225756216553143,false,true,Danger,Fitted,10000,10000,6519.874583887145,0.0253457
gamma-original,135632,mean0,2.107869973169636,0.019674017055309332,2.106436749988687,-0.0014332231809488505,0.0020543697536264506,true,true,ChecksPassed,Fitted,10000,10000,6828.15546862634,0.0202822
gamma-original,135632,mean1,1.844729346924452,0.019704680523149942,1.84482213811014,9.2791185688057E-5,0.0021977187878495876,true,true,ChecksPassed,Fitted,10000,10000,6828.15546862634,0.0202822
gamma-original,143551,mean0,2.107869973169636,0.019674017055309332,2.108762746850795,8.927736811590314E-4,0.002148484209189505,true,true,ChecksPassed,Fitted,10000,10000,5931.192551235534,0.0196715
gamma-original,143551,mean1,1.844729346924452,0.019704680523149942,1.8431134661634831,-0.0016158807609687464,0.0020790232776064584,true,true,ChecksPassed,Fitted,10000,10000,5931.192551235534,0.0196715
gamma-original,151470,mean0,2.107869973169636,0.019674017055309332,2.1082782278272263,4.082546575903123E-4,0.0020698809136654884,true,true,ChecksPassed,Fitted,10000,10000,6217.395348045756,0.0198956
gamma-original,151470,mean1,1.844729346924452,0.019704680523149942,1.8434380312112206,-0.001291315713231267,0.0020667996990418186,true,true,ChecksPassed,Fitted,10000,10000,6217.395348045756,0.0198956
gamma-original,159389,mean0,2.107869973169636,0.019674017055309332,2.107861535714278,-8.437455357945822E-6,0.0020697052479246416,true,true,ChecksPassed,Fitted,10000,10000,6960.766635543171,0.0160809
gamma-original,159389,mean1,1.844729346924452,0.019704680523149942,1.8442856841612412,-4.4366276321072817E-4,0.0021825855044210972,true,true,ChecksPassed,Fitted,10000,10000,6960.766635543171,0.0160809
gamma-original,167308,mean0,2.107869973169636,0.019674017055309332,2.1112101869694895,0.0033402137998534975,0.002145970634566221,true,true,ChecksPassed,Fitted,10000,10000,5707.631808863153,0.0165739
gamma-original,167308,mean1,1.844729346924452,0.019704680523149942,1.8425795279757258,-0.0021498189487261232,0.002128963305947631,true,true,ChecksPassed,Fitted,10000,10000,5707.631808863153,0.0165739
gamma-original,175227,mean0,2.107869973169636,0.019674017055309332,2.107326783116108,-5.431900535279865E-4,0.002081347173400629,true,true,ChecksPassed,Fitted,10000,10000,6567.068211029425,0.0159302
gamma-original,175227,mean1,1.844729346924452,0.019704680523149942,1.8454545240620237,7.251771375718086E-4,0.0021558379136539753,true,true,ChecksPassed,Fitted,10000,10000,6567.068211029425,0.0159302
gamma-original,183146,mean0,2.107869973169636,0.019674017055309332,2.1075891408208696,-2.808323487664133E-4,0.0021185712679792647,true,true,ChecksPassed,Fitted,10000,10000,6439.020515026147,0.016941
gamma-original,183146,mean1,1.844729346924452,0.019704680523149942,1.8446897350486269,-3.961187582501857E-5,0.0021329077824317373,true,true,ChecksPassed,Fitted,10000,10000,6439.020515026147,0.016941
gamma-original,191065,mean0,2.107869973169636,0.019674017055309332,2.111270485663035,0.0034005124933988995,0.00211529431779579,true,true,ChecksPassed,Fitted,10000,10000,6003.096615925819,0.0176048
gamma-original,191065,mean1,1.844729346924452,0.019704680523149942,1.842328126007525,-0.0024012209169268495,0.0020655675974235828,true,true,ChecksPassed,Fitted,10000,10000,6003.096615925819,0.0176048
gamma-original,198984,mean0,2.107869973169636,0.019674017055309332,2.1068653819105165,-0.0010045912591194472,0.002146972328607325,true,true,ChecksPassed,Fitted,10000,10000,7157.074914871919,0.0163631
gamma-original,198984,mean1,1.844729346924452,0.019704680523149942,1.8472518456129983,0.0025224986885463707,0.0022974254415735126,true,true,ChecksPassed,Fitted,10000,10000,7157.074914871919,0.0163631
gamma-original,206903,mean0,2.107869973169636,0.019674017055309332,2.111869409533558,0.003999436363922193,0.0020433396829409095,true,true,ChecksPassed,Fitted,10000,10000,6231.492119138432,0.0171602
gamma-original,206903,mean1,1.844729346924452,0.019704680523149942,1.8418524562253253,-0.0028768906991265553,0.0020970632233183258,true,true,ChecksPassed,Fitted,10000,10000,6231.492119138432,0.0171602
gamma-original,214822,mean0,2.107869973169636,0.019674017055309332,2.1076938358610517,-1.7613730858423438E-4,0.0020481298494088,true,true,ChecksPassed,Fitted,10000,10000,6556.281973822533,0.016671
gamma-original,214822,mean1,1.844729346924452,0.019704680523149942,1.8451275580935709,3.9821116911897825E-4,0.0021021414899262065,true,true,ChecksPassed,Fitted,10000,10000,6556.281973822533,0.016671
gamma-original,222741,mean0,2.107869973169636,0.019674017055309332,2.104735614988513,-0.0031343581811231758,0.0020708660010370695,true,true,ChecksPassed,Fitted,10000,10000,5971.178327975117,0.0158465
gamma-original,222741,mean1,1.844729346924452,0.019704680523149942,1.8470916649385738,0.0023623180141219002,0.0021674815743747055,true,true,ChecksPassed,Fitted,10000,10000,5971.178327975117,0.0158465
gamma-original,230660,mean0,2.107869973169636,0.019674017055309332,2.110473751800224,0.0026037786305881383,0.002091841946769244,true,true,ChecksPassed,Fitted,10000,10000,5831.986012803725,0.0142974
gamma-original,230660,mean1,1.844729346924452,0.019704680523149942,1.8414299024159921,-0.003299444508459759,0.002089721735453867,true,true,ChecksPassed,Fitted,10000,10000,5831.986012803725,0.0142974
dirichlet-original,1009,mean0,0.841016150722901,0.00608399843880491,0.8413699723592938,3.538216363927482E-4,6.48431994256621E-4,true,true,ChecksPassed,Fitted,10000,10000,6012.21464701553,0.0317238
dirichlet-original,1009,mean1,1.910950755236635,0.01434315061608727,1.910264082750518,-6.866724861169793E-4,0.0015327585899933699,true,true,ChecksPassed,Fitted,10000,10000,6012.21464701553,0.0317238
dirichlet-original,1009,mean2,2.640339278723853,0.02005600807508122,2.6400303587525666,-3.089199712862367E-4,0.0021760552660777706,true,true,ChecksPassed,Fitted,10000,10000,6012.21464701553,0.0317238
dirichlet-original,8928,mean0,0.841016150722901,0.00608399843880491,0.8413204497835918,3.042990606907381E-4,6.666790467089489E-4,true,true,ChecksPassed,Fitted,10000,10000,5717.741166204155,0.0301664
dirichlet-original,8928,mean1,1.910950755236635,0.01434315061608727,1.9105716493634233,-3.7910587321166034E-4,0.0016082441904089742,true,true,ChecksPassed,Fitted,10000,10000,5717.741166204155,0.0301664
dirichlet-original,8928,mean2,2.640339278723853,0.02005600807508122,2.643207276300608,0.0028679975767551547,0.0022265831579788686,true,true,ChecksPassed,Fitted,10000,10000,5717.741166204155,0.0301664
dirichlet-original,16847,mean0,0.841016150722901,0.00608399843880491,0.8401540366147016,-8.621141081994743E-4,6.702532877641845E-4,true,true,ChecksPassed,Fitted,10000,10000,5893.741819525311,0.0274106
dirichlet-original,16847,mean1,1.910950755236635,0.01434315061608727,1.9088758332620315,-0.002074921974603461,0.0016070829496572679,true,true,ChecksPassed,Fitted,10000,10000,5893.741819525311,0.0274106
dirichlet-original,16847,mean2,2.640339278723853,0.02005600807508122,2.641246081118613,9.068023947600423E-4,0.0022172780964872887,true,true,ChecksPassed,Fitted,10000,10000,5893.741819525311,0.0274106
dirichlet-original,24766,mean0,0.841016150722901,0.00608399843880491,0.8405255258194533,-4.906249034477561E-4,6.492938793311652E-4,true,true,ChecksPassed,Fitted,10000,10000,5858.013934958415,0.0254228
dirichlet-original,24766,mean1,1.910950755236635,0.01434315061608727,1.9077093840898927,-0.003241371146742278,0.0015711076296096413,false,true,ChecksPassed,Fitted,10000,10000,5858.013934958415,0.0254228
dirichlet-original,24766,mean2,2.640339278723853,0.02005600807508122,2.637818838546638,-0.0025204401772147556,0.0021594613456135097,true,true,ChecksPassed,Fitted,10000,10000,5858.013934958415,0.0254228
dirichlet-original,32685,mean0,0.841016150722901,0.00608399843880491,0.8405203111736206,-4.958395492804524E-4,6.586102985004169E-4,true,true,ChecksPassed,Fitted,10000,10000,5655.448167360402,0.0247361
dirichlet-original,32685,mean1,1.910950755236635,0.01434315061608727,1.9094840238820958,-0.0014667313545391192,0.0015570965154978807,true,true,ChecksPassed,Fitted,10000,10000,5655.448167360402,0.0247361
dirichlet-original,32685,mean2,2.640339278723853,0.02005600807508122,2.6394007751459965,-9.385035778564088E-4,0.0021592967529843843,true,true,ChecksPassed,Fitted,10000,10000,5655.448167360402,0.0247361
dirichlet-original,40604,mean0,0.841016150722901,0.00608399843880491,0.8426234297287567,0.0016072790058556663,6.463245855729021E-4,false,true,ChecksPassed,Fitted,10000,10000,6115.3572476518475,0.0256269
dirichlet-original,40604,mean1,1.910950755236635,0.01434315061608727,1.913130305316847,0.0021795500802119783,0.0015268482267710016,true,true,ChecksPassed,Fitted,10000,10000,6115.3572476518475,0.0256269
dirichlet-original,40604,mean2,2.640339278723853,0.02005600807508122,2.643963279042303,0.0036240003184500047,0.002146374788515709,true,true,ChecksPassed,Fitted,10000,10000,6115.3572476518475,0.0256269
dirichlet-original,48523,mean0,0.841016150722901,0.00608399843880491,0.8410502199109082,3.406918800719083E-5,6.817076073936218E-4,true,true,ChecksPassed,Fitted,10000,10000,5028.4826278705605,0.0267339
dirichlet-original,48523,mean1,1.910950755236635,0.01434315061608727,1.9094415411141763,-0.0015092141224586353,0.0016141902359294606,true,true,ChecksPassed,Fitted,10000,10000,5028.4826278705605,0.0267339
dirichlet-original,48523,mean2,2.640339278723853,0.02005600807508122,2.638745994185708,-0.001593284538144779,0.0022598815392888133,true,true,ChecksPassed,Fitted,10000,10000,5028.4826278705605,0.0267339
dirichlet-original,56442,mean0,0.841016150722901,0.00608399843880491,0.841030355638348,1.4204915447013633E-5,6.681782142712043E-4,true,true,ChecksPassed,Fitted,10000,10000,6105.416237459449,0.0266059
dirichlet-original,56442,mean1,1.910950755236635,0.01434315061608727,1.9122998817895724,0.0013491265529375074,0.0014972056883541614,true,true,ChecksPassed,Fitted,10000,10000,6105.416237459449,0.0266059
dirichlet-original,56442,mean2,2.640339278723853,0.02005600807508122,2.644408456159637,0.004069177435784166,0.0021095991736304423,true,true,ChecksPassed,Fitted,10000,10000,6105.416237459449,0.0266059
dirichlet-original,64361,mean0,0.841016150722901,0.00608399843880491,0.8411591707745198,1.4302005161881404E-4,6.424298898369746E-4,true,true,ChecksPassed,Fitted,10000,10000,6279.569804250341,0.0265711
dirichlet-original,64361,mean1,1.910950755236635,0.01434315061608727,1.9142669676088528,0.003316212372217908,0.0014721983184970914,false,true,ChecksPassed,Fitted,10000,10000,6279.569804250341,0.0265711
dirichlet-original,64361,mean2,2.640339278723853,0.02005600807508122,2.641477124122458,0.001137845398605286,0.002083205253713887,true,true,ChecksPassed,Fitted,10000,10000,6279.569804250341,0.0265711
dirichlet-original,72280,mean0,0.841016150722901,0.00608399843880491,0.8408757287879526,-1.4042193494845367E-4,6.468073410867532E-4,true,true,ChecksPassed,Fitted,10000,10000,6038.69763341435,0.0254274
dirichlet-original,72280,mean1,1.910950755236635,0.01434315061608727,1.9128557613129402,0.0019050060763052823,0.001533976862960238,true,true,ChecksPassed,Fitted,10000,10000,6038.69763341435,0.0254274
dirichlet-original,72280,mean2,2.640339278723853,0.02005600807508122,2.641844491452779,0.0015052127289263417,0.002131836419145708,true,true,ChecksPassed,Fitted,10000,10000,6038.69763341435,0.0254274
dirichlet-original,80199,mean0,0.841016150722901,0.00608399843880491,0.8408441245522484,-1.7202617065259496E-4,6.691247581057617E-4,true,true,ChecksPassed,Fitted,10000,10000,6052.057407096889,0.0261566
dirichlet-original,80199,mean1,1.910950755236635,0.01434315061608727,1.9101464196859435,-8.043355506914818E-4,0.00156924266244084,true,true,ChecksPassed,Fitted,10000,10000,6052.057407096889,0.0261566
dirichlet-original,80199,mean2,2.640339278723853,0.02005600807508122,2.637217955877493,-0.0031213228463600196,0.0021548123573693007,true,true,ChecksPassed,Fitted,10000,10000,6052.057407096889,0.0261566
dirichlet-original,88118,mean0,0.841016150722901,0.00608399843880491,0.8407019355528099,-3.1421517009111444E-4,6.579158036174329E-4,true,true,ChecksPassed,Fitted,10000,10000,5675.608044987724,0.0258412
dirichlet-original,88118,mean1,1.910950755236635,0.01434315061608727,1.9112906103914675,3.398551548325912E-4,0.001535988470567269,true,true,ChecksPassed,Fitted,10000,10000,5675.608044987724,0.0258412
dirichlet-original,88118,mean2,2.640339278723853,0.02005600807508122,2.640214377184296,-1.2490153955679872E-4,0.0021483472995083045,true,true,ChecksPassed,Fitted,10000,10000,5675.608044987724,0.0258412
dirichlet-original,96037,mean0,0.841016150722901,0.00608399843880491,0.8393579563284963,-0.0016581943944047328,6.819603048752122E-4,false,true,ChecksPassed,Fitted,10000,10000,5080.237830275296,0.0249772
dirichlet-original,96037,mean1,1.910950755236635,0.01434315061608727,1.9101752499066402,-7.755053299947079E-4,0.0016280625645219756,true,true,ChecksPassed,Fitted,10000,10000,5080.237830275296,0.0249772
dirichlet-original,96037,mean2,2.640339278723853,0.02005600807508122,2.638352512516351,-0.0019867662075019332,0.002219836242618714,true,true,ChecksPassed,Fitted,10000,10000,5080.237830275296,0.0249772
dirichlet-original,103956,mean0,0.841016150722901,0.00608399843880491,0.840973536379884,-4.261434301700007E-5,6.870042495679037E-4,true,true,ChecksPassed,Fitted,10000,10000,5333.457192946378,0.0248719
dirichlet-original,103956,mean1,1.910950755236635,0.01434315061608727,1.9107827067429752,-1.6804849365970043E-4,0.0016065559125793363,true,true,ChecksPassed,Fitted,10000,10000,5333.457192946378,0.0248719
dirichlet-original,103956,mean2,2.640339278723853,0.02005600807508122,2.64319690591813,0.002857627194277068,0.0022121923082460532,true,true,ChecksPassed,Fitted,10000,10000,5333.457192946378,0.0248719
dirichlet-original,111875,mean0,0.841016150722901,0.00608399843880491,0.8412507131167348,2.3456239383379263E-4,6.660166248145581E-4,true,true,ChecksPassed,Fitted,10000,10000,5470.856683514446,0.0254251
dirichlet-original,111875,mean1,1.910950755236635,0.01434315061608727,1.9118911127588951,9.403575222601823E-4,0.0015493274617530309,true,true,ChecksPassed,Fitted,10000,10000,5470.856683514446,0.0254251
dirichlet-original,111875,mean2,2.640339278723853,0.02005600807508122,2.640347428336821,8.149612968022524E-6,0.0021380312403295257,true,true,ChecksPassed,Fitted,10000,10000,5470.856683514446,0.0254251
dirichlet-original,119794,mean0,0.841016150722901,0.00608399843880491,0.8411708844706449,1.5473374774388482E-4,6.540094905680574E-4,true,true,ChecksPassed,Fitted,10000,10000,5790.281843480674,0.0262004
dirichlet-original,119794,mean1,1.910950755236635,0.01434315061608727,1.9101706334184163,-7.801218182186265E-4,0.001550284248266352,true,true,ChecksPassed,Fitted,10000,10000,5790.281843480674,0.0262004
dirichlet-original,119794,mean2,2.640339278723853,0.02005600807508122,2.640031832427064,-3.0744629678869373E-4,0.002158392385888444,true,true,ChecksPassed,Fitted,10000,10000,5790.281843480674,0.0262004
dirichlet-original,127713,mean0,0.841016150722901,0.00608399843880491,0.8407303784776762,-2.857722452248579E-4,6.825616061641567E-4,true,true,ChecksPassed,Fitted,10000,10000,5120.366296712287,0.0254465
dirichlet-original,127713,mean1,1.910950755236635,0.01434315061608727,1.9098438711036174,-0.001106884133017516,0.0016138613553339258,true,true,ChecksPassed,Fitted,10000,10000,5120.366296712287,0.0254465
dirichlet-original,127713,mean2,2.640339278723853,0.02005600807508122,2.641293839213402,9.545604895491167E-4,0.0021896517352836763,true,true,ChecksPassed,Fitted,10000,10000,5120.366296712287,0.0254465
dirichlet-original,135632,mean0,0.841016150722901,0.00608399843880491,0.8403129818031114,-7.031689197896096E-4,6.357586072673785E-4,true,true,ChecksPassed,Fitted,10000,10000,6175.81406420047,0.0252579
dirichlet-original,135632,mean1,1.910950755236635,0.01434315061608727,1.909754657260521,-0.0011960979761138635,0.0015246318986834935,true,true,ChecksPassed,Fitted,10000,10000,6175.81406420047,0.0252579
dirichlet-original,135632,mean2,2.640339278723853,0.02005600807508122,2.638309586979672,-0.0020296917441808837,0.0021821948850902903,true,true,ChecksPassed,Fitted,10000,10000,6175.81406420047,0.0252579
dirichlet-original,143551,mean0,0.841016150722901,0.00608399843880491,0.8398665964869722,-0.0011495542359288846,6.504643209340902E-4,true,true,ChecksPassed,Fitted,10000,10000,6110.408436298497,0.0253963
dirichlet-original,143551,mean1,1.910950755236635,0.01434315061608727,1.908847946319374,-0.002102808917261001,0.001519175724916135,true,true,ChecksPassed,Fitted,10000,10000,6110.408436298497,0.0253963
dirichlet-original,143551,mean2,2.640339278723853,0.02005600807508122,2.6369470810935423,-0.0033921976303106227,0.0020976750266826624,true,true,ChecksPassed,Fitted,10000,10000,6110.408436298497,0.0253963
dirichlet-original,151470,mean0,0.841016150722901,0.00608399843880491,0.841045657516744,2.9506793842948298E-5,6.246223022442692E-4,true,true,ChecksPassed,Fitted,10000,10000,6492.135092172043,0.0248698
dirichlet-original,151470,mean1,1.910950755236635,0.01434315061608727,1.9130186840602619,0.002067928823626941,0.0015115106834386722,true,true,ChecksPassed,Fitted,10000,10000,6492.135092172043,0.0248698
dirichlet-original,151470,mean2,2.640339278723853,0.02005600807508122,2.641883621990778,0.0015443432669250967,0.0020893805718812538,true,true,ChecksPassed,Fitted,10000,10000,6492.135092172043,0.0248698
dirichlet-original,159389,mean0,0.841016150722901,0.00608399843880491,0.8415691787358236,5.530280129225629E-4,6.812681156496714E-4,true,true,ChecksPassed,Fitted,10000,10000,6064.72394094295,0.0247754
dirichlet-original,159389,mean1,1.910950755236635,0.01434315061608727,1.911383174353465,4.3241911683011836E-4,0.0014748995324869562,true,true,ChecksPassed,Fitted,10000,10000,6064.72394094295,0.0247754
dirichlet-original,159389,mean2,2.640339278723853,0.02005600807508122,2.6411577797091335,8.185009852805791E-4,0.0021131955957739597,true,true,ChecksPassed,Fitted,10000,10000,6064.72394094295,0.0247754
dirichlet-original,167308,mean0,0.841016150722901,0.00608399843880491,0.8407876370152667,-2.2851370763432577E-4,6.498391802709072E-4,true,true,ChecksPassed,Fitted,10000,10000,5847.831317501885,0.0250426
dirichlet-original,167308,mean1,1.910950755236635,0.01434315061608727,1.9125366897012155,0.0015859344645805518,0.0015194769855996462,true,true,ChecksPassed,Fitted,10000,10000,5847.831317501885,0.0250426
dirichlet-original,167308,mean2,2.640339278723853,0.02005600807508122,2.645194641576545,0.004855362852691947,0.0021863122545660325,false,true,ChecksPassed,Fitted,10000,10000,5847.831317501885,0.0250426
dirichlet-original,175227,mean0,0.841016150722901,0.00608399843880491,0.8406728015705369,-3.433491523641141E-4,6.715031619189988E-4,true,true,ChecksPassed,Fitted,10000,10000,5683.836576638934,0.0251685
dirichlet-original,175227,mean1,1.910950755236635,0.01434315061608727,1.908764389847772,-0.0021863653888629653,0.0015923420325060218,true,true,ChecksPassed,Fitted,10000,10000,5683.836576638934,0.0251685
dirichlet-original,175227,mean2,2.640339278723853,0.02005600807508122,2.6380727355683993,-0.002266543155453604,0.002215498000666293,true,true,ChecksPassed,Fitted,10000,10000,5683.836576638934,0.0251685
dirichlet-original,183146,mean0,0.841016150722901,0.00608399843880491,0.8411738453946338,1.5769467173276652E-4,6.836627675234738E-4,true,true,ChecksPassed,Fitted,10000,10000,5481.045951984717,0.0263309
dirichlet-original,183146,mean1,1.910950755236635,0.01434315061608727,1.9112808469218228,3.300916851878277E-4,0.0015731816688016999,true,true,ChecksPassed,Fitted,10000,10000,5481.045951984717,0.0263309
dirichlet-original,183146,mean2,2.640339278723853,0.02005600807508122,2.639870159496361,-4.6911922749171E-4,0.0021919319493569037,true,true,ChecksPassed,Fitted,10000,10000,5481.045951984717,0.0263309
dirichlet-original,191065,mean0,0.841016150722901,0.00608399843880491,0.8417890090499052,7.728583270041334E-4,6.547238476565105E-4,true,true,ChecksPassed,Fitted,10000,10000,5715.501029124168,0.0262621
dirichlet-original,191065,mean1,1.910950755236635,0.01434315061608727,1.9114207227424234,4.699675057884267E-4,0.0015666076293945974,true,true,ChecksPassed,Fitted,10000,10000,5715.501029124168,0.0262621
dirichlet-original,191065,mean2,2.640339278723853,0.02005600807508122,2.6431364098092396,0.002797131085386706,0.002199248952505514,true,true,ChecksPassed,Fitted,10000,10000,5715.501029124168,0.0262621
dirichlet-original,198984,mean0,0.841016150722901,0.00608399843880491,0.8416200624647148,6.039117418137341E-4,6.610588858752377E-4,true,true,ChecksPassed,Fitted,10000,10000,5743.096065131661,0.0247228
dirichlet-original,198984,mean1,1.910950755236635,0.01434315061608727,1.9109285006506636,-2.2254585971381857E-5,0.001544204213724591,true,true,ChecksPassed,Fitted,10000,10000,5743.096065131661,0.0247228
dirichlet-original,198984,mean2,2.640339278723853,0.02005600807508122,2.641650819098428,0.0013115403745751486,0.0021920087016257966,true,true,ChecksPassed,Fitted,10000,10000,5743.096065131661,0.0247228
dirichlet-original,206903,mean0,0.841016150722901,0.00608399843880491,0.8415855238489941,5.693731260930646E-4,6.5837520932311E-4,true,true,ChecksPassed,Fitted,10000,10000,5502.068999964826,0.02466
dirichlet-original,206903,mean1,1.910950755236635,0.01434315061608727,1.91554513543372,0.004594380197085135,0.0015970301785887598,false,true,ChecksPassed,Fitted,10000,10000,5502.068999964826,0.02466
dirichlet-original,206903,mean2,2.640339278723853,0.02005600807508122,2.646582312562893,0.006243033839040013,0.0022343785277099985,false,true,ChecksPassed,Fitted,10000,10000,5502.068999964826,0.02466
dirichlet-original,214822,mean0,0.841016150722901,0.00608399843880491,0.8403933173724129,-6.228333504881833E-4,6.535039627569665E-4,true,true,ChecksPassed,Fitted,10000,10000,5755.872497250663,0.0244892
dirichlet-original,214822,mean1,1.910950755236635,0.01434315061608727,1.9087016279525029,-0.0022491272841320686,0.0015463504138747434,true,true,ChecksPassed,Fitted,10000,10000,5755.872497250663,0.0244892
dirichlet-original,214822,mean2,2.640339278723853,0.02005600807508122,2.640236847729677,-1.0243099417595047E-4,0.002123054674689869,true,true,ChecksPassed,Fitted,10000,10000,5755.872497250663,0.0244892
dirichlet-original,222741,mean0,0.841016150722901,0.00608399843880491,0.8397944784778433,-0.0012216722450577588,6.443038236594278E-4,true,true,ChecksPassed,Fitted,10000,10000,5988.415860639885,0.0246452
dirichlet-original,222741,mean1,1.910950755236635,0.01434315061608727,1.9103210351038018,-6.297201328331337E-4,0.0015029552693901654,true,true,ChecksPassed,Fitted,10000,10000,5988.415860639885,0.0246452
dirichlet-original,222741,mean2,2.640339278723853,0.02005600807508122,2.638399481368482,-0.0019397973553707537,0.0021036619554926734,true,true,ChecksPassed,Fitted,10000,10000,5988.415860639885,0.0246452
dirichlet-original,230660,mean0,0.841016150722901,0.00608399843880491,0.8408233719289294,-1.9277879397161524E-4,6.770237860430593E-4,true,true,ChecksPassed,Fitted,10000,10000,5261.7227148850025,0.0252629
dirichlet-original,230660,mean1,1.910950755236635,0.01434315061608727,1.912680858594513,0.0017301033578780434,0.0015722492930956187,true,true,ChecksPassed,Fitted,10000,10000,5261.7227148850025,0.0252629
dirichlet-original,230660,mean2,2.640339278723853,0.02005600807508122,2.641831394297168,0.0014921155733151892,0.002233874074412554,true,true,ChecksPassed,Fitted,10000,10000,5261.7227148850025,0.0252629
gamma-heldout,1009,mean0,2.1344473479226362,0.019937384381701874,2.1362447844093264,0.0017974364866901738,0.0021296695214042213,true,true,ChecksPassed,Fitted,10000,10000,5630.59889051083,0.0143481
gamma-heldout,1009,mean1,1.8545503427937535,0.019794033663822933,1.8530450619463803,-0.0015052808473732249,0.002104400721206065,true,true,ChecksPassed,Fitted,10000,10000,5630.59889051083,0.0143481
gamma-heldout,8928,mean0,2.1344473479226362,0.019937384381701874,2.133317009452911,-0.0011303384697254337,0.0020945361427130893,true,true,ChecksPassed,Fitted,10000,10000,6630.689941170764,0.0144285
gamma-heldout,8928,mean1,1.8545503427937535,0.019794033663822933,1.8564237678214448,0.0018734250276912778,0.0021442550671578503,true,true,ChecksPassed,Fitted,10000,10000,6630.689941170764,0.0144285
gamma-heldout,16847,mean0,2.1344473479226362,0.019937384381701874,2.1339250929944287,-5.222549282075661E-4,0.002100136959152304,true,true,ChecksPassed,Fitted,10000,10000,6052.815082396295,0.0148931
gamma-heldout,16847,mean1,1.8545503427937535,0.019794033663822933,1.8551642509679156,6.1390817416207E-4,0.0020470885984839524,true,true,ChecksPassed,Fitted,10000,10000,6052.815082396295,0.0148931
gamma-heldout,24766,mean0,2.1344473479226362,0.019937384381701874,2.1319603541108814,-0.0024869938117548784,0.0021647583178153675,true,true,ChecksPassed,Fitted,10000,10000,6602.388443396482,0.0172541
gamma-heldout,24766,mean1,1.8545503427937535,0.019794033663822933,1.8559159090787667,0.0013655662850131645,0.0022797648457233252,true,true,ChecksPassed,Fitted,10000,10000,6602.388443396482,0.0172541
gamma-heldout,32685,mean0,2.1344473479226362,0.019937384381701874,2.1343130239195736,-1.3432400306268022E-4,0.0021215210550299623,true,true,ChecksPassed,Fitted,10000,10000,6489.821291537865,0.0142683
gamma-heldout,32685,mean1,1.8545503427937535,0.019794033663822933,1.8549586398682743,4.0829707452072483E-4,0.0022237078826780245,true,true,ChecksPassed,Fitted,10000,10000,6489.821291537865,0.0142683
gamma-heldout,40604,mean0,2.1344473479226362,0.019937384381701874,2.13475592505377,3.085771311339691E-4,0.002200857628995927,true,true,ChecksPassed,Fitted,10000,10000,5717.2065845882535,0.014064
gamma-heldout,40604,mean1,1.8545503427937535,0.019794033663822933,1.855411690259901,8.613474661474108E-4,0.0021004931513127646,true,true,ChecksPassed,Fitted,10000,10000,5717.2065845882535,0.014064
gamma-heldout,48523,mean0,2.1344473479226362,0.019937384381701874,2.1392999857472272,0.004852637824591,0.002188057254496962,false,true,Danger,Fitted,10000,10000,7005.640073933556,0.0141281
gamma-heldout,48523,mean1,1.8545503427937535,0.019794033663822933,1.849668583451788,-0.0048817593419654415,0.002319141502911693,false,true,Danger,Fitted,10000,10000,7005.640073933556,0.0141281
gamma-heldout,56442,mean0,2.1344473479226362,0.019937384381701874,2.135879947710322,0.0014325997876856178,0.002073236638982048,true,true,ChecksPassed,Fitted,10000,10000,6935.253725242103,0.0146461
gamma-heldout,56442,mean1,1.8545503427937535,0.019794033663822933,1.8535746836689626,-9.756591247909174E-4,0.002091345489373913,true,true,ChecksPassed,Fitted,10000,10000,6935.253725242103,0.0146461
gamma-heldout,64361,mean0,2.1344473479226362,0.019937384381701874,2.133967690006691,-4.7965791594517526E-4,0.002087884660388928,true,true,ChecksPassed,Fitted,10000,10000,6829.015402120044,0.0140949
gamma-heldout,64361,mean1,1.8545503427937535,0.019794033663822933,1.8546789316701444,1.2858887639088934E-4,0.0021614919550466873,true,true,ChecksPassed,Fitted,10000,10000,6829.015402120044,0.0140949
gamma-heldout,72280,mean0,2.1344473479226362,0.019937384381701874,2.136788697190325,0.002341349267688919,0.0020903964266176848,true,true,ChecksPassed,Fitted,10000,10000,6256.523749093252,0.0139608
gamma-heldout,72280,mean1,1.8545503427937535,0.019794033663822933,1.851874750763051,-0.002675592030702445,0.0020439993200189847,true,true,ChecksPassed,Fitted,10000,10000,6256.523749093252,0.0139608
gamma-heldout,80199,mean0,2.1344473479226362,0.019937384381701874,2.1329982873877804,-0.0014490605348558283,0.0021469864779792977,true,true,ChecksPassed,Fitted,10000,10000,6441.648915686119,0.0151576
gamma-heldout,80199,mean1,1.8545503427937535,0.019794033663822933,1.8539710230352309,-5.793197585226562E-4,0.002084848820295534,true,true,ChecksPassed,Fitted,10000,10000,6441.648915686119,0.0151576
gamma-heldout,88118,mean0,2.1344473479226362,0.019937384381701874,2.1375818771416037,0.003134529218967508,0.0022009527415318337,true,true,ChecksPassed,Fitted,10000,10000,6920.88866281212,0.015546
gamma-heldout,88118,mean1,1.8545503427937535,0.019794033663822933,1.8527146390368203,-0.0018357037569332046,0.002129749325959552,true,true,ChecksPassed,Fitted,10000,10000,6920.88866281212,0.015546
gamma-heldout,96037,mean0,2.1344473479226362,0.019937384381701874,2.1323559421539566,-0.0020914057686796106,0.00211530393223127,true,true,ChecksPassed,Fitted,10000,10000,6170.007392814069,0.0146681
gamma-heldout,96037,mean1,1.8545503427937535,0.019794033663822933,1.8559899622558078,0.0014396194620542868,0.0020494412700766454,true,true,ChecksPassed,Fitted,10000,10000,6170.007392814069,0.0146681
gamma-heldout,103956,mean0,2.1344473479226362,0.019937384381701874,2.1349799339835633,5.325860609270983E-4,0.0020689649280365334,true,true,ChecksPassed,Fitted,10000,10000,6037.965672147409,0.0145225
gamma-heldout,103956,mean1,1.8545503427937535,0.019794033663822933,1.8522903775236057,-0.0022599652701478234,0.0020994750479265273,true,true,ChecksPassed,Fitted,10000,10000,6037.965672147409,0.0145225
gamma-heldout,111875,mean0,2.1344473479226362,0.019937384381701874,2.1330848084173355,-0.0013625395053007416,0.002232652086090631,true,true,ChecksPassed,Fitted,10000,10000,6945.4828211606255,0.0148482
gamma-heldout,111875,mean1,1.8545503427937535,0.019794033663822933,1.8572127151958266,0.002662372402073121,0.0021593382928659275,true,true,ChecksPassed,Fitted,10000,10000,6945.4828211606255,0.0148482
gamma-heldout,119794,mean0,2.1344473479226362,0.019937384381701874,2.1348262230825683,3.7887515993206833E-4,0.0020855620416612613,true,true,ChecksPassed,Fitted,10000,10000,6197.695958868127,0.0142835
gamma-heldout,119794,mean1,1.8545503427937535,0.019794033663822933,1.855574445259389,0.0010241024656354458,0.002081083976288377,true,true,ChecksPassed,Fitted,10000,10000,6197.695958868127,0.0142835
gamma-heldout,127713,mean0,2.1344473479226362,0.019937384381701874,2.137765123591724,0.0033177756690876414,0.0021144913539525062,true,true,ChecksPassed,Fitted,10000,10000,6455.1394781648905,0.0153985
gamma-heldout,127713,mean1,1.8545503427937535,0.019794033663822933,1.8506397707938962,-0.003910571999857337,0.002048767547910809,true,true,ChecksPassed,Fitted,10000,10000,6455.1394781648905,0.0153985
gamma-heldout,135632,mean0,2.1344473479226362,0.019937384381701874,2.1322232420528153,-0.0022241058698209137,0.002094049728545408,true,true,ChecksPassed,Fitted,10000,10000,6413.521163189818,0.0143015
gamma-heldout,135632,mean1,1.8545503427937535,0.019794033663822933,1.8561856191258488,0.001635276332095259,0.0020435626188328297,true,true,ChecksPassed,Fitted,10000,10000,6413.521163189818,0.0143015
gamma-heldout,143551,mean0,2.1344473479226362,0.019937384381701874,2.134444980318108,-2.3676045284304337E-6,0.0022529726949003276,true,true,ChecksPassed,Fitted,10000,10000,6981.907425632091,0.0152281
gamma-heldout,143551,mean1,1.8545503427937535,0.019794033663822933,1.8536524119682776,-8.979308254759566E-4,0.002142307530849204,true,true,ChecksPassed,Fitted,10000,10000,6981.907425632091,0.0152281
gamma-heldout,151470,mean0,2.1344473479226362,0.019937384381701874,2.134143895642889,-3.034522797471517E-4,0.002116150374956955,true,true,ChecksPassed,Fitted,10000,10000,6875.898797261436,0.0139336
gamma-heldout,151470,mean1,1.8545503427937535,0.019794033663822933,1.8536567917511106,-8.935510426428817E-4,0.0021179268588924047,true,true,ChecksPassed,Fitted,10000,10000,6875.898797261436,0.0139336
gamma-heldout,159389,mean0,2.1344473479226362,0.019937384381701874,2.1339085391534,-5.388087692361765E-4,0.0021100376278807647,true,true,ChecksPassed,Fitted,10000,10000,5974.975853998753,0.0140527
gamma-heldout,159389,mean1,1.8545503427937535,0.019794033663822933,1.8542490140002308,-3.013287935227371E-4,0.002074500561204549,true,true,ChecksPassed,Fitted,10000,10000,5974.975853998753,0.0140527
gamma-heldout,167308,mean0,2.1344473479226362,0.019937384381701874,2.1381683055114964,0.003720957588860152,0.0021417086454420817,true,true,ChecksPassed,Fitted,10000,10000,6149.399217725,0.0150487
gamma-heldout,167308,mean1,1.8545503427937535,0.019794033663822933,1.8520787171365543,-0.0024716256571992723,0.0021427058634047778,true,true,ChecksPassed,Fitted,10000,10000,6149.399217725,0.0150487
gamma-heldout,175227,mean0,2.1344473479226362,0.019937384381701874,2.134427018211627,-2.0329711009292595E-5,0.0021579520740748893,true,true,ChecksPassed,Fitted,10000,10000,6443.957355067036,0.0143453
gamma-heldout,175227,mean1,1.8545503427937535,0.019794033663822933,1.8546690158076566,1.1867301390311447E-4,0.00216295415158726,true,true,ChecksPassed,Fitted,10000,10000,6443.957355067036,0.0143453
gamma-heldout,183146,mean0,2.1344473479226362,0.019937384381701874,2.1334728327479073,-9.745151747289071E-4,0.0021090788494476384,true,true,ChecksPassed,Fitted,10000,10000,5980.619978461617,0.0138168
gamma-heldout,183146,mean1,1.8545503427937535,0.019794033663822933,1.855051219842406,5.008770486525371E-4,0.002185857308952828,true,true,ChecksPassed,Fitted,10000,10000,5980.619978461617,0.0138168
gamma-heldout,191065,mean0,2.1344473479226362,0.019937384381701874,2.136498646779699,0.0020512988570629,0.0021128326189933356,true,true,ChecksPassed,Fitted,10000,10000,6719.666107772595,0.0140275
gamma-heldout,191065,mean1,1.8545503427937535,0.019794033663822933,1.8538347544421483,-7.155883516052342E-4,0.002243946536592691,true,true,ChecksPassed,Fitted,10000,10000,6719.666107772595,0.0140275
gamma-heldout,198984,mean0,2.1344473479226362,0.019937384381701874,2.134510883275825,6.353535318881498E-5,0.002225002304832542,true,true,ChecksPassed,Fitted,10000,10000,6692.290540834489,0.0142612
gamma-heldout,198984,mean1,1.8545503427937535,0.019794033663822933,1.855498562778861,9.482199851074125E-4,0.002117309650965108,true,true,ChecksPassed,Fitted,10000,10000,6692.290540834489,0.0142612
gamma-heldout,206903,mean0,2.1344473479226362,0.019937384381701874,2.1380325147670054,0.0035851668443691587,0.0020971882697847785,true,true,ChecksPassed,Fitted,10000,10000,6300.746550002096,0.0145654
gamma-heldout,206903,mean1,1.8545503427937535,0.019794033663822933,1.851994335884664,-0.0025560069090895254,0.0020522129742507568,true,true,ChecksPassed,Fitted,10000,10000,6300.746550002096,0.0145654
gamma-heldout,214822,mean0,2.1344473479226362,0.019937384381701874,2.13399390425024,-4.5344367239641414E-4,0.002117833861672567,true,true,ChecksPassed,Fitted,10000,10000,6433.13486760274,0.0147041
gamma-heldout,214822,mean1,1.8545503427937535,0.019794033663822933,1.8550355943326766,4.852515389230927E-4,0.002120823329143594,true,true,ChecksPassed,Fitted,10000,10000,6433.13486760274,0.0147041
gamma-heldout,222741,mean0,2.1344473479226362,0.019937384381701874,2.1313100939498697,-0.0031372539727665405,0.0021324340592831312,true,true,ChecksPassed,Fitted,10000,10000,5781.341176365697,0.0145981
gamma-heldout,222741,mean1,1.8545503427937535,0.019794033663822933,1.857445703918982,0.0028953611252284794,0.0020993641812444516,true,true,ChecksPassed,Fitted,10000,10000,5781.341176365697,0.0145981
gamma-heldout,230660,mean0,2.1344473479226362,0.019937384381701874,2.1376563535130177,0.0032090055903815085,0.002101998178363756,true,true,ChecksPassed,Fitted,10000,10000,6071.579247116135,0.0154771
gamma-heldout,230660,mean1,1.8545503427937535,0.019794033663822933,1.8505791624670669,-0.003971180326686641,0.0021440147587665306,true,true,ChecksPassed,Fitted,10000,10000,6071.579247116135,0.0154771
dirichlet-heldout,1009,mean0,0.9522859595106329,0.006891111207876513,0.9527225786865277,4.3661917589477017E-4,7.387681705560346E-4,true,true,ChecksPassed,Fitted,10000,10000,5601.283211486025,0.0239
dirichlet-heldout,1009,mean1,1.9694768223230366,0.014679812158777754,1.968856822729647,-6.199995933895419E-4,0.001605017457155913,true,true,ChecksPassed,Fitted,10000,10000,5601.283211486025,0.0239
dirichlet-heldout,1009,mean2,3.023988742447311,0.0228495626039935,3.0241392649524084,1.5052250509750564E-4,0.002460199018518712,true,true,ChecksPassed,Fitted,10000,10000,5601.283211486025,0.0239
dirichlet-heldout,8928,mean0,0.9522859595106329,0.006891111207876513,0.9531017976526752,8.158381420423355E-4,7.822058286807014E-4,true,true,ChecksPassed,Fitted,10000,10000,5053.707106842413,0.0240733
dirichlet-heldout,8928,mean1,1.9694768223230366,0.014679812158777754,1.9696599419448935,1.8311962185690867E-4,0.0016635152458895138,true,true,ChecksPassed,Fitted,10000,10000,5053.707106842413,0.0240733
dirichlet-heldout,8928,mean2,3.023988742447311,0.0228495626039935,3.028790936620354,0.004802194173043173,0.002567508383753521,true,true,ChecksPassed,Fitted,10000,10000,5053.707106842413,0.0240733
dirichlet-heldout,16847,mean0,0.9522859595106329,0.006891111207876513,0.9516294355390132,-6.56523971619638E-4,7.708718594672145E-4,true,true,ChecksPassed,Fitted,10000,10000,5790.027686850806,0.0237561
dirichlet-heldout,16847,mean1,1.9694768223230366,0.014679812158777754,1.9680951079020732,-0.0013817144209633536,0.0016150129949139857,true,true,ChecksPassed,Fitted,10000,10000,5790.027686850806,0.0237561
dirichlet-heldout,16847,mean2,3.023988742447311,0.0228495626039935,3.025609907724524,0.0016211652772133434,0.002509668840738129,true,true,ChecksPassed,Fitted,10000,10000,5790.027686850806,0.0237561
dirichlet-heldout,24766,mean0,0.9522859595106329,0.006891111207876513,0.9516660430501283,-6.199164605046326E-4,7.634838595008595E-4,true,true,ChecksPassed,Fitted,10000,10000,5187.184697564172,0.0246594
dirichlet-heldout,24766,mean1,1.9694768223230366,0.014679812158777754,1.964955220629184,-0.004521601693852517,0.0016344234016389954,false,true,ChecksPassed,Fitted,10000,10000,5187.184697564172,0.0246594
dirichlet-heldout,24766,mean2,3.023988742447311,0.0228495626039935,3.019564969720192,-0.004423772727118802,0.002517751791707555,true,true,ChecksPassed,Fitted,10000,10000,5187.184697564172,0.0246594
dirichlet-heldout,32685,mean0,0.9522859595106329,0.006891111207876513,0.9517184560665807,-5.675034440522086E-4,7.394270731106883E-4,true,true,ChecksPassed,Fitted,10000,10000,5541.9557464291365,0.0241872
dirichlet-heldout,32685,mean1,1.9694768223230366,0.014679812158777754,1.9680501591233717,-0.0014266631996648904,0.0016013976814786021,true,true,ChecksPassed,Fitted,10000,10000,5541.9557464291365,0.0241872
dirichlet-heldout,32685,mean2,3.023988742447311,0.0228495626039935,3.0227768865329505,-0.0012118559143603491,0.0024921797678030566,true,true,ChecksPassed,Fitted,10000,10000,5541.9557464291365,0.0241872
dirichlet-heldout,40604,mean0,0.9522859595106329,0.006891111207876513,0.953987340857769,0.001701381347136155,7.541827737244723E-4,false,true,ChecksPassed,Fitted,10000,10000,5659.010566157099,0.0246282
dirichlet-heldout,40604,mean1,1.9694768223230366,0.014679812158777754,1.9715408543704296,0.0020640320473930274,0.0015678035547719766,true,true,ChecksPassed,Fitted,10000,10000,5659.010566157099,0.0246282
dirichlet-heldout,40604,mean2,3.023988742447311,0.0228495626039935,3.0281787761197116,0.004190033672400784,0.002483535556930531,true,true,ChecksPassed,Fitted,10000,10000,5659.010566157099,0.0246282
dirichlet-heldout,48523,mean0,0.9522859595106329,0.006891111207876513,0.9526435531271114,3.5759361647846877E-4,7.418331369384117E-4,true,true,ChecksPassed,Fitted,10000,10000,6061.346661308086,0.0245204
dirichlet-heldout,48523,mean1,1.9694768223230366,0.014679812158777754,1.9687595118791505,-7.173104438860101E-4,0.00155887366673949,true,true,ChecksPassed,Fitted,10000,10000,6061.346661308086,0.0245204
dirichlet-heldout,48523,mean2,3.023988742447311,0.0228495626039935,3.0236334563786262,-3.5528606868462376E-4,0.0024369674405001936,true,true,ChecksPassed,Fitted,10000,10000,6061.346661308086,0.0245204
dirichlet-heldout,56442,mean0,0.9522859595106329,0.006891111207876513,0.9523920074882914,1.0604797765856322E-4,7.272720033672723E-4,true,true,ChecksPassed,Fitted,10000,10000,6439.319430027523,0.0266511
dirichlet-heldout,56442,mean1,1.9694768223230366,0.014679812158777754,1.971052486342818,0.0015756640197814864,0.0015068605107628598,true,true,ChecksPassed,Fitted,10000,10000,6439.319430027523,0.0266511
dirichlet-heldout,56442,mean2,3.023988742447311,0.0228495626039935,3.028639503949689,0.004650761502378309,0.0024067978912363157,true,true,ChecksPassed,Fitted,10000,10000,6439.319430027523,0.0266511
dirichlet-heldout,64361,mean0,0.9522859595106329,0.006891111207876513,0.9526668714198115,3.809119091786606E-4,7.482877368573646E-4,true,true,ChecksPassed,Fitted,10000,10000,5754.964087259098,0.0241023
dirichlet-heldout,64361,mean1,1.9694768223230366,0.014679812158777754,1.9730983774509276,0.003621555127891085,0.0015968650280765917,false,true,ChecksPassed,Fitted,10000,10000,5754.964087259098,0.0241023
dirichlet-heldout,64361,mean2,3.023988742447311,0.0228495626039935,3.026230645536777,0.0022419030894660352,0.002443757468179388,true,true,ChecksPassed,Fitted,10000,10000,5754.964087259098,0.0241023
dirichlet-heldout,72280,mean0,0.9522859595106329,0.006891111207876513,0.9521856552223869,-1.0030428824603366E-4,7.661377550880089E-4,true,true,ChecksPassed,Fitted,10000,10000,5272.989688248857,0.0244216
dirichlet-heldout,72280,mean1,1.9694768223230366,0.014679812158777754,1.9715217656138115,0.002044943290774981,0.0016405836462525666,true,true,ChecksPassed,Fitted,10000,10000,5272.989688248857,0.0244216
dirichlet-heldout,72280,mean2,3.023988742447311,0.0228495626039935,3.025752317197464,0.0017635747501532073,0.0025266403863306447,true,true,ChecksPassed,Fitted,10000,10000,5272.989688248857,0.0244216
dirichlet-heldout,80199,mean0,0.9522859595106329,0.006891111207876513,0.9522994531248237,1.3493614190784875E-5,7.480558331464119E-4,true,true,ChecksPassed,Fitted,10000,10000,5750.31403727558,0.0254614
dirichlet-heldout,80199,mean1,1.9694768223230366,0.014679812158777754,1.9692801869353653,-1.96635387671229E-4,0.0016170299161805497,true,true,ChecksPassed,Fitted,10000,10000,5750.31403727558,0.0254614
dirichlet-heldout,80199,mean2,3.023988742447311,0.0228495626039935,3.02153086054349,-0.002457881903820791,0.0024739207096139424,true,true,ChecksPassed,Fitted,10000,10000,5750.31403727558,0.0254614
dirichlet-heldout,88118,mean0,0.9522859595106329,0.006891111207876513,0.9518691102845438,-4.168492260890888E-4,7.381603634068692E-4,true,true,ChecksPassed,Fitted,10000,10000,5685.511147646852,0.0237252
dirichlet-heldout,88118,mean1,1.9694768223230366,0.014679812158777754,1.969589457789608,1.1263546657147572E-4,0.001624540372543357,true,true,ChecksPassed,Fitted,10000,10000,5685.511147646852,0.0237252
dirichlet-heldout,88118,mean2,3.023988742447311,0.0228495626039935,3.0239798480605127,-8.894386798186105E-6,0.0024605229758479738,true,true,ChecksPassed,Fitted,10000,10000,5685.511147646852,0.0237252
dirichlet-heldout,96037,mean0,0.9522859595106329,0.006891111207876513,0.9504599755567602,-0.0018259839538726785,7.504331087486713E-4,false,true,ChecksPassed,Fitted,10000,10000,5759.523088648984,0.0237391
dirichlet-heldout,96037,mean1,1.9694768223230366,0.014679812158777754,1.968382844336998,-0.0010939779860386079,0.0015781500835698673,true,true,ChecksPassed,Fitted,10000,10000,5759.523088648984,0.0237391
dirichlet-heldout,96037,mean2,3.023988742447311,0.0228495626039935,3.021454792570637,-0.00253394987667388,0.0024436388744832234,true,true,ChecksPassed,Fitted,10000,10000,5759.523088648984,0.0237391
dirichlet-heldout,103956,mean0,0.9522859595106329,0.006891111207876513,0.9521388489201231,-1.4711059050975805E-4,7.295945296327596E-4,true,true,ChecksPassed,Fitted,10000,10000,5971.817054424903,0.0243285
dirichlet-heldout,103956,mean1,1.9694768223230366,0.014679812158777754,1.9691850248795855,-2.917974434510917E-4,0.0015539507709082538,true,true,ChecksPassed,Fitted,10000,10000,5971.817054424903,0.0243285
dirichlet-heldout,103956,mean2,3.023988742447311,0.0228495626039935,3.025715607958003,0.0017268655106921216,0.00243375556022723,true,true,ChecksPassed,Fitted,10000,10000,5971.817054424903,0.0243285
dirichlet-heldout,111875,mean0,0.9522859595106329,0.006891111207876513,0.9523696575164349,8.369800580199094E-5,7.583400647119922E-4,true,true,ChecksPassed,Fitted,10000,10000,5035.492247058326,0.0241513
dirichlet-heldout,111875,mean1,1.9694768223230366,0.014679812158777754,1.970080674857591,6.038525345544166E-4,0.0016373682881275333,true,true,ChecksPassed,Fitted,10000,10000,5035.492247058326,0.0241513
dirichlet-heldout,111875,mean2,3.023988742447311,0.0228495626039935,3.0236038117305086,-3.8493071680223423E-4,0.002559269043835358,true,true,ChecksPassed,Fitted,10000,10000,5035.492247058326,0.0241513
dirichlet-heldout,119794,mean0,0.9522859595106329,0.006891111207876513,0.9522461686700098,-3.979084062311067E-5,7.166957420111498E-4,true,true,ChecksPassed,Fitted,10000,10000,6598.631677676414,0.0273284
dirichlet-heldout,119794,mean1,1.9694768223230366,0.014679812158777754,1.9687722739386504,-7.045483843861611E-4,0.0014643221277313957,true,true,ChecksPassed,Fitted,10000,10000,6598.631677676414,0.0273284
dirichlet-heldout,119794,mean2,3.023988742447311,0.0228495626039935,3.023453885938566,-5.34856508744852E-4,0.0023130930164563597,true,true,ChecksPassed,Fitted,10000,10000,6598.631677676414,0.0273284
dirichlet-heldout,127713,mean0,0.9522859595106329,0.006891111207876513,0.9521472518798944,-1.3870763073853265E-4,7.630122937505574E-4,true,true,ChecksPassed,Fitted,10000,10000,5789.246561160338,0.0253136
dirichlet-heldout,127713,mean1,1.9694768223230366,0.014679812158777754,1.968825322057796,-6.515002652405233E-4,0.0015991028594773383,true,true,ChecksPassed,Fitted,10000,10000,5789.246561160338,0.0253136
dirichlet-heldout,127713,mean2,3.023988742447311,0.0228495626039935,3.0252595440289274,0.0012708015816165208,0.0025106269708358208,true,true,ChecksPassed,Fitted,10000,10000,5789.246561160338,0.0253136
dirichlet-heldout,135632,mean0,0.9522859595106329,0.006891111207876513,0.9517341352397194,-5.518242709134924E-4,7.10412872491428E-4,true,true,ChecksPassed,Fitted,10000,10000,5889.661939421638,0.0239759
dirichlet-heldout,135632,mean1,1.9694768223230366,0.014679812158777754,1.968494600922289,-9.822214007475516E-4,0.0015628286539334073,true,true,ChecksPassed,Fitted,10000,10000,5889.661939421638,0.0239759
dirichlet-heldout,135632,mean2,3.023988742447311,0.0228495626039935,3.0224677555893438,-0.0015209868579670882,0.002391084671524254,true,true,ChecksPassed,Fitted,10000,10000,5889.661939421638,0.0239759
dirichlet-heldout,143551,mean0,0.9522859595106329,0.006891111207876513,0.9515145437756389,-7.714157349939521E-4,7.429053332550197E-4,true,true,ChecksPassed,Fitted,10000,10000,6048.89449981291,0.0249666
dirichlet-heldout,143551,mean1,1.9694768223230366,0.014679812158777754,1.9684857744039304,-9.910479191062027E-4,0.0015849909372651438,true,true,ChecksPassed,Fitted,10000,10000,6048.89449981291,0.0249666
dirichlet-heldout,143551,mean2,3.023988742447311,0.0228495626039935,3.022066307510028,-0.0019224349372830574,0.0024376564691299665,true,true,ChecksPassed,Fitted,10000,10000,6048.89449981291,0.0249666
dirichlet-heldout,151470,mean0,0.9522859595106329,0.006891111207876513,0.9524942783482855,2.0831883765259906E-4,7.850817576024288E-4,true,true,ChecksPassed,Fitted,10000,10000,5286.10527209243,0.0242945
dirichlet-heldout,151470,mean1,1.9694768223230366,0.014679812158777754,1.972276532437821,0.002799710114784526,0.0016408945899082806,true,true,ChecksPassed,Fitted,10000,10000,5286.10527209243,0.0242945
dirichlet-heldout,151470,mean2,3.023988742447311,0.0228495626039935,3.027456772536064,0.0034680300887530713,0.0025338904573932583,true,true,ChecksPassed,Fitted,10000,10000,5286.10527209243,0.0242945
dirichlet-heldout,159389,mean0,0.9522859595106329,0.006891111207876513,0.9523670875111324,8.112800049953073E-5,7.815018043703509E-4,true,true,ChecksPassed,Fitted,10000,10000,5352.8872910928185,0.0243064
dirichlet-heldout,159389,mean1,1.9694768223230366,0.014679812158777754,1.9687841365432226,-6.926857798139618E-4,0.0016199661187213368,true,true,ChecksPassed,Fitted,10000,10000,5352.8872910928185,0.0243064
dirichlet-heldout,159389,mean2,3.023988742447311,0.0228495626039935,3.0229721050425855,-0.0010166374047253512,0.002488363272430999,true,true,ChecksPassed,Fitted,10000,10000,5352.8872910928185,0.0243064
dirichlet-heldout,167308,mean0,0.9522859595106329,0.006891111207876513,0.9518368902249724,-4.490692856604639E-4,7.307201910804501E-4,true,true,ChecksPassed,Fitted,10000,10000,6074.480245669393,0.0235878
dirichlet-heldout,167308,mean1,1.9694768223230366,0.014679812158777754,1.9699794100461299,5.025877230933062E-4,0.0015862995670581233,true,true,ChecksPassed,Fitted,10000,10000,6074.480245669393,0.0235878
dirichlet-heldout,167308,mean2,3.023988742447311,0.0228495626039935,3.0281876693236947,0.004198926876383791,0.002415925359542043,true,true,ChecksPassed,Fitted,10000,10000,6074.480245669393,0.0235878
dirichlet-heldout,175227,mean0,0.9522859595106329,0.006891111207876513,0.9519998991172792,-2.8606039335365985E-4,7.628498577834499E-4,true,true,ChecksPassed,Fitted,10000,10000,5901.350682336725,0.0239993
dirichlet-heldout,175227,mean1,1.9694768223230366,0.014679812158777754,1.9674573680633034,-0.0020194542597331555,0.0016147333685913993,true,true,ChecksPassed,Fitted,10000,10000,5901.350682336725,0.0239993
dirichlet-heldout,175227,mean2,3.023988742447311,0.0228495626039935,3.0216283759944633,-0.00236036645284754,0.0025071988463383843,true,true,ChecksPassed,Fitted,10000,10000,5901.350682336725,0.0239993
dirichlet-heldout,183146,mean0,0.9522859595106329,0.006891111207876513,0.9522912242635038,5.264752870881573E-6,7.469832655518166E-4,true,true,ChecksPassed,Fitted,10000,10000,5671.782041293088,0.0235719
dirichlet-heldout,183146,mean1,1.9694768223230366,0.014679812158777754,1.9694483257453452,-2.8496577691328184E-5,0.0015854787071329923,true,true,ChecksPassed,Fitted,10000,10000,5671.782041293088,0.0235719
dirichlet-heldout,183146,mean2,3.023988742447311,0.0228495626039935,3.022659644957586,-0.001329097489724873,0.002429049253785312,true,true,ChecksPassed,Fitted,10000,10000,5671.782041293088,0.0235719
dirichlet-heldout,191065,mean0,0.9522859595106329,0.006891111207876513,0.9529145846360088,6.286251253758701E-4,7.361846881788914E-4,true,true,ChecksPassed,Fitted,10000,10000,5634.74363834165,0.0254416
dirichlet-heldout,191065,mean1,1.9694768223230366,0.014679812158777754,1.9703106600589781,8.338377359415894E-4,0.001604065498087944,true,true,ChecksPassed,Fitted,10000,10000,5634.74363834165,0.0254416
dirichlet-heldout,191065,mean2,3.023988742447311,0.0228495626039935,3.0267823208152316,0.0027935783679207127,0.0024847040632516326,true,true,ChecksPassed,Fitted,10000,10000,5634.74363834165,0.0254416
dirichlet-heldout,198984,mean0,0.9522859595106329,0.006891111207876513,0.9533266914355714,0.001040731924938476,7.329836711909373E-4,true,true,ChecksPassed,Fitted,10000,10000,5651.229973105699,0.0243202
dirichlet-heldout,198984,mean1,1.9694768223230366,0.014679812158777754,1.9700967134745162,6.198911514796457E-4,0.0016167141063701568,true,true,ChecksPassed,Fitted,10000,10000,5651.229973105699,0.0243202
dirichlet-heldout,198984,mean2,3.023988742447311,0.0228495626039935,3.0264996661850985,0.002510923737787607,0.0024790323937053413,true,true,ChecksPassed,Fitted,10000,10000,5651.229973105699,0.0243202
dirichlet-heldout,206903,mean0,0.9522859595106329,0.006891111207876513,0.9528791373609617,5.931778503288632E-4,7.282372292244685E-4,true,true,ChecksPassed,Fitted,10000,10000,5961.853783697885,0.0246798
dirichlet-heldout,206903,mean1,1.9694768223230366,0.014679812158777754,1.9735191198182718,0.004042297495235214,0.0015774688532135704,false,true,ChecksPassed,Fitted,10000,10000,5961.853783697885,0.0246798
dirichlet-heldout,206903,mean2,3.023988742447311,0.0228495626039935,3.029469526639134,0.005480784191822963,0.0024656751025581083,false,true,ChecksPassed,Fitted,10000,10000,5961.853783697885,0.0246798
dirichlet-heldout,214822,mean0,0.9522859595106329,0.006891111207876513,0.951448991217447,-8.369682931859135E-4,7.501882952094905E-4,true,true,ChecksPassed,Fitted,10000,10000,5610.500903391703,0.0267399
dirichlet-heldout,214822,mean1,1.9694768223230366,0.014679812158777754,1.9670461556235377,-0.0024306666994988735,0.0015932183263535292,true,true,ChecksPassed,Fitted,10000,10000,5610.500903391703,0.0267399
dirichlet-heldout,214822,mean2,3.023988742447311,0.0228495626039935,3.02342347406017,-5.652683871408826E-4,0.002436133147139984,true,true,ChecksPassed,Fitted,10000,10000,5610.500903391703,0.0267399
dirichlet-heldout,222741,mean0,0.9522859595106329,0.006891111207876513,0.9508529035119805,-0.0014330559986523994,7.601542022327516E-4,true,true,ChecksPassed,Fitted,10000,10000,5404.2277730289225,0.024604
dirichlet-heldout,222741,mean1,1.9694768223230366,0.014679812158777754,1.9684377756359213,-0.001039046687115297,0.0016028795396623408,true,true,ChecksPassed,Fitted,10000,10000,5404.2277730289225,0.024604
dirichlet-heldout,222741,mean2,3.023988742447311,0.0228495626039935,3.0210531748465774,-0.0029355676007334353,0.0024978514154377815,true,true,ChecksPassed,Fitted,10000,10000,5404.2277730289225,0.024604
dirichlet-heldout,230660,mean0,0.9522859595106329,0.006891111207876513,0.9521114613956801,-1.7449811495273693E-4,7.342710759330146E-4,true,true,ChecksPassed,Fitted,10000,10000,6022.785935034784,0.0246212
dirichlet-heldout,230660,mean1,1.9694768223230366,0.014679812158777754,1.9712334152267545,0.0017565929037179906,0.001566357710053069,true,true,ChecksPassed,Fitted,10000,10000,6022.785935034784,0.0246212
dirichlet-heldout,230660,mean2,3.023988742447311,0.0228495626039935,3.0254438139805133,0.0014550715332024566,0.0024404058675691186,true,true,ChecksPassed,Fitted,10000,10000,6022.785935034784,0.0246212
separated-modes,1009,mean,0.0,0.5008991914547277,0.26761905671093533,0.26761905671093533,0.1662488395798818,true,true,ChecksPassed,Fitted,10000,10000,900.3164570022069,0.067832
separated-modes,1009,positive,0.5,0.05,0.5266796528576443,0.026679652857644287,0.01660358909141613,true,true,ChecksPassed,Fitted,10000,10000,900.3164570022069,0.067832
separated-modes,8928,mean,0.0,0.5008991914547277,-0.05683666724229141,-0.05683666724229141,0.16549605464460024,true,true,ChecksPassed,Fitted,10000,10000,913.6214112634744,0.0445019
separated-modes,8928,positive,0.5,0.05,0.49405883916346177,-0.0059411608365382285,0.016562642347105107,true,true,ChecksPassed,Fitted,10000,10000,913.6214112634744,0.0445019
separated-modes,16847,mean,0.0,0.5008991914547277,0.13743586328101784,0.13743586328101784,0.16350276118720697,true,true,ChecksPassed,Fitted,10000,10000,938.6229511264863,0.0442495
separated-modes,16847,positive,0.5,0.05,0.5136067231802605,0.01360672318026046,0.016338348958913375,true,true,ChecksPassed,Fitted,10000,10000,938.6229511264863,0.0442495
separated-modes,24766,mean,0.0,0.5008991914547277,-0.10142440030608578,-0.10142440030608578,0.16261277138515703,true,true,ChecksPassed,Fitted,10000,10000,952.9814596419369,0.0351205
separated-modes,24766,positive,0.5,0.05,0.4905360955444771,-0.00946390445552292,0.016248309815175287,true,true,ChecksPassed,Fitted,10000,10000,952.9814596419369,0.0351205
separated-modes,32685,mean,0.0,0.5008991914547277,0.4305114755195685,0.4305114755195685,0.16588928282113943,false,true,ChecksPassed,Fitted,10000,10000,912.0611839033157,0.0353762
separated-modes,32685,positive,0.5,0.05,0.5431220956353889,0.043122095635388935,0.016540358914684958,false,true,ChecksPassed,Fitted,10000,10000,912.0611839033157,0.0353762
separated-modes,40604,mean,0.0,0.5008991914547277,-0.1664161798444498,-0.1664161798444498,0.1667218434608668,true,true,ChecksPassed,Fitted,10000,10000,913.9953277983576,0.0365075
separated-modes,40604,positive,0.5,0.05,0.48371655859202545,-0.016283441407974553,0.01661991392380131,true,true,ChecksPassed,Fitted,10000,10000,913.9953277983576,0.0365075
separated-modes,48523,mean,0.0,0.5008991914547277,-0.07795185008794753,-0.07795185008794753,0.16497097152704912,true,true,ChecksPassed,Fitted,10000,10000,925.8392520832883,0.0353745
separated-modes,48523,positive,0.5,0.05,0.492162129508958,-0.00783787049104201,0.01644040870566452,true,true,ChecksPassed,Fitted,10000,10000,925.8392520832883,0.0353745
separated-modes,56442,mean,0.0,0.5008991914547277,-0.022250871178418317,-0.022250871178418317,0.16615255153731504,true,true,ChecksPassed,Fitted,10000,10000,910.0993369529957,0.0364863
separated-modes,56442,positive,0.5,0.05,0.4988991993825079,-0.0011008006174921259,0.016575723332798907,true,true,ChecksPassed,Fitted,10000,10000,910.0993369529957,0.0364863
separated-modes,64361,mean,0.0,0.5008991914547277,-0.18641673378805182,-0.18641673378805182,0.16237463296045998,true,true,ChecksPassed,Fitted,10000,10000,950.7387692993512,0.0358745
separated-modes,64361,positive,0.5,0.05,0.4820365449818956,-0.017963455018104424,0.016200027416711824,true,true,ChecksPassed,Fitted,10000,10000,950.7387692993512,0.0358745
separated-modes,72280,mean,0.0,0.5008991914547277,-0.04297123803060399,-0.04297123803060399,0.1613923054994194,true,true,ChecksPassed,Fitted,10000,10000,965.2718205114511,0.0367023
separated-modes,72280,positive,0.5,0.05,0.4957569629673726,-0.004243037032627406,0.016099777301938414,true,true,ChecksPassed,Fitted,10000,10000,965.2718205114511,0.0367023
separated-modes,80199,mean,0.0,0.5008991914547277,-0.1261043749843254,-0.1261043749843254,0.16751047314362338,true,true,ChecksPassed,Fitted,10000,10000,894.0914619564006,0.0362923
separated-modes,80199,positive,0.5,0.05,0.48644085056473396,-0.013559149435266038,0.01673701083434307,true,true,ChecksPassed,Fitted,10000,10000,894.0914619564006,0.0362923
separated-modes,88118,mean,0.0,0.5008991914547277,-0.19383466885140738,-0.19383466885140738,0.17065388610169285,true,true,ChecksPassed,Fitted,10000,10000,859.3389999653281,0.0357283
separated-modes,88118,positive,0.5,0.05,0.4804083986832679,-0.0195916013167321,0.01705227321270832,true,true,ChecksPassed,Fitted,10000,10000,859.3389999653281,0.0357283
separated-modes,96037,mean,0.0,0.5008991914547277,-0.18798085564138614,-0.18798085564138614,0.1663215797853815,true,true,ChecksPassed,Fitted,10000,10000,908.7561548615953,0.0383097
separated-modes,96037,positive,0.5,0.05,0.4812882023070517,-0.018711797692948284,0.01664809979448869,true,true,ChecksPassed,Fitted,10000,10000,908.7561548615953,0.0383097
separated-modes,103956,mean,0.0,0.5008991914547277,0.24390283233124863,0.24390283233124863,0.16516217703300498,true,true,ChecksPassed,Fitted,10000,10000,915.5795688434891,0.0347152
separated-modes,103956,positive,0.5,0.05,0.525149893456029,0.025149893456029027,0.01645823721108371,true,true,ChecksPassed,Fitted,10000,10000,915.5795688434891,0.0347152
separated-modes,111875,mean,0.0,0.5008991914547277,-0.14971533574506937,-0.14971533574506937,0.16476928212864217,true,true,ChecksPassed,Fitted,10000,10000,925.4262634554283,0.0370144
separated-modes,111875,positive,0.5,0.05,0.4849266339005449,-0.015073366099455088,0.016438192467538824,true,true,ChecksPassed,Fitted,10000,10000,925.4262634554283,0.0370144
separated-modes,119794,mean,0.0,0.5008991914547277,-0.0887897032194933,-0.0887897032194933,0.1642221166654441,true,true,ChecksPassed,Fitted,10000,10000,923.156897892324,0.0366216
separated-modes,119794,positive,0.5,0.05,0.49039025230762606,-0.009609747692373938,0.01642431429727919,true,true,ChecksPassed,Fitted,10000,10000,923.156897892324,0.0366216
separated-modes,127713,mean,0.0,0.5008991914547277,-0.023090328392232806,-0.023090328392232806,0.16360801282125423,true,true,ChecksPassed,Fitted,10000,10000,939.4789423896849,0.0364867
separated-modes,127713,positive,0.5,0.05,0.4973277393276012,-0.002672260672398785,0.01630902262175328,true,true,ChecksPassed,Fitted,10000,10000,939.4789423896849,0.0364867
separated-modes,135632,mean,0.0,0.5008991914547277,0.13827152796051093,0.13827152796051093,0.16398518371675364,true,true,ChecksPassed,Fitted,10000,10000,925.9519366523535,0.0388124
separated-modes,135632,positive,0.5,0.05,0.5149419085486279,0.014941908548627869,0.016376672753865732,true,true,ChecksPassed,Fitted,10000,10000,925.9519366523535,0.0388124
separated-modes,143551,mean,0.0,0.5008991914547277,-0.32643626079494664,-0.32643626079494664,0.1647727714339507,false,true,ChecksPassed,Fitted,10000,10000,894.4052764685059,0.0367004
separated-modes,143551,positive,0.5,0.05,0.4691707962434324,-0.030829203756567614,0.016448040379076934,true,true,ChecksPassed,Fitted,10000,10000,894.4052764685059,0.0367004
separated-modes,151470,mean,0.0,0.5008991914547277,-0.15436961119685264,-0.15436961119685264,0.1660888304882665,true,true,ChecksPassed,Fitted,10000,10000,899.2947872989627,0.0349798
separated-modes,151470,positive,0.5,0.05,0.4844834693108571,-0.015516530689142882,0.016560509300984422,true,true,ChecksPassed,Fitted,10000,10000,899.2947872989627,0.0349798
separated-modes,159389,mean,0.0,0.5008991914547277,-0.0036681039493714385,-0.0036681039493714385,0.16417112987421026,true,true,ChecksPassed,Fitted,10000,10000,931.9320620581846,0.0353955
separated-modes,159389,positive,0.5,0.05,0.4995802223281371,-4.197776718629087E-4,0.016377112319294732,true,true,ChecksPassed,Fitted,10000,10000,931.9320620581846,0.0353955
separated-modes,167308,mean,0.0,0.5008991914547277,-0.19300190615004328,-0.19300190615004328,0.16780247122029765,true,true,ChecksPassed,Fitted,10000,10000,898.6826375301765,0.0347756
separated-modes,167308,positive,0.5,0.05,0.481725425898928,-0.018274574101072028,0.016733651049528522,true,true,ChecksPassed,Fitted,10000,10000,898.6826375301765,0.0347756
separated-modes,175227,mean,0.0,0.5008991914547277,-0.1287708322125833,-0.1287708322125833,0.16996263985475046,true,true,ChecksPassed,Fitted,10000,10000,870.5204212448581,0.0352121
separated-modes,175227,positive,0.5,0.05,0.48596368897921477,-0.01403631102078523,0.016939506253056007,true,true,ChecksPassed,Fitted,10000,10000,870.5204212448581,0.0352121
separated-modes,183146,mean,0.0,0.5008991914547277,-0.14162245783583297,-0.14162245783583297,0.16782415664772135,true,true,ChecksPassed,Fitted,10000,10000,886.607891981639,0.0360379
separated-modes,183146,positive,0.5,0.05,0.4859405405451896,-0.014059459454810408,0.01676106825844965,true,true,ChecksPassed,Fitted,10000,10000,886.607891981639,0.0360379
separated-modes,191065,mean,0.0,0.5008991914547277,0.06231273818574121,0.06231273818574121,0.16730660584407683,true,true,ChecksPassed,Fitted,10000,10000,894.2055299587732,0.0404643
separated-modes,191065,positive,0.5,0.05,0.506594820947304,0.006594820947304014,0.016697011671798448,true,true,ChecksPassed,Fitted,10000,10000,894.2055299587732,0.0404643
separated-modes,198984,mean,0.0,0.5008991914547277,0.24928975746655346,0.24928975746655346,0.16516159791882015,true,true,ChecksPassed,Fitted,10000,10000,924.2703753421602,0.0357356
separated-modes,198984,positive,0.5,0.05,0.5248998026965901,0.02489980269659009,0.01649320466879091,true,true,ChecksPassed,Fitted,10000,10000,924.2703753421602,0.0357356
separated-modes,206903,mean,0.0,0.5008991914547277,-0.07247676114259546,-0.07247676114259546,0.16356045935145605,true,true,ChecksPassed,Fitted,10000,10000,936.7743915768747,0.0348042
separated-modes,206903,positive,0.5,0.05,0.4932308809712647,-0.006769119028735282,0.016331527254343715,true,true,ChecksPassed,Fitted,10000,10000,936.7743915768747,0.0348042
separated-modes,214822,mean,0.0,0.5008991914547277,-0.0014106670548214174,-0.0014106670548214174,0.16949298883393635,true,true,ChecksPassed,Fitted,10000,10000,874.6582478647397,0.0360379
separated-modes,214822,positive,0.5,0.05,0.5002390035900164,2.390035900163845E-4,0.016907162574566984,true,true,ChecksPassed,Fitted,10000,10000,874.6582478647397,0.0360379
separated-modes,222741,mean,0.0,0.5008991914547277,-0.11678845188455426,-0.11678845188455426,0.16589908038850612,true,true,ChecksPassed,Fitted,10000,10000,911.7951229576809,0.0363607
separated-modes,222741,positive,0.5,0.05,0.4880762418728878,-0.011923758127112216,0.016558680806184074,true,true,ChecksPassed,Fitted,10000,10000,911.7951229576809,0.0363607
separated-modes,230660,mean,0.0,0.5008991914547277,-0.3446816105684009,-0.3446816105684009,0.1646412432693959,false,true,ChecksPassed,Fitted,10000,10000,926.1925961678947,0.0373282
separated-modes,230660,positive,0.5,0.05,0.46563531772484534,-0.03436468227515466,0.016421530608862173,false,true,ChecksPassed,Fitted,10000,10000,926.1925961678947,0.0373282
boundary-beta,1009,mean,0.2,0.012060453783110546,0.2001032425384863,1.0324253848628673E-4,0.0013964970782392745,true,true,ChecksPassed,Fitted,10000,10000,5453.681580261059,0.0356617
boundary-beta,1009,upper-half,0.01953125,0.01,0.020648919157279413,0.0011176691572794134,0.001040562490512836,true,true,ChecksPassed,Fitted,10000,10000,5453.681580261059,0.0356617
boundary-beta,8928,mean,0.2,0.012060453783110546,0.20028322585960445,2.8322585960444124E-4,0.001403955120258866,true,true,ChecksPassed,Fitted,10000,10000,5659.698568571179,0.023009
boundary-beta,8928,upper-half,0.01953125,0.01,0.02036904438534475,8.377943853447485E-4,0.001190899408311647,true,true,ChecksPassed,Fitted,10000,10000,5659.698568571179,0.023009
boundary-beta,16847,mean,0.2,0.012060453783110546,0.19810061411598637,-0.0018993858840136435,0.001372593235930679,true,true,ChecksPassed,Fitted,10000,10000,5717.101688694969,0.0194974
boundary-beta,16847,upper-half,0.01953125,0.01,0.019817991657697688,2.8674165769768806E-4,0.0010743470397913055,true,true,ChecksPassed,Fitted,10000,10000,5717.101688694969,0.0194974
boundary-beta,24766,mean,0.2,0.012060453783110546,0.19950129953946272,-4.987004605372936E-4,0.0013857392120321802,true,true,ChecksPassed,Fitted,10000,10000,5708.580946412337,0.0192825
boundary-beta,24766,upper-half,0.01953125,0.01,0.018243898631004174,-0.001287351368995826,0.001024750453069705,true,true,ChecksPassed,Fitted,10000,10000,5708.580946412337,0.0192825
boundary-beta,32685,mean,0.2,0.012060453783110546,0.20134954788962106,0.00134954788962105,0.001371144963982145,true,true,ChecksPassed,Fitted,10000,10000,5851.095919750439,0.0156555
boundary-beta,32685,upper-half,0.01953125,0.01,0.019153061877056874,-3.7818812294312595E-4,0.0010971219724647595,true,true,ChecksPassed,Fitted,10000,10000,5851.095919750439,0.0156555
boundary-beta,40604,mean,0.2,0.012060453783110546,0.2002894564168194,2.8945641681937806E-4,0.0013973142109958098,true,true,ChecksPassed,Fitted,10000,10000,5718.433615809201,0.0138172
boundary-beta,40604,upper-half,0.01953125,0.01,0.020390967198287112,8.597171982871119E-4,0.0011554722495816076,true,true,ChecksPassed,Fitted,10000,10000,5718.433615809201,0.0138172
boundary-beta,48523,mean,0.2,0.012060453783110546,0.20375115711398367,0.003751157113983661,0.0013986629947962004,false,true,ChecksPassed,Fitted,10000,10000,5553.542632231916,0.0149305
boundary-beta,48523,upper-half,0.01953125,0.01,0.02065353240883359,0.0011222824088335907,0.001052422638599167,true,true,ChecksPassed,Fitted,10000,10000,5553.542632231916,0.0149305
boundary-beta,56442,mean,0.2,0.012060453783110546,0.20012178920499984,1.217892049998337E-4,0.0013531876493223347,true,true,ChecksPassed,Fitted,10000,10000,5641.52112293733,0.0150115
boundary-beta,56442,upper-half,0.01953125,0.01,0.01958060921834079,4.935921834078871E-5,9.581587968247131E-4,true,true,ChecksPassed,Fitted,10000,10000,5641.52112293733,0.0150115
boundary-beta,64361,mean,0.2,0.012060453783110546,0.1996821409261579,-3.1785907384210277E-4,0.0013832239095553905,true,true,ChecksPassed,Fitted,10000,10000,5414.936645322726,0.0154818
boundary-beta,64361,upper-half,0.01953125,0.01,0.018721447429461285,-8.098025705387153E-4,9.59837573476134E-4,true,true,ChecksPassed,Fitted,10000,10000,5414.936645322726,0.0154818
boundary-beta,72280,mean,0.2,0.012060453783110546,0.2008459020789306,8.459020789305938E-4,0.0014016298537713086,true,true,ChecksPassed,Fitted,10000,10000,5738.9719175589835,0.0148382
boundary-beta,72280,upper-half,0.01953125,0.01,0.01897705548190583,-5.541945180941692E-4,0.0011409615853125825,true,true,ChecksPassed,Fitted,10000,10000,5738.9719175589835,0.0148382
boundary-beta,80199,mean,0.2,0.012060453783110546,0.19835289201515527,-0.0016471079848447423,0.0014113980360174162,true,true,ChecksPassed,Fitted,10000,10000,6162.474200596522,0.0140036
boundary-beta,80199,upper-half,0.01953125,0.01,0.021793061169214194,0.0022618111692141937,0.001378828326182075,true,true,ChecksPassed,Fitted,10000,10000,6162.474200596522,0.0140036
boundary-beta,88118,mean,0.2,0.012060453783110546,0.20040028264451445,4.002826445144436E-4,0.0013619112315433842,true,true,ChecksPassed,Fitted,10000,10000,5736.206680920939,0.0154262
boundary-beta,88118,upper-half,0.01953125,0.01,0.0203995667292339,8.683167292338999E-4,0.0010352497339032782,true,true,ChecksPassed,Fitted,10000,10000,5736.206680920939,0.0154262
boundary-beta,96037,mean,0.2,0.012060453783110546,0.1990283803776824,-9.71619622317621E-4,0.0013710698211392822,true,true,ChecksPassed,Fitted,10000,10000,5818.599278040194,0.0136947
boundary-beta,96037,upper-half,0.01953125,0.01,0.01938036520113084,-1.5088479886915876E-4,0.0010468626872855455,true,true,ChecksPassed,Fitted,10000,10000,5818.599278040194,0.0136947
boundary-beta,103956,mean,0.2,0.012060453783110546,0.20122192258404706,0.0012219225840470471,0.0013772139086067742,true,true,ChecksPassed,Fitted,10000,10000,6048.455536783014,0.0132925
boundary-beta,103956,upper-half,0.01953125,0.01,0.02052969903249434,9.98449032494339E-4,0.0012385618914326016,true,true,ChecksPassed,Fitted,10000,10000,6048.455536783014,0.0132925
boundary-beta,111875,mean,0.2,0.012060453783110546,0.20006878663483438,6.878663483436687E-5,0.0013721413198240463,true,true,ChecksPassed,Fitted,10000,10000,5509.060295235324,0.0134041
boundary-beta,111875,upper-half,0.01953125,0.01,0.021129430308006226,0.0015981803080062258,0.00102990050113913,true,true,ChecksPassed,Fitted,10000,10000,5509.060295235324,0.0134041
boundary-beta,119794,mean,0.2,0.012060453783110546,0.19918842284502689,-8.115771549731254E-4,0.0013556983699345422,true,true,ChecksPassed,Fitted,10000,10000,5629.74762860183,0.0145023
boundary-beta,119794,upper-half,0.01953125,0.01,0.01817473299958212,-0.001356517000417879,9.715442817766684E-4,true,true,ChecksPassed,Fitted,10000,10000,5629.74762860183,0.0145023
boundary-beta,127713,mean,0.2,0.012060453783110546,0.20199014594102882,0.001990145941028809,0.0013852064797741524,true,true,ChecksPassed,Fitted,10000,10000,5769.772642156588,0.0143255
boundary-beta,127713,upper-half,0.01953125,0.01,0.018548139872314125,-9.831101276858746E-4,0.0010382558829966308,true,true,ChecksPassed,Fitted,10000,10000,5769.772642156588,0.0143255
boundary-beta,135632,mean,0.2,0.012060453783110546,0.19759624560867098,-0.0024037543913290327,0.0013953838598362582,true,true,ChecksPassed,Fitted,10000,10000,5582.184639129015,0.0142682
boundary-beta,135632,upper-half,0.01953125,0.01,0.019657856884438576,1.266068844385758E-4,0.001112343947991158,true,true,ChecksPassed,Fitted,10000,10000,5582.184639129015,0.0142682
boundary-beta,143551,mean,0.2,0.012060453783110546,0.19987427699362453,-1.2572300637547773E-4,0.0013727767656019406,true,true,ChecksPassed,Fitted,10000,10000,6388.270524472009,0.0128192
boundary-beta,143551,upper-half,0.01953125,0.01,0.01985222269512269,3.209726951226913E-4,0.0012846882302670903,true,true,ChecksPassed,Fitted,10000,10000,6388.270524472009,0.0128192
boundary-beta,151470,mean,0.2,0.012060453783110546,0.20118764513413026,0.0011876451341302496,0.001439965006552085,true,true,ChecksPassed,Fitted,10000,10000,5495.3770205671535,0.0128773
boundary-beta,151470,upper-half,0.01953125,0.01,0.021287382903686543,0.0017561329036865428,0.0012668173545865558,true,true,ChecksPassed,Fitted,10000,10000,5495.3770205671535,0.0128773
boundary-beta,159389,mean,0.2,0.012060453783110546,0.20012572327121683,1.2572327121682103E-4,0.0013823883345518587,true,true,ChecksPassed,Fitted,10000,10000,5734.253889076476,0.0136101
boundary-beta,159389,upper-half,0.01953125,0.01,0.021110565883339604,0.0015793158833396041,0.0011281180739400216,true,true,ChecksPassed,Fitted,10000,10000,5734.253889076476,0.0136101
boundary-beta,167308,mean,0.2,0.012060453783110546,0.20206792762255638,0.0020679276225563648,0.001386269233027421,true,true,ChecksPassed,Fitted,10000,10000,6036.02616946718,0.01555
boundary-beta,167308,upper-half,0.01953125,0.01,0.020668966788405928,0.0011377167884059278,0.0011736053832735469,true,true,ChecksPassed,Fitted,10000,10000,6036.02616946718,0.01555
boundary-beta,175227,mean,0.2,0.012060453783110546,0.2000070514193519,7.051419351894461E-6,0.0013982657557517991,true,true,ChecksPassed,Fitted,10000,10000,5722.680308411731,0.0142504
boundary-beta,175227,upper-half,0.01953125,0.01,0.020269830273507993,7.385802735079931E-4,0.0010890745908327857,true,true,ChecksPassed,Fitted,10000,10000,5722.680308411731,0.0142504
boundary-beta,183146,mean,0.2,0.012060453783110546,0.19988679053145852,-1.1320946854148639E-4,0.0014149187954770957,true,true,ChecksPassed,Fitted,10000,10000,5531.2421703346445,0.0156828
boundary-beta,183146,upper-half,0.01953125,0.01,0.021495912199677253,0.001964662199677253,0.001171368468971198,true,true,ChecksPassed,Fitted,10000,10000,5531.2421703346445,0.0156828
boundary-beta,191065,mean,0.2,0.012060453783110546,0.20162900859344574,0.0016290085934457244,0.0014271151213210611,true,true,ChecksPassed,Fitted,10000,10000,5411.417751773782,0.0135777
boundary-beta,191065,upper-half,0.01953125,0.01,0.020867291097475454,0.0013360410974754544,0.001127863807473739,true,true,ChecksPassed,Fitted,10000,10000,5411.417751773782,0.0135777
boundary-beta,198984,mean,0.2,0.012060453783110546,0.20081979625533897,8.19796255338956E-4,0.0014188256668472726,true,true,ChecksPassed,Fitted,10000,10000,5629.877486390429,0.0143879
boundary-beta,198984,upper-half,0.01953125,0.01,0.019616177859711044,8.492785971104394E-5,0.0011918868111750274,true,true,ChecksPassed,Fitted,10000,10000,5629.877486390429,0.0143879
boundary-beta,206903,mean,0.2,0.012060453783110546,0.20312994628893394,0.003129946288933927,0.0014322370929320456,false,true,ChecksPassed,Fitted,10000,10000,5544.108341693735,0.0179914
boundary-beta,206903,upper-half,0.01953125,0.01,0.020320592033240097,7.893420332400966E-4,0.0011449006474889777,true,true,ChecksPassed,Fitted,10000,10000,5544.108341693735,0.0179914
boundary-beta,214822,mean,0.2,0.012060453783110546,0.2010270755086054,0.0010270755086053962,0.0013942765629829886,true,true,ChecksPassed,Fitted,10000,10000,5600.703360820345,0.0143544
boundary-beta,214822,upper-half,0.01953125,0.01,0.02161573894780838,0.0020844889478083793,0.0011599241621370942,true,true,ChecksPassed,Fitted,10000,10000,5600.703360820345,0.0143544
boundary-beta,222741,mean,0.2,0.012060453783110546,0.19697051572345703,-0.003029484276542982,0.001360979773956956,false,true,ChecksPassed,Fitted,10000,10000,5654.086976417686,0.0138898
boundary-beta,222741,upper-half,0.01953125,0.01,0.020157522674114598,6.262726741145981E-4,0.001013939373539536,true,true,ChecksPassed,Fitted,10000,10000,5654.086976417686,0.0138898
boundary-beta,230660,mean,0.2,0.012060453783110546,0.2015794991793767,0.0015794991793766922,0.0013960125456178713,true,true,ChecksPassed,Fitted,10000,10000,5646.31404407475,0.0136101
boundary-beta,230660,upper-half,0.01953125,0.01,0.0181701159969452,-0.0013611340030547994,0.0010212536991704836,true,true,ChecksPassed,Fitted,10000,10000,5646.31404407475,0.0136101
cauchy-event,1009,above-five,0.06283295818900114,0.02,0.062499398925245565,-3.3355926375557704E-4,0.006329742019573114,true,true,ChecksPassed,Fitted,10000,10000,1034.9069765739043,0.032853
cauchy-event,8928,above-five,0.06283295818900114,0.02,0.05882638423063362,-0.004006573958367524,0.005374795594515837,true,true,ChecksPassed,Fitted,10000,10000,1097.2832335144108,0.0313022
cauchy-event,16847,above-five,0.06283295818900114,0.02,0.06267784228498945,-1.5511590401169617E-4,0.0027048761899764683,true,true,ChecksPassed,Fitted,10000,10000,2158.87888720938,0.0327196
cauchy-event,24766,above-five,0.06283295818900114,0.02,0.0634034365554046,5.704783664034624E-4,0.002666974957449879,true,true,ChecksPassed,Fitted,10000,10000,1725.3558654866792,0.0364018
cauchy-event,32685,above-five,0.06283295818900114,0.02,0.05491769390820837,-0.00791526428079277,0.0034881618401256796,false,true,ChecksPassed,Fitted,10000,10000,1261.579929770208,0.038646
cauchy-event,40604,above-five,0.06283295818900114,0.02,0.06128848949546342,-0.0015444686935377205,0.0049068270429997105,true,true,ChecksPassed,Fitted,10000,10000,1120.6019334504936,0.0302411
cauchy-event,48523,above-five,0.06283295818900114,0.02,0.06637244222348045,0.003539484034479304,0.0036563143908459974,true,true,ChecksPassed,Fitted,10000,10000,1279.7779898420438,0.0310035
cauchy-event,56442,above-five,0.06283295818900114,0.02,0.06217509934582376,-6.578588431773794E-4,0.002903379926735325,true,true,ChecksPassed,Fitted,10000,10000,1602.3023295223543,0.0292375
cauchy-event,64361,above-five,0.06283295818900114,0.02,0.06309003638441464,2.5707819541349874E-4,0.0023215227756766695,true,true,ChecksPassed,Fitted,10000,10000,1719.9741401562992,0.0298434
cauchy-event,72280,above-five,0.06283295818900114,0.02,0.06176751324159804,-0.0010654449474030991,0.002211611766724214,true,true,ChecksPassed,Fitted,10000,10000,2229.9038109626817,0.033511
cauchy-event,80199,above-five,0.06283295818900114,0.02,0.06605569855291096,0.0032227403639098207,0.00344255021413493,true,true,ChecksPassed,Fitted,10000,10000,1418.6688743729826,0.0304152
cauchy-event,88118,above-five,0.06283295818900114,0.02,0.06586887454273985,0.0030359163537387046,0.0032834246742541274,true,true,ChecksPassed,Fitted,10000,10000,1394.9753231262357,0.0379558
cauchy-event,96037,above-five,0.06283295818900114,0.02,0.06332661523595584,4.936570469546986E-4,0.0029014871392050692,true,true,ChecksPassed,Fitted,10000,10000,1509.1758334933886,0.0307329
cauchy-event,103956,above-five,0.06283295818900114,0.02,0.055339114633863457,-0.007493843555137686,0.0043775391053530975,true,true,ChecksPassed,Fitted,10000,10000,1130.3120943866857,0.0289469
cauchy-event,111875,above-five,0.06283295818900114,0.02,0.05814986544586337,-0.004683092743137773,0.0021778930870558853,false,true,ChecksPassed,Fitted,10000,10000,2261.4531637944033,0.0297824
cauchy-event,119794,above-five,0.06283295818900114,0.02,0.062070691509933044,-7.622666790680979E-4,0.004000614191708034,true,true,ChecksPassed,Fitted,10000,10000,1278.522254393996,0.0326595
cauchy-event,127713,above-five,0.06283295818900114,0.02,0.060478256508867095,-0.002354701680134047,0.003124069731311448,true,true,ChecksPassed,Fitted,10000,10000,1386.2120665098344,0.0302496
cauchy-event,135632,above-five,0.06283295818900114,0.02,0.05927173438236134,-0.003561223806639806,0.003264933937330937,true,true,ChecksPassed,Fitted,10000,10000,1387.6428382570316,0.0302531
cauchy-event,143551,above-five,0.06283295818900114,0.02,0.06256980786344896,-2.631503255521861E-4,0.003168087438854261,true,true,ChecksPassed,Fitted,10000,10000,1410.8430323400166,0.0302915
cauchy-event,151470,above-five,0.06283295818900114,0.02,0.06530917008358521,0.0024762118945840655,0.0025286821605539247,true,true,ChecksPassed,Fitted,10000,10000,1772.6388282429612,0.0296605
cauchy-event,159389,above-five,0.06283295818900114,0.02,0.06262520712546289,-2.0775106353825012E-4,0.0029715147285507442,true,true,ChecksPassed,Fitted,10000,10000,1415.1257444605214,0.0293347
cauchy-event,167308,above-five,0.06283295818900114,0.02,0.06303152971983336,1.9857153083222E-4,0.0033347373460454704,true,true,ChecksPassed,Fitted,10000,10000,1316.2000955905005,0.0291817
cauchy-event,175227,above-five,0.06283295818900114,0.02,0.05722252806646801,-0.005610430122533129,0.002270211361980803,false,true,ChecksPassed,Fitted,10000,10000,1786.6187088497252,0.0298274
cauchy-event,183146,above-five,0.06283295818900114,0.02,0.06834328454654483,0.005510326357543685,0.004393275979534362,true,true,ChecksPassed,Fitted,10000,10000,1192.4312833759764,0.0297102
cauchy-event,191065,above-five,0.06283295818900114,0.02,0.055449199744050506,-0.007383758444950636,0.006510648702506821,true,true,ChecksPassed,Fitted,10000,10000,1065.78471299637,0.0301158
cauchy-event,198984,above-five,0.06283295818900114,0.02,0.06335983823907158,5.268800500704413E-4,0.0027310834520892714,true,true,ChecksPassed,Fitted,10000,10000,1710.921595812609,0.0294
cauchy-event,206903,above-five,0.06283295818900114,0.02,0.06707611381564726,0.004243155626646122,0.0026753298512334597,true,true,ChecksPassed,Fitted,10000,10000,1660.0411037454157,0.0290322
cauchy-event,214822,above-five,0.06283295818900114,0.02,0.06022925529389444,-0.0026037028951067034,0.0023337133883928897,true,true,ChecksPassed,Fitted,10000,10000,1936.068406356155,0.0292698
cauchy-event,222741,above-five,0.06283295818900114,0.02,0.061137868048767315,-0.0016950901402338278,0.003674873681857022,true,true,ChecksPassed,Fitted,10000,10000,1293.1206421411555,0.0338562
cauchy-event,230660,above-five,0.06283295818900114,0.02,0.0615503317292459,-0.0012826264597552428,0.003784864048958546,true,true,ChecksPassed,Fitted,10000,10000,1277.0870910061517,0.0312326
