recordingSha256,kind,legacyGroup,group,detail,site,caller,truncated,count,value
"4949a94d5ea5984a653f3c0d63511565de1c58a2b92b4ca2ab1d29f012cdfdca","allocation","diagnostics","diagnostics","[D","com.cra.figaro.algorithm.sampling.parallel.McmcDiagnostics$.$anonfun$1:39","none","false","45","466936528"
"4949a94d5ea5984a653f3c0d63511565de1c58a2b92b4ca2ab1d29f012cdfdca","allocation","diagnostics","diagnostics","[D","com.cra.figaro.algorithm.sampling.parallel.McmcDiagnostics$.$anonfun$5:63","none","false","35","476532432"
"4949a94d5ea5984a653f3c0d63511565de1c58a2b92b4ca2ab1d29f012cdfdca","allocation","diagnostics","diagnostics","[D","com.cra.figaro.algorithm.sampling.parallel.McmcDiagnostics$.$anonfun$6$$anonfun$1:71","none","false","32","360210472"
"4949a94d5ea5984a653f3c0d63511565de1c58a2b92b4ca2ab1d29f012cdfdca","allocation","diagnostics","diagnostics","[D","com.cra.figaro.algorithm.sampling.parallel.McmcDiagnostics$.$anonfun$6$$anonfun$1:71","none","true","40","123410352"
"4949a94d5ea5984a653f3c0d63511565de1c58a2b92b4ca2ab1d29f012cdfdca","allocation","diagnostics","diagnostics","[D","com.cra.figaro.algorithm.sampling.parallel.McmcDiagnostics$.$anonfun$8:74","none","false","48","690806488"
"4949a94d5ea5984a653f3c0d63511565de1c58a2b92b4ca2ab1d29f012cdfdca","allocation","diagnostics","diagnostics","[D","com.cra.figaro.algorithm.sampling.parallel.McmcDiagnostics$.autocovariance:223","none","false","397","2548814120"
"4949a94d5ea5984a653f3c0d63511565de1c58a2b92b4ca2ab1d29f012cdfdca","allocation","diagnostics","diagnostics","[D","com.cra.figaro.algorithm.sampling.parallel.McmcDiagnostics$.autocovariance:223","none","true","222","1056948976"
"4949a94d5ea5984a653f3c0d63511565de1c58a2b92b4ca2ab1d29f012cdfdca","allocation","diagnostics","diagnostics","[D","com.cra.figaro.algorithm.sampling.parallel.McmcDiagnostics$.autocovariance:224","none","false","449","3515008016"
"4949a94d5ea5984a653f3c0d63511565de1c58a2b92b4ca2ab1d29f012cdfdca","allocation","diagnostics","diagnostics","[D","com.cra.figaro.algorithm.sampling.parallel.McmcDiagnostics$.autocovariance:224","none","true","244","951228200"
"4949a94d5ea5984a653f3c0d63511565de1c58a2b92b4ca2ab1d29f012cdfdca","allocation","diagnostics","diagnostics","[D","com.cra.figaro.algorithm.sampling.parallel.McmcDiagnostics$.autocovariance:256","none","false","258","1515381904"
"4949a94d5ea5984a653f3c0d63511565de1c58a2b92b4ca2ab1d29f012cdfdca","allocation","diagnostics","diagnostics","[D","com.cra.figaro.algorithm.sampling.parallel.McmcDiagnostics$.autocovariance:256","none","true","234","772608096"
"4949a94d5ea5984a653f3c0d63511565de1c58a2b92b4ca2ab1d29f012cdfdca","allocation","diagnostics","diagnostics","[D","com.cra.figaro.algorithm.sampling.parallel.McmcDiagnostics$.ess:270","none","false","3","11915256"
"4949a94d5ea5984a653f3c0d63511565de1c58a2b92b4ca2ab1d29f012cdfdca","allocation","diagnostics","diagnostics","[D","com.cra.figaro.algorithm.sampling.parallel.McmcDiagnostics$.rankNormalize$$anonfun$1:202","none","false","56","770589216"
"4949a94d5ea5984a653f3c0d63511565de1c58a2b92b4ca2ab1d29f012cdfdca","allocation","diagnostics","diagnostics","[D","com.cra.figaro.algorithm.sampling.parallel.McmcDiagnostics$.rankNormalize$$anonfun$1:202","none","true","165","646693064"
"4949a94d5ea5984a653f3c0d63511565de1c58a2b92b4ca2ab1d29f012cdfdca","allocation","diagnostics","diagnostics","[D","com.cra.figaro.algorithm.sampling.parallel.McmcDiagnostics$.rankNormalize:181","none","false","82","608086912"
"4949a94d5ea5984a653f3c0d63511565de1c58a2b92b4ca2ab1d29f012cdfdca","allocation","diagnostics","diagnostics","[D","com.cra.figaro.algorithm.sampling.parallel.McmcDiagnostics$.rankNormalize:183","none","false","116","1007197136"
"4949a94d5ea5984a653f3c0d63511565de1c58a2b92b4ca2ab1d29f012cdfdca","allocation","diagnostics","diagnostics","[D","com.cra.figaro.algorithm.sampling.parallel.McmcDiagnostics$.rankNormalize:202","none","false","249","1835555008"
"4949a94d5ea5984a653f3c0d63511565de1c58a2b92b4ca2ab1d29f012cdfdca","allocation","diagnostics","diagnostics","[D","com.cra.figaro.algorithm.sampling.parallel.McmcDiagnostics$.rhat:206","none","false","1","4189024"
"4949a94d5ea5984a653f3c0d63511565de1c58a2b92b4ca2ab1d29f012cdfdca","allocation","diagnostics","diagnostics","[D","com.cra.figaro.algorithm.sampling.parallel.McmcDiagnostics$.rhat:207","none","false","1","1462064"
"4949a94d5ea5984a653f3c0d63511565de1c58a2b92b4ca2ab1d29f012cdfdca","allocation","diagnostics","diagnostics","[D","com.cra.figaro.algorithm.sampling.parallel.McmcDiagnostics$.rho$1:274","none","false","39","382219688"
"4949a94d5ea5984a653f3c0d63511565de1c58a2b92b4ca2ab1d29f012cdfdca","allocation","diagnostics","diagnostics","[D","com.cra.figaro.algorithm.sampling.parallel.McmcDiagnostics$.rho$1:274","none","true","19","65509584"
"4949a94d5ea5984a653f3c0d63511565de1c58a2b92b4ca2ab1d29f012cdfdca","allocation","diagnostics","diagnostics","[D","com.cra.figaro.algorithm.sampling.parallel.McmcDiagnostics$.sortedValues:125","none","false","67","760159448"
"4949a94d5ea5984a653f3c0d63511565de1c58a2b92b4ca2ab1d29f012cdfdca","allocation","diagnostics","diagnostics","[D","com.cra.figaro.algorithm.sampling.parallel.McmcDiagnostics$.split$$anonfun$1:114","none","false","91","872979360"
"4949a94d5ea5984a653f3c0d63511565de1c58a2b92b4ca2ab1d29f012cdfdca","allocation","diagnostics","diagnostics","[D","com.cra.figaro.algorithm.sampling.parallel.McmcDiagnostics$.split$$anonfun$1:114","none","true","216","634397624"
"4949a94d5ea5984a653f3c0d63511565de1c58a2b92b4ca2ab1d29f012cdfdca","allocation","diagnostics","diagnostics","[D","com.cra.figaro.algorithm.sampling.parallel.McmcDiagnostics$.summarize:40","none","false","39","610861752"
"4949a94d5ea5984a653f3c0d63511565de1c58a2b92b4ca2ab1d29f012cdfdca","allocation","diagnostics","diagnostics","[D","com.cra.figaro.algorithm.sampling.parallel.McmcDiagnostics$.summarize:44","none","false","26","248484520"
"4949a94d5ea5984a653f3c0d63511565de1c58a2b92b4ca2ab1d29f012cdfdca","allocation","diagnostics","diagnostics","[D","com.cra.figaro.algorithm.sampling.parallel.McmcDiagnostics$.summarize:69","none","false","7","41717832"
"4949a94d5ea5984a653f3c0d63511565de1c58a2b92b4ca2ab1d29f012cdfdca","allocation","diagnostics","diagnostics","[I","com.cra.figaro.algorithm.sampling.parallel.McmcDiagnostics$.rankNormalize:184","none","false","34","93078240"
"4949a94d5ea5984a653f3c0d63511565de1c58a2b92b4ca2ab1d29f012cdfdca","allocation","diagnostics","diagnostics","[I","com.cra.figaro.algorithm.sampling.parallel.McmcDiagnostics$.sortedIndices:134","none","false","67","354261952"
"4949a94d5ea5984a653f3c0d63511565de1c58a2b92b4ca2ab1d29f012cdfdca","allocation","diagnostics","diagnostics","[I","com.cra.figaro.algorithm.sampling.parallel.McmcDiagnostics$.sortedIndices:135","none","false","113","670121784"
"4949a94d5ea5984a653f3c0d63511565de1c58a2b92b4ca2ab1d29f012cdfdca","allocation","diagnostics","diagnostics","[[D","com.cra.figaro.algorithm.sampling.parallel.McmcDiagnostics$.autocovariance:225","none","false","57","850231088"
"4949a94d5ea5984a653f3c0d63511565de1c58a2b92b4ca2ab1d29f012cdfdca","allocation","diagnostics","diagnostics","[[D","com.cra.figaro.algorithm.sampling.parallel.McmcDiagnostics$.autocovariance:225","none","true","2","16856016"
"4949a94d5ea5984a653f3c0d63511565de1c58a2b92b4ca2ab1d29f012cdfdca","allocation","diagnostics","diagnostics","[[D","com.cra.figaro.algorithm.sampling.parallel.McmcDiagnostics$.rankNormalize:202","none","false","5","78047000"
"4949a94d5ea5984a653f3c0d63511565de1c58a2b92b4ca2ab1d29f012cdfdca","allocation","diagnostics","diagnostics","[[D","com.cra.figaro.algorithm.sampling.parallel.McmcDiagnostics$.rankNormalize:202","none","true","1","520480"
"4949a94d5ea5984a653f3c0d63511565de1c58a2b92b4ca2ab1d29f012cdfdca","allocation","diagnostics","diagnostics","[[D","com.cra.figaro.algorithm.sampling.parallel.McmcDiagnostics$.split$$anonfun$1:114","none","false","18","253559856"
"4949a94d5ea5984a653f3c0d63511565de1c58a2b92b4ca2ab1d29f012cdfdca","allocation","diagnostics","diagnostics","[[D","com.cra.figaro.algorithm.sampling.parallel.McmcDiagnostics$.split$$anonfun$1:114","none","true","2","18157704"
"4949a94d5ea5984a653f3c0d63511565de1c58a2b92b4ca2ab1d29f012cdfdca","allocation","diagnostics","diagnostics","[[D","com.cra.figaro.algorithm.sampling.parallel.McmcDiagnostics$.split:114","none","false","1","215384"
"4949a94d5ea5984a653f3c0d63511565de1c58a2b92b4ca2ab1d29f012cdfdca","allocation","diagnostics","diagnostics","com.cra.figaro.algorithm.sampling.parallel.McmcDiagnostics$$$Lambda$4928","com.cra.figaro.algorithm.sampling.parallel.McmcDiagnostics$.summarize:60","none","false","1","1517456"
"4949a94d5ea5984a653f3c0d63511565de1c58a2b92b4ca2ab1d29f012cdfdca","allocation","diagnostics","diagnostics","com.cra.figaro.algorithm.sampling.parallel.McmcDiagnostics$$$Lambda$4944","com.cra.figaro.algorithm.sampling.parallel.McmcDiagnostics$.rho$1:274","none","false","4","37998248"
"4949a94d5ea5984a653f3c0d63511565de1c58a2b92b4ca2ab1d29f012cdfdca","allocation","diagnostics","diagnostics","com.cra.figaro.algorithm.sampling.parallel.McmcDiagnostics$$$Lambda$4944","com.cra.figaro.algorithm.sampling.parallel.McmcDiagnostics$.rho$1:274","none","true","2","7325664"
"4949a94d5ea5984a653f3c0d63511565de1c58a2b92b4ca2ab1d29f012cdfdca","allocation","diagnostics","diagnostics","com.cra.figaro.algorithm.sampling.parallel.McmcDiagnostics$$$Lambda$4950","com.cra.figaro.algorithm.sampling.parallel.McmcDiagnostics$.$anonfun$6$$anonfun$1:71","none","true","1","908304"
"4949a94d5ea5984a653f3c0d63511565de1c58a2b92b4ca2ab1d29f012cdfdca","allocation","diagnostics","diagnostics","java.lang.Double","com.cra.figaro.algorithm.sampling.parallel.McmcDiagnostics$$$Lambda$4944.apply:-1","none","false","111","747297112"
"4949a94d5ea5984a653f3c0d63511565de1c58a2b92b4ca2ab1d29f012cdfdca","allocation","diagnostics","diagnostics","java.lang.Double","com.cra.figaro.algorithm.sampling.parallel.McmcDiagnostics$$$Lambda$4944.apply:-1","none","true","38","269156160"
"4949a94d5ea5984a653f3c0d63511565de1c58a2b92b4ca2ab1d29f012cdfdca","allocation","diagnostics","diagnostics","java.lang.Double","com.cra.figaro.algorithm.sampling.parallel.McmcDiagnostics$.$anonfun$5:63","none","false","358","2676003008"
"4949a94d5ea5984a653f3c0d63511565de1c58a2b92b4ca2ab1d29f012cdfdca","allocation","diagnostics","diagnostics","java.lang.Double","com.cra.figaro.algorithm.sampling.parallel.McmcDiagnostics$.$anonfun$6$$anonfun$1:71","none","false","388","3051297304"
"4949a94d5ea5984a653f3c0d63511565de1c58a2b92b4ca2ab1d29f012cdfdca","allocation","diagnostics","diagnostics","java.lang.Double","com.cra.figaro.algorithm.sampling.parallel.McmcDiagnostics$.$anonfun$6$$anonfun$1:71","none","true","392","2079782080"
"4949a94d5ea5984a653f3c0d63511565de1c58a2b92b4ca2ab1d29f012cdfdca","allocation","diagnostics","diagnostics","java.lang.Double","com.cra.figaro.algorithm.sampling.parallel.McmcDiagnostics$.$anonfun$8:74","none","false","345","2850721744"
"4949a94d5ea5984a653f3c0d63511565de1c58a2b92b4ca2ab1d29f012cdfdca","allocation","diagnostics","diagnostics","java.lang.Double","com.cra.figaro.algorithm.sampling.parallel.McmcDiagnostics$.average:90","none","false","3","12567096"
"4949a94d5ea5984a653f3c0d63511565de1c58a2b92b4ca2ab1d29f012cdfdca","allocation","diagnostics","diagnostics","java.lang.Double","com.cra.figaro.algorithm.sampling.parallel.McmcDiagnostics$.ess:270","none","false","3","21729224"
"4949a94d5ea5984a653f3c0d63511565de1c58a2b92b4ca2ab1d29f012cdfdca","allocation","diagnostics","diagnostics","java.lang.Double","com.cra.figaro.algorithm.sampling.parallel.McmcDiagnostics$.rhat:206","none","false","1","4190512"
"4949a94d5ea5984a653f3c0d63511565de1c58a2b92b4ca2ab1d29f012cdfdca","allocation","diagnostics","diagnostics","java.lang.Double","com.cra.figaro.algorithm.sampling.parallel.McmcDiagnostics$.rhat:206","none","true","1","8604496"
"4949a94d5ea5984a653f3c0d63511565de1c58a2b92b4ca2ab1d29f012cdfdca","allocation","diagnostics","diagnostics","java.lang.Double","com.cra.figaro.algorithm.sampling.parallel.McmcDiagnostics$.rhat:210","none","false","1","5519352"
"4949a94d5ea5984a653f3c0d63511565de1c58a2b92b4ca2ab1d29f012cdfdca","allocation","diagnostics","diagnostics","java.lang.Double","com.cra.figaro.algorithm.sampling.parallel.McmcDiagnostics$.rho$1:274","none","false","121","1261245912"
"4949a94d5ea5984a653f3c0d63511565de1c58a2b92b4ca2ab1d29f012cdfdca","allocation","diagnostics","diagnostics","java.lang.Double","com.cra.figaro.algorithm.sampling.parallel.McmcDiagnostics$.rho$1:274","none","true","160","1165940128"
"4949a94d5ea5984a653f3c0d63511565de1c58a2b92b4ca2ab1d29f012cdfdca","allocation","diagnostics","diagnostics","java.lang.Double","com.cra.figaro.algorithm.sampling.parallel.McmcDiagnostics$.summarize:43","none","false","313","2558494760"
"4949a94d5ea5984a653f3c0d63511565de1c58a2b92b4ca2ab1d29f012cdfdca","allocation","diagnostics","diagnostics","java.lang.Double","com.cra.figaro.algorithm.sampling.parallel.McmcDiagnostics$.summarize:44","none","false","349","2810280896"
"4949a94d5ea5984a653f3c0d63511565de1c58a2b92b4ca2ab1d29f012cdfdca","allocation","diagnostics","diagnostics","org.apache.commons.math3.random.RandomDataImpl","com.cra.figaro.algorithm.sampling.parallel.McmcDiagnostics$.rankNormalize:184","none","false","1","4065128"
"4949a94d5ea5984a653f3c0d63511565de1c58a2b92b4ca2ab1d29f012cdfdca","allocation","diagnostics","diagnostics","org.apache.commons.math3.random.Well19937c","com.cra.figaro.algorithm.sampling.parallel.McmcDiagnostics$.rankNormalize:184","none","false","1","4313104"
"4949a94d5ea5984a653f3c0d63511565de1c58a2b92b4ca2ab1d29f012cdfdca","allocation","diagnostics","diagnostics","scala.collection.IterableOnceOps$$Lambda$4799","com.cra.figaro.algorithm.sampling.parallel.McmcDiagnostics$.rho$1:274","none","false","11","150648128"
"4949a94d5ea5984a653f3c0d63511565de1c58a2b92b4ca2ab1d29f012cdfdca","allocation","diagnostics","diagnostics","scala.collection.IterableOnceOps$$Lambda$4799","com.cra.figaro.algorithm.sampling.parallel.McmcDiagnostics$.rho$1:274","none","true","4","11649392"
"4949a94d5ea5984a653f3c0d63511565de1c58a2b92b4ca2ab1d29f012cdfdca","allocation","diagnostics","diagnostics","scala.collection.Iterator$$anon$20","com.cra.figaro.algorithm.sampling.parallel.McmcDiagnostics$.summarize:73","none","false","1","2094528"
"4949a94d5ea5984a653f3c0d63511565de1c58a2b92b4ca2ab1d29f012cdfdca","allocation","diagnostics","diagnostics","scala.collection.immutable.ArraySeq$ofRef","com.cra.figaro.algorithm.sampling.parallel.McmcDiagnostics$.split$$anonfun$1:114","none","false","3","16810000"
"4949a94d5ea5984a653f3c0d63511565de1c58a2b92b4ca2ab1d29f012cdfdca","allocation","diagnostics","diagnostics","scala.collection.immutable.NewVectorIterator","com.cra.figaro.algorithm.sampling.parallel.McmcDiagnostics$.$anonfun$1:39","none","false","4","23363544"
"4949a94d5ea5984a653f3c0d63511565de1c58a2b92b4ca2ab1d29f012cdfdca","allocation","diagnostics","diagnostics","scala.collection.immutable.NewVectorIterator","com.cra.figaro.algorithm.sampling.parallel.McmcDiagnostics$.summarize:64","none","false","1","929088"
"4949a94d5ea5984a653f3c0d63511565de1c58a2b92b4ca2ab1d29f012cdfdca","allocation","diagnostics","diagnostics","scala.collection.mutable.ArraySeq$ofDouble","com.cra.figaro.algorithm.sampling.parallel.McmcDiagnostics$.$anonfun$11:181","none","false","4","29949584"
"4949a94d5ea5984a653f3c0d63511565de1c58a2b92b4ca2ab1d29f012cdfdca","allocation","diagnostics","diagnostics","scala.collection.mutable.ArraySeq$ofDouble","com.cra.figaro.algorithm.sampling.parallel.McmcDiagnostics$.$anonfun$2:40","none","false","2","15783904"
"4949a94d5ea5984a653f3c0d63511565de1c58a2b92b4ca2ab1d29f012cdfdca","allocation","diagnostics","diagnostics","scala.collection.mutable.ArraySeq$ofDouble","com.cra.figaro.algorithm.sampling.parallel.McmcDiagnostics$.rho$1:274","none","false","8","112473120"
"4949a94d5ea5984a653f3c0d63511565de1c58a2b92b4ca2ab1d29f012cdfdca","allocation","other","other","[B","java.lang.StringLatin1.toLowerCase:453","none","false","25","1034584"
"4949a94d5ea5984a653f3c0d63511565de1c58a2b92b4ca2ab1d29f012cdfdca","allocation","other","other","[B","java.util.Arrays.copyOf:3537","none","false","2","22873304"
"4949a94d5ea5984a653f3c0d63511565de1c58a2b92b4ca2ab1d29f012cdfdca","allocation","other","other","[B","java.util.Arrays.copyOf:3537","none","true","1","616088"
"4949a94d5ea5984a653f3c0d63511565de1c58a2b92b4ca2ab1d29f012cdfdca","allocation","other","other","[B","java.util.zip.InflaterInputStream.<init>:88","none","false","2","1296888"
"4949a94d5ea5984a653f3c0d63511565de1c58a2b92b4ca2ab1d29f012cdfdca","allocation","other","other","[B","java.util.zip.InflaterInputStream.<init>:88","none","true","1","621648"
"4949a94d5ea5984a653f3c0d63511565de1c58a2b92b4ca2ab1d29f012cdfdca","allocation","other","other","[C","sun.nio.fs.WindowsWatchService$Poller.processEvents:563","none","false","1","44440"
"4949a94d5ea5984a653f3c0d63511565de1c58a2b92b4ca2ab1d29f012cdfdca","allocation","other","other","[I","scala.collection.immutable.Node.removeElement:68","none","false","1","33920"
"4949a94d5ea5984a653f3c0d63511565de1c58a2b92b4ca2ab1d29f012cdfdca","allocation","other","other","[Ljava.lang.Object;","java.lang.Throwable.fillInStackTrace:-1","none","false","1","175072"
"4949a94d5ea5984a653f3c0d63511565de1c58a2b92b4ca2ab1d29f012cdfdca","allocation","other","other","[Ljava.lang.Object;","javax.management.openmbean.CompositeDataSupport.getAll:291","none","false","1","24912"
"4949a94d5ea5984a653f3c0d63511565de1c58a2b92b4ca2ab1d29f012cdfdca","allocation","other","other","[Ljava.lang.Object;","scala.collection.immutable.Vector3.map:2248","none","false","14","42818440"
"4949a94d5ea5984a653f3c0d63511565de1c58a2b92b4ca2ab1d29f012cdfdca","allocation","other","other","[Ljava.lang.Object;","scala.collection.immutable.VectorStatics$.mapElems:2248","none","false","5","21782912"
"4949a94d5ea5984a653f3c0d63511565de1c58a2b92b4ca2ab1d29f012cdfdca","allocation","other","other","[Ljava.lang.Object;","scala.collection.immutable.VectorStatics$.mapElemsRest:2248","none","false","9","38741896"
"4949a94d5ea5984a653f3c0d63511565de1c58a2b92b4ca2ab1d29f012cdfdca","allocation","other","other","[Ljava.lang.Object;","sun.management.MappedMXBeanType$MapMXBeanType.toOpenTypeData:550","none","false","1","4144"
"4949a94d5ea5984a653f3c0d63511565de1c58a2b92b4ca2ab1d29f012cdfdca","allocation","other","other","[Ljava.lang.Object;","sun.management.MemoryUsageCompositeData.getCompositeData:59","none","false","9","277408"
"4949a94d5ea5984a653f3c0d63511565de1c58a2b92b4ca2ab1d29f012cdfdca","allocation","other","other","[Ljava.security.ProtectionDomain;","java.security.AccessControlContext.combine:716","none","false","2","11006616"
"4949a94d5ea5984a653f3c0d63511565de1c58a2b92b4ca2ab1d29f012cdfdca","allocation","other","other","[Ljava.util.HashMap$Node;","java.util.HashMap.resize:702","none","false","3","151336"
"4949a94d5ea5984a653f3c0d63511565de1c58a2b92b4ca2ab1d29f012cdfdca","allocation","other","other","[Ljava.util.concurrent.LinkedBlockingQueue$Node;","java.util.concurrent.LinkedBlockingQueue.bulkRemove:1071","none","false","3","77272"
"4949a94d5ea5984a653f3c0d63511565de1c58a2b92b4ca2ab1d29f012cdfdca","allocation","other","other","[S","java.lang.Throwable.fillInStackTrace:-1","none","false","1","1432"
"4949a94d5ea5984a653f3c0d63511565de1c58a2b92b4ca2ab1d29f012cdfdca","allocation","other","other","com.cra.figaro.example.VectorSamplingPerformance$$$Lambda$4969","java.lang.invoke.DirectMethodHandle.allocateInstance:520","none","false","14","153431792"
"4949a94d5ea5984a653f3c0d63511565de1c58a2b92b4ca2ab1d29f012cdfdca","allocation","other","other","java.lang.Double","java.lang.Double.valueOf:632","none","false","120","690153440"
"4949a94d5ea5984a653f3c0d63511565de1c58a2b92b4ca2ab1d29f012cdfdca","allocation","other","other","java.lang.Long","java.lang.Long.valueOf:1211","none","false","27","1392304"
"4949a94d5ea5984a653f3c0d63511565de1c58a2b92b4ca2ab1d29f012cdfdca","allocation","other","other","java.lang.String","java.lang.StringLatin1.replace:322","none","false","1","1268488"
"4949a94d5ea5984a653f3c0d63511565de1c58a2b92b4ca2ab1d29f012cdfdca","allocation","other","other","java.lang.String","java.lang.StringLatin1.toLowerCase:464","none","false","4","142960"
"4949a94d5ea5984a653f3c0d63511565de1c58a2b92b4ca2ab1d29f012cdfdca","allocation","other","other","java.lang.reflect.Field","java.lang.reflect.Field.copy:155","none","false","5","120888"
"4949a94d5ea5984a653f3c0d63511565de1c58a2b92b4ca2ab1d29f012cdfdca","allocation","other","other","java.util.Arrays$ArrayItr","java.util.Arrays$ArrayList.iterator:4224","none","false","4","78688"
"4949a94d5ea5984a653f3c0d63511565de1c58a2b92b4ca2ab1d29f012cdfdca","allocation","other","other","java.util.Arrays$ArrayList","java.util.Arrays.asList:4122","none","false","10","264600"
"4949a94d5ea5984a653f3c0d63511565de1c58a2b92b4ca2ab1d29f012cdfdca","allocation","other","other","java.util.Collections$UnmodifiableCollection$1","java.util.Collections$UnmodifiableCollection.iterator:1050","none","false","5","102048"
"4949a94d5ea5984a653f3c0d63511565de1c58a2b92b4ca2ab1d29f012cdfdca","allocation","other","other","java.util.Collections$UnmodifiableMap","java.util.Collections.unmodifiableMap:1479","none","false","3","172536"
"4949a94d5ea5984a653f3c0d63511565de1c58a2b92b4ca2ab1d29f012cdfdca","allocation","other","other","java.util.Collections$UnmodifiableMap$UnmodifiableEntrySet$UnmodifiableEntry","java.util.Collections$UnmodifiableMap$UnmodifiableEntrySet$1.next:1711","none","false","11","388496"
"4949a94d5ea5984a653f3c0d63511565de1c58a2b92b4ca2ab1d29f012cdfdca","allocation","other","other","java.util.Collections$UnmodifiableRandomAccessList","java.util.Collections.unmodifiableList:1324","none","false","1","19344"
"4949a94d5ea5984a653f3c0d63511565de1c58a2b92b4ca2ab1d29f012cdfdca","allocation","other","other","java.util.HashMap","java.util.HashSet.<init>:107","none","false","2","34309256"
"4949a94d5ea5984a653f3c0d63511565de1c58a2b92b4ca2ab1d29f012cdfdca","allocation","other","other","java.util.HashMap$KeyIterator","java.util.HashMap$KeySet.iterator:983","none","false","1","600"
"4949a94d5ea5984a653f3c0d63511565de1c58a2b92b4ca2ab1d29f012cdfdca","allocation","other","other","java.util.LinkedHashMap$Entry","java.util.LinkedHashMap.newNode:257","none","false","4","240600"
"4949a94d5ea5984a653f3c0d63511565de1c58a2b92b4ca2ab1d29f012cdfdca","allocation","other","other","java.util.TreeMap","javax.management.openmbean.CompositeDataSupport.makeMap:136","none","false","22","721064"
"4949a94d5ea5984a653f3c0d63511565de1c58a2b92b4ca2ab1d29f012cdfdca","allocation","other","other","java.util.TreeMap$Entry","java.util.TreeMap.addEntry:765","none","false","45","1521640"
"4949a94d5ea5984a653f3c0d63511565de1c58a2b92b4ca2ab1d29f012cdfdca","allocation","other","other","java.util.TreeMap$Entry","java.util.TreeMap.addEntryToEmptyMap:777","none","false","15","353960"
"4949a94d5ea5984a653f3c0d63511565de1c58a2b92b4ca2ab1d29f012cdfdca","allocation","other","other","java.util.TreeMap$KeyIterator","java.util.TreeMap.keyIterator:1385","none","false","58","1428560"
"4949a94d5ea5984a653f3c0d63511565de1c58a2b92b4ca2ab1d29f012cdfdca","allocation","other","other","java.util.TreeMap$KeySet","java.util.TreeMap.navigableKeySet:1102","none","false","4","101600"
"4949a94d5ea5984a653f3c0d63511565de1c58a2b92b4ca2ab1d29f012cdfdca","allocation","other","other","java.util.concurrent.CopyOnWriteArrayList$COWIterator","java.util.concurrent.CopyOnWriteArrayList.iterator:1024","none","false","6","1800"
"4949a94d5ea5984a653f3c0d63511565de1c58a2b92b4ca2ab1d29f012cdfdca","allocation","other","other","java.util.concurrent.LinkedBlockingQueue$Itr","java.util.concurrent.LinkedBlockingQueue.iterator:759","none","false","5","69896"
"4949a94d5ea5984a653f3c0d63511565de1c58a2b92b4ca2ab1d29f012cdfdca","allocation","other","other","java.util.concurrent.locks.AbstractQueuedSynchronizer$ConditionNode","java.util.concurrent.locks.AbstractQueuedSynchronizer$ConditionObject.await:1610","none","false","18","1597314496"
"4949a94d5ea5984a653f3c0d63511565de1c58a2b92b4ca2ab1d29f012cdfdca","allocation","other","other","java.util.concurrent.locks.AbstractQueuedSynchronizer$ConditionObject","java.util.concurrent.locks.ReentrantLock$Sync.newCondition:190","none","false","2","83616272"
"4949a94d5ea5984a653f3c0d63511565de1c58a2b92b4ca2ab1d29f012cdfdca","allocation","other","other","java.util.concurrent.locks.AbstractQueuedSynchronizer$ExclusiveNode","java.util.concurrent.locks.AbstractQueuedSynchronizer.tryInitializeHead:567","none","false","1","28613000"
"4949a94d5ea5984a653f3c0d63511565de1c58a2b92b4ca2ab1d29f012cdfdca","allocation","other","other","java.util.stream.ReferencePipeline$Head","java.util.stream.StreamSupport.stream:69","none","false","3","12475304"
"4949a94d5ea5984a653f3c0d63511565de1c58a2b92b4ca2ab1d29f012cdfdca","allocation","other","other","java.util.zip.ZipFile$ZipFileInputStream","java.util.zip.ZipFile.getInputStream:369","none","false","1","795504"
"4949a94d5ea5984a653f3c0d63511565de1c58a2b92b4ca2ab1d29f012cdfdca","allocation","other","other","javax.management.Notification","com.sun.management.internal.GarbageCollectorExtImpl.createGCNotification:101","none","false","35","1177696"
"4949a94d5ea5984a653f3c0d63511565de1c58a2b92b4ca2ab1d29f012cdfdca","allocation","other","other","javax.management.openmbean.CompositeDataSupport","sun.management.MappedMXBeanType$MapMXBeanType.toOpenTypeData:550","none","false","12","174384"
"4949a94d5ea5984a653f3c0d63511565de1c58a2b92b4ca2ab1d29f012cdfdca","allocation","other","other","javax.management.openmbean.CompositeDataSupport","sun.management.MemoryUsageCompositeData.getCompositeData:67","none","false","1","26624"
"4949a94d5ea5984a653f3c0d63511565de1c58a2b92b4ca2ab1d29f012cdfdca","allocation","other","other","sbt.internal.TaskProgress$$Lambda$3694","java.lang.invoke.DirectMethodHandle.allocateInstance:520","none","false","10","26840"
"4949a94d5ea5984a653f3c0d63511565de1c58a2b92b4ca2ab1d29f012cdfdca","allocation","other","other","sbt.internal.classpath.ClassLoaderCache$$Lambda$712","java.lang.invoke.DirectMethodHandle.allocateInstance:520","none","false","2","43424"
"4949a94d5ea5984a653f3c0d63511565de1c58a2b92b4ca2ab1d29f012cdfdca","allocation","other","other","scala.Some","scala.Some$.apply:619","none","false","4","133968"
"4949a94d5ea5984a653f3c0d63511565de1c58a2b92b4ca2ab1d29f012cdfdca","allocation","other","other","scala.Tuple2","scala.Tuple2$.apply:24","none","false","1","40632"
"4949a94d5ea5984a653f3c0d63511565de1c58a2b92b4ca2ab1d29f012cdfdca","allocation","other","other","scala.collection.StrictOptimizedLinearSeqOps$$anon$1","scala.collection.StrictOptimizedLinearSeqOps.iterator:267","none","false","1","4544"
"4949a94d5ea5984a653f3c0d63511565de1c58a2b92b4ca2ab1d29f012cdfdca","allocation","other","other","scala.collection.immutable.BitmapIndexedMapNode","scala.collection.immutable.BitmapIndexedMapNode.copyAndInsertValue:1005","none","false","4","98520"
"4949a94d5ea5984a653f3c0d63511565de1c58a2b92b4ca2ab1d29f012cdfdca","allocation","other","other","scala.collection.immutable.BitmapIndexedSetNode","scala.collection.immutable.BitmapIndexedSetNode.mergeTwoKeyValPairs:755","none","false","2","77240"
"4949a94d5ea5984a653f3c0d63511565de1c58a2b92b4ca2ab1d29f012cdfdca","allocation","other","other","scala.collection.immutable.HashSetBuilder","scala.collection.immutable.SetBuilderImpl.addOne:392","none","false","1","16616"
"4949a94d5ea5984a653f3c0d63511565de1c58a2b92b4ca2ab1d29f012cdfdca","allocation","other","other","scala.collection.immutable.SetHashIterator","scala.collection.immutable.HashSet.hashCode:215","none","false","1","5240"
"4949a94d5ea5984a653f3c0d63511565de1c58a2b92b4ca2ab1d29f012cdfdca","allocation","other","other","scala.collection.immutable.VectorBuilder","sbt.internal.AbstractTaskExecuteProgress.timings:52","none","false","9","963496"
"4949a94d5ea5984a653f3c0d63511565de1c58a2b92b4ca2ab1d29f012cdfdca","allocation","other","other","scala.collection.mutable.HashMap","scala.collection.mutable.HashMap$$anon$6.<init>:615","none","false","3","47424"
"4949a94d5ea5984a653f3c0d63511565de1c58a2b92b4ca2ab1d29f012cdfdca","allocation","other","other","scala.concurrent.duration.FiniteDuration","scala.concurrent.duration.Duration$.apply:35","none","false","6","426328"
"4949a94d5ea5984a653f3c0d63511565de1c58a2b92b4ca2ab1d29f012cdfdca","allocation","other","other","scala.concurrent.duration.FiniteDuration","scala.concurrent.duration.FiniteDuration.add:569","none","false","1","146448"
"4949a94d5ea5984a653f3c0d63511565de1c58a2b92b4ca2ab1d29f012cdfdca","allocation","other","other","scala.concurrent.duration.package$DurationInt","sbt.internal.GCMonitor.window:54","none","false","5","87120"
"4949a94d5ea5984a653f3c0d63511565de1c58a2b92b4ca2ab1d29f012cdfdca","allocation","other","other","scala.runtime.BooleanRef","scala.runtime.BooleanRef.create:22","none","false","4","189035376"
"4949a94d5ea5984a653f3c0d63511565de1c58a2b92b4ca2ab1d29f012cdfdca","allocation","other","other","scala.runtime.RichLong","scala.concurrent.duration.FiniteDuration.compare:556","none","false","5","161680"
"4949a94d5ea5984a653f3c0d63511565de1c58a2b92b4ca2ab1d29f012cdfdca","allocation","sampling","callbackBoundaryUnresolved","java.lang.Double","com.cra.figaro.algorithm.sampling.VectorSliceSampler$.evaluate$1:86","none","false","1","624392"
"4949a94d5ea5984a653f3c0d63511565de1c58a2b92b4ca2ab1d29f012cdfdca","allocation","sampling","callbackObserved","[Ljava.lang.Object;","com.cra.figaro.algorithm.sampling.VectorSliceSampler$.evaluate$1:86","com.cra.figaro.example.VectorSamplingPerformance$.density$$anonfun$1:19","false","245","5836726056"
"4949a94d5ea5984a653f3c0d63511565de1c58a2b92b4ca2ab1d29f012cdfdca","allocation","sampling","callbackObserved","[Ljava.lang.Object;","com.cra.figaro.algorithm.sampling.VectorSliceSampler$.evaluate$1:86","com.cra.figaro.example.VectorSamplingPerformance$.density$$anonfun$1:22","false","331","10341577240"
"4949a94d5ea5984a653f3c0d63511565de1c58a2b92b4ca2ab1d29f012cdfdca","allocation","sampling","callbackObserved","[Ljava.lang.Object;","com.cra.figaro.algorithm.sampling.VectorSliceSampler$.evaluate$1:86","com.cra.figaro.example.VectorSamplingPerformance$.density$$anonfun$1:25","false","136","972118312"
"4949a94d5ea5984a653f3c0d63511565de1c58a2b92b4ca2ab1d29f012cdfdca","allocation","sampling","callbackObserved","[Ljava.lang.Object;","com.cra.figaro.algorithm.sampling.VectorSliceSampler$.evaluate$1:86","com.cra.figaro.example.VectorSamplingPerformance$.density$$anonfun$1:34","false","42","829463032"
"4949a94d5ea5984a653f3c0d63511565de1c58a2b92b4ca2ab1d29f012cdfdca","allocation","sampling","callbackObserved","[Ljava.lang.Object;","com.cra.figaro.algorithm.sampling.VectorSliceSampler$.evaluate$1:86","com.cra.figaro.example.VectorSamplingPerformance$.density$$anonfun$1:35","false","46","638403808"
"4949a94d5ea5984a653f3c0d63511565de1c58a2b92b4ca2ab1d29f012cdfdca","allocation","sampling","callbackObserved","com.cra.figaro.example.VectorSamplingPerformance$$$Lambda$5018","com.cra.figaro.algorithm.sampling.VectorSliceSampler$.evaluate$1:86","com.cra.figaro.example.VectorSamplingPerformance$.density$$anonfun$1:26","false","50","212575368"
"4949a94d5ea5984a653f3c0d63511565de1c58a2b92b4ca2ab1d29f012cdfdca","allocation","sampling","callbackObserved","java.lang.Double","com.cra.figaro.algorithm.sampling.VectorSliceSampler$.evaluate$1:86","com.cra.figaro.example.VectorSamplingPerformance$.density$$anonfun$1:19","false","2411","53510775824"
"4949a94d5ea5984a653f3c0d63511565de1c58a2b92b4ca2ab1d29f012cdfdca","allocation","sampling","callbackObserved","java.lang.Double","com.cra.figaro.algorithm.sampling.VectorSliceSampler$.evaluate$1:86","com.cra.figaro.example.VectorSamplingPerformance$.density$$anonfun$1:21","false","1762","52164267440"
"4949a94d5ea5984a653f3c0d63511565de1c58a2b92b4ca2ab1d29f012cdfdca","allocation","sampling","callbackObserved","java.lang.Double","com.cra.figaro.algorithm.sampling.VectorSliceSampler$.evaluate$1:86","com.cra.figaro.example.VectorSamplingPerformance$.density$$anonfun$1:22","false","3713","105403297032"
"4949a94d5ea5984a653f3c0d63511565de1c58a2b92b4ca2ab1d29f012cdfdca","allocation","sampling","callbackObserved","java.lang.Double","com.cra.figaro.algorithm.sampling.VectorSliceSampler$.evaluate$1:86","com.cra.figaro.example.VectorSamplingPerformance$.density$$anonfun$1:23","false","1290","21498043536"
"4949a94d5ea5984a653f3c0d63511565de1c58a2b92b4ca2ab1d29f012cdfdca","allocation","sampling","callbackObserved","java.lang.Double","com.cra.figaro.algorithm.sampling.VectorSliceSampler$.evaluate$1:86","com.cra.figaro.example.VectorSamplingPerformance$.density$$anonfun$1:25","false","822","5157119816"
"4949a94d5ea5984a653f3c0d63511565de1c58a2b92b4ca2ab1d29f012cdfdca","allocation","sampling","callbackObserved","java.lang.Double","com.cra.figaro.algorithm.sampling.VectorSliceSampler$.evaluate$1:86","com.cra.figaro.example.VectorSamplingPerformance$.density$$anonfun$1:34","false","353","5554487008"
"4949a94d5ea5984a653f3c0d63511565de1c58a2b92b4ca2ab1d29f012cdfdca","allocation","sampling","callbackObserved","java.lang.Double","com.cra.figaro.algorithm.sampling.VectorSliceSampler$.evaluate$1:86","com.cra.figaro.example.VectorSamplingPerformance$.density$$anonfun$1:35","false","326","5352115288"
"4949a94d5ea5984a653f3c0d63511565de1c58a2b92b4ca2ab1d29f012cdfdca","allocation","sampling","callbackObserved","scala.collection.IterableOnceOps$$Lambda$4799","com.cra.figaro.algorithm.sampling.VectorSliceSampler$.evaluate$1:86","com.cra.figaro.example.VectorSamplingPerformance$.density$$anonfun$1:19","false","21","1200524744"
"4949a94d5ea5984a653f3c0d63511565de1c58a2b92b4ca2ab1d29f012cdfdca","allocation","sampling","callbackObserved","scala.collection.IterableOnceOps$$Lambda$4799","com.cra.figaro.algorithm.sampling.VectorSliceSampler$.evaluate$1:86","com.cra.figaro.example.VectorSamplingPerformance$.density$$anonfun$1:21","false","32","1425711648"
"4949a94d5ea5984a653f3c0d63511565de1c58a2b92b4ca2ab1d29f012cdfdca","allocation","sampling","callbackObserved","scala.collection.IterableOnceOps$$Lambda$4799","com.cra.figaro.algorithm.sampling.VectorSliceSampler$.evaluate$1:86","com.cra.figaro.example.VectorSamplingPerformance$.density$$anonfun$1:22","false","33","1307492560"
"4949a94d5ea5984a653f3c0d63511565de1c58a2b92b4ca2ab1d29f012cdfdca","allocation","sampling","callbackObserved","scala.collection.IterableOnceOps$$Lambda$4799","com.cra.figaro.algorithm.sampling.VectorSliceSampler$.evaluate$1:86","com.cra.figaro.example.VectorSamplingPerformance$.density$$anonfun$1:23","false","16","191868368"
"4949a94d5ea5984a653f3c0d63511565de1c58a2b92b4ca2ab1d29f012cdfdca","allocation","sampling","callbackObserved","scala.collection.IterableOnceOps$$Lambda$4799","com.cra.figaro.algorithm.sampling.VectorSliceSampler$.evaluate$1:86","com.cra.figaro.example.VectorSamplingPerformance$.density$$anonfun$1:25","false","29","163482944"
"4949a94d5ea5984a653f3c0d63511565de1c58a2b92b4ca2ab1d29f012cdfdca","allocation","sampling","callbackObserved","scala.collection.IterableOnceOps$$Lambda$4799","com.cra.figaro.algorithm.sampling.VectorSliceSampler$.evaluate$1:86","com.cra.figaro.example.VectorSamplingPerformance$.density$$anonfun$1:34","false","18","246567384"
"4949a94d5ea5984a653f3c0d63511565de1c58a2b92b4ca2ab1d29f012cdfdca","allocation","sampling","callbackObserved","scala.collection.IterableOnceOps$$Lambda$4799","com.cra.figaro.algorithm.sampling.VectorSliceSampler$.evaluate$1:86","com.cra.figaro.example.VectorSamplingPerformance$.density$$anonfun$1:35","false","12","206580264"
"4949a94d5ea5984a653f3c0d63511565de1c58a2b92b4ca2ab1d29f012cdfdca","allocation","sampling","callbackObserved","scala.collection.immutable.NewVectorIterator","com.cra.figaro.algorithm.sampling.VectorSliceSampler$.evaluate$1:86","com.cra.figaro.example.VectorSamplingPerformance$.density$$anonfun$1:23","false","183","3727118504"
"4949a94d5ea5984a653f3c0d63511565de1c58a2b92b4ca2ab1d29f012cdfdca","allocation","sampling","callbackObserved","scala.collection.immutable.Vector1","com.cra.figaro.algorithm.sampling.VectorSliceSampler$.evaluate$1:86","com.cra.figaro.example.VectorSamplingPerformance$.density$$anonfun$1:19","false","22","341236840"
"4949a94d5ea5984a653f3c0d63511565de1c58a2b92b4ca2ab1d29f012cdfdca","allocation","sampling","callbackObserved","scala.collection.immutable.Vector1","com.cra.figaro.algorithm.sampling.VectorSliceSampler$.evaluate$1:86","com.cra.figaro.example.VectorSamplingPerformance$.density$$anonfun$1:22","false","30","719453720"
"4949a94d5ea5984a653f3c0d63511565de1c58a2b92b4ca2ab1d29f012cdfdca","allocation","sampling","callbackObserved","scala.collection.immutable.Vector1","com.cra.figaro.algorithm.sampling.VectorSliceSampler$.evaluate$1:86","com.cra.figaro.example.VectorSamplingPerformance$.density$$anonfun$1:25","false","34","189377328"
"4949a94d5ea5984a653f3c0d63511565de1c58a2b92b4ca2ab1d29f012cdfdca","allocation","sampling","callbackObserved","scala.collection.immutable.Vector1","com.cra.figaro.algorithm.sampling.VectorSliceSampler$.evaluate$1:86","com.cra.figaro.example.VectorSamplingPerformance$.density$$anonfun$1:34","false","12","180360800"
"4949a94d5ea5984a653f3c0d63511565de1c58a2b92b4ca2ab1d29f012cdfdca","allocation","sampling","callbackObserved","scala.collection.immutable.Vector1","com.cra.figaro.algorithm.sampling.VectorSliceSampler$.evaluate$1:86","com.cra.figaro.example.VectorSamplingPerformance$.density$$anonfun$1:35","false","15","170874960"
"4949a94d5ea5984a653f3c0d63511565de1c58a2b92b4ca2ab1d29f012cdfdca","allocation","sampling","callbackObserved","scala.runtime.DoubleRef","com.cra.figaro.algorithm.sampling.VectorSliceSampler$.evaluate$1:86","com.cra.figaro.example.VectorSamplingPerformance$.density$$anonfun$1:25","false","58","294461440"
"4949a94d5ea5984a653f3c0d63511565de1c58a2b92b4ca2ab1d29f012cdfdca","allocation","sampling","samplerObserved","[B","com.cra.figaro.algorithm.sampling.VectorSliceSampler$.polar:156","none","false","1","624000"
"4949a94d5ea5984a653f3c0d63511565de1c58a2b92b4ca2ab1d29f012cdfdca","allocation","sampling","samplerObserved","[Ljava.lang.Object;","com.cra.figaro.algorithm.sampling.VectorSliceSampler$.accepted$1:172","none","false","109","2491508648"
"4949a94d5ea5984a653f3c0d63511565de1c58a2b92b4ca2ab1d29f012cdfdca","allocation","sampling","samplerObserved","[Ljava.lang.Object;","com.cra.figaro.algorithm.sampling.VectorSliceSampler$.angular$1:179","none","false","111","2410589312"
"4949a94d5ea5984a653f3c0d63511565de1c58a2b92b4ca2ab1d29f012cdfdca","allocation","sampling","samplerObserved","[Ljava.lang.Object;","com.cra.figaro.algorithm.sampling.VectorSliceSampler$.dot$1:147","none","false","63","1066826496"
"4949a94d5ea5984a653f3c0d63511565de1c58a2b92b4ca2ab1d29f012cdfdca","allocation","sampling","samplerObserved","[Ljava.lang.Object;","com.cra.figaro.algorithm.sampling.VectorSliceSampler$.polar:146","none","false","13","104860520"
"4949a94d5ea5984a653f3c0d63511565de1c58a2b92b4ca2ab1d29f012cdfdca","allocation","sampling","samplerObserved","[Ljava.lang.Object;","com.cra.figaro.algorithm.sampling.VectorSliceSampler$.polar:152","none","false","7","215292408"
"4949a94d5ea5984a653f3c0d63511565de1c58a2b92b4ca2ab1d29f012cdfdca","allocation","sampling","samplerObserved","[Ljava.lang.Object;","com.cra.figaro.algorithm.sampling.VectorSliceSampler$.polar:154","none","false","21","476024328"
"4949a94d5ea5984a653f3c0d63511565de1c58a2b92b4ca2ab1d29f012cdfdca","allocation","sampling","samplerObserved","[Ljava.lang.Object;","com.cra.figaro.algorithm.sampling.VectorSliceSampler$.polar:156","none","false","23","251553032"
"4949a94d5ea5984a653f3c0d63511565de1c58a2b92b4ca2ab1d29f012cdfdca","allocation","sampling","samplerObserved","[Ljava.lang.Object;","com.cra.figaro.algorithm.sampling.VectorSliceSampler$.polar:158","none","false","8","73317560"
"4949a94d5ea5984a653f3c0d63511565de1c58a2b92b4ca2ab1d29f012cdfdca","allocation","sampling","samplerObserved","[Ljava.lang.Object;","com.cra.figaro.algorithm.sampling.VectorSliceSampler$.polar:198","none","false","9","56265784"
"4949a94d5ea5984a653f3c0d63511565de1c58a2b92b4ca2ab1d29f012cdfdca","allocation","sampling","samplerObserved","[Ljava.lang.Object;","com.cra.figaro.algorithm.sampling.VectorSliceSampler$.quantile$$anonfun$1:130","none","false","733","14675895704"
"4949a94d5ea5984a653f3c0d63511565de1c58a2b92b4ca2ab1d29f012cdfdca","allocation","sampling","samplerObserved","com.cra.figaro.algorithm.sampling.VectorSliceSampler$$$Lambda$4843","com.cra.figaro.algorithm.sampling.VectorSliceSampler$.run:98","none","false","10","86702880"
"4949a94d5ea5984a653f3c0d63511565de1c58a2b92b4ca2ab1d29f012cdfdca","allocation","sampling","samplerObserved","com.cra.figaro.algorithm.sampling.VectorSliceSampler$$$Lambda$4848","com.cra.figaro.algorithm.sampling.VectorSliceSampler$.polar:146","none","false","1","624368"
"4949a94d5ea5984a653f3c0d63511565de1c58a2b92b4ca2ab1d29f012cdfdca","allocation","sampling","samplerObserved","com.cra.figaro.algorithm.sampling.VectorSliceSampler$$$Lambda$4850","com.cra.figaro.algorithm.sampling.VectorSliceSampler$.polar:152","none","false","1","517856"
"4949a94d5ea5984a653f3c0d63511565de1c58a2b92b4ca2ab1d29f012cdfdca","allocation","sampling","samplerObserved","com.cra.figaro.algorithm.sampling.VectorSliceSampler$$$Lambda$4856","com.cra.figaro.algorithm.sampling.VectorSliceSampler$.polar:156","none","false","1","1472"
"4949a94d5ea5984a653f3c0d63511565de1c58a2b92b4ca2ab1d29f012cdfdca","allocation","sampling","samplerObserved","com.cra.figaro.algorithm.sampling.VectorSliceSampler$$$Lambda$4857","com.cra.figaro.algorithm.sampling.VectorSliceSampler$.polar:158","none","false","1","12576048"
"4949a94d5ea5984a653f3c0d63511565de1c58a2b92b4ca2ab1d29f012cdfdca","allocation","sampling","samplerObserved","com.cra.figaro.algorithm.sampling.VectorSliceSampler$$$Lambda$4875","com.cra.figaro.algorithm.sampling.VectorSliceSampler$.polar:198","none","false","3","12353536"
"4949a94d5ea5984a653f3c0d63511565de1c58a2b92b4ca2ab1d29f012cdfdca","allocation","sampling","samplerObserved","com.cra.figaro.algorithm.sampling.VectorSliceSampler$$$Lambda$4992","com.cra.figaro.algorithm.sampling.VectorSliceSampler$.run:99","none","false","7","32559568"
"4949a94d5ea5984a653f3c0d63511565de1c58a2b92b4ca2ab1d29f012cdfdca","allocation","sampling","samplerObserved","java.lang.Double","com.cra.figaro.algorithm.sampling.VectorSliceSampler$$$Lambda$4843.apply:-1","none","false","12","44170120"
"4949a94d5ea5984a653f3c0d63511565de1c58a2b92b4ca2ab1d29f012cdfdca","allocation","sampling","samplerObserved","java.lang.Double","com.cra.figaro.algorithm.sampling.VectorSliceSampler$$$Lambda$4852.apply:-1","none","false","86","833747520"
"4949a94d5ea5984a653f3c0d63511565de1c58a2b92b4ca2ab1d29f012cdfdca","allocation","sampling","samplerObserved","java.lang.Double","com.cra.figaro.algorithm.sampling.VectorSliceSampler$$$Lambda$4853.apply:-1","none","false","46","494156232"
"4949a94d5ea5984a653f3c0d63511565de1c58a2b92b4ca2ab1d29f012cdfdca","allocation","sampling","samplerObserved","java.lang.Double","com.cra.figaro.algorithm.sampling.VectorSliceSampler$$$Lambda$4856.apply:-1","none","false","47","872750496"
"4949a94d5ea5984a653f3c0d63511565de1c58a2b92b4ca2ab1d29f012cdfdca","allocation","sampling","samplerObserved","java.lang.Double","com.cra.figaro.algorithm.sampling.VectorSliceSampler$$$Lambda$4863.apply:-1","none","false","215","4338911000"
"4949a94d5ea5984a653f3c0d63511565de1c58a2b92b4ca2ab1d29f012cdfdca","allocation","sampling","samplerObserved","java.lang.Double","com.cra.figaro.algorithm.sampling.VectorSliceSampler$$$Lambda$4992.apply:-1","none","false","1","6600560"
"4949a94d5ea5984a653f3c0d63511565de1c58a2b92b4ca2ab1d29f012cdfdca","allocation","sampling","samplerObserved","java.lang.Double","com.cra.figaro.algorithm.sampling.VectorSliceSampler$.accepted$1:172","none","false","502","9578511080"
"4949a94d5ea5984a653f3c0d63511565de1c58a2b92b4ca2ab1d29f012cdfdca","allocation","sampling","samplerObserved","java.lang.Double","com.cra.figaro.algorithm.sampling.VectorSliceSampler$.dot$1:147","none","false","99","1237398744"
"4949a94d5ea5984a653f3c0d63511565de1c58a2b92b4ca2ab1d29f012cdfdca","allocation","sampling","samplerObserved","java.lang.Double","com.cra.figaro.algorithm.sampling.VectorSliceSampler$.norm:56","none","false","99","1261813960"
"4949a94d5ea5984a653f3c0d63511565de1c58a2b92b4ca2ab1d29f012cdfdca","allocation","sampling","samplerObserved","java.lang.Double","com.cra.figaro.algorithm.sampling.VectorSliceSampler$.polar:146","none","false","54","742686608"
"4949a94d5ea5984a653f3c0d63511565de1c58a2b92b4ca2ab1d29f012cdfdca","allocation","sampling","samplerObserved","java.lang.Double","com.cra.figaro.algorithm.sampling.VectorSliceSampler$.polar:152","none","false","46","698751040"
"4949a94d5ea5984a653f3c0d63511565de1c58a2b92b4ca2ab1d29f012cdfdca","allocation","sampling","samplerObserved","java.lang.Double","com.cra.figaro.algorithm.sampling.VectorSliceSampler$.polar:158","none","false","52","815944424"
"4949a94d5ea5984a653f3c0d63511565de1c58a2b92b4ca2ab1d29f012cdfdca","allocation","sampling","samplerObserved","java.lang.Double","com.cra.figaro.algorithm.sampling.VectorSliceSampler$.polar:198","none","false","45","525454552"
"4949a94d5ea5984a653f3c0d63511565de1c58a2b92b4ca2ab1d29f012cdfdca","allocation","sampling","samplerObserved","java.lang.Double","com.cra.figaro.algorithm.sampling.VectorSliceSampler$.quantile$$anonfun$1:130","none","false","174","3675412144"
"4949a94d5ea5984a653f3c0d63511565de1c58a2b92b4ca2ab1d29f012cdfdca","allocation","sampling","samplerObserved","scala.Tuple2","com.cra.figaro.algorithm.sampling.VectorSliceSampler$.angular$1:179","none","false","206","4526491760"
"4949a94d5ea5984a653f3c0d63511565de1c58a2b92b4ca2ab1d29f012cdfdca","allocation","sampling","samplerObserved","scala.Tuple2","com.cra.figaro.algorithm.sampling.VectorSliceSampler$.dot$1:147","none","false","97","1591596104"
"4949a94d5ea5984a653f3c0d63511565de1c58a2b92b4ca2ab1d29f012cdfdca","allocation","sampling","samplerObserved","scala.Tuple2","com.cra.figaro.algorithm.sampling.VectorSliceSampler$.polar:154","none","false","66","1144135816"
"4949a94d5ea5984a653f3c0d63511565de1c58a2b92b4ca2ab1d29f012cdfdca","allocation","sampling","samplerObserved","scala.Tuple2","com.cra.figaro.algorithm.sampling.VectorSliceSampler$.polar:156","none","false","46","674842488"
"4949a94d5ea5984a653f3c0d63511565de1c58a2b92b4ca2ab1d29f012cdfdca","allocation","sampling","samplerObserved","scala.collection.IterableOnceOps$$Lambda$4799","com.cra.figaro.algorithm.sampling.VectorSliceSampler$.dot$1:147","none","false","3","8730072"
"4949a94d5ea5984a653f3c0d63511565de1c58a2b92b4ca2ab1d29f012cdfdca","allocation","sampling","samplerObserved","scala.collection.immutable.NewVectorIterator","com.cra.figaro.algorithm.sampling.VectorSliceSampler$.angular$1:179","none","false","61","990727904"
"4949a94d5ea5984a653f3c0d63511565de1c58a2b92b4ca2ab1d29f012cdfdca","allocation","sampling","samplerObserved","scala.collection.immutable.NewVectorIterator","com.cra.figaro.algorithm.sampling.VectorSliceSampler$.dot$1:147","none","false","30","859599592"
"4949a94d5ea5984a653f3c0d63511565de1c58a2b92b4ca2ab1d29f012cdfdca","allocation","sampling","samplerObserved","scala.collection.immutable.NewVectorIterator","com.cra.figaro.algorithm.sampling.VectorSliceSampler$.evaluate$1:84","none","false","821","16499278536"
"4949a94d5ea5984a653f3c0d63511565de1c58a2b92b4ca2ab1d29f012cdfdca","allocation","sampling","samplerObserved","scala.collection.immutable.NewVectorIterator","com.cra.figaro.algorithm.sampling.VectorSliceSampler$.polar:154","none","false","13","115682648"
"4949a94d5ea5984a653f3c0d63511565de1c58a2b92b4ca2ab1d29f012cdfdca","allocation","sampling","samplerObserved","scala.collection.immutable.NewVectorIterator","com.cra.figaro.algorithm.sampling.VectorSliceSampler$.polar:156","none","false","3","16149264"
"4949a94d5ea5984a653f3c0d63511565de1c58a2b92b4ca2ab1d29f012cdfdca","allocation","sampling","samplerObserved","scala.collection.immutable.Vector1","com.cra.figaro.algorithm.sampling.VectorSliceSampler$.accepted$1:172","none","false","24","342421592"
"4949a94d5ea5984a653f3c0d63511565de1c58a2b92b4ca2ab1d29f012cdfdca","allocation","sampling","samplerObserved","scala.collection.immutable.Vector1","com.cra.figaro.algorithm.sampling.VectorSliceSampler$.angular$1:179","none","false","10","136757592"
"4949a94d5ea5984a653f3c0d63511565de1c58a2b92b4ca2ab1d29f012cdfdca","allocation","sampling","samplerObserved","scala.collection.immutable.Vector1","com.cra.figaro.algorithm.sampling.VectorSliceSampler$.dot$1:147","none","false","8","117125920"
"4949a94d5ea5984a653f3c0d63511565de1c58a2b92b4ca2ab1d29f012cdfdca","allocation","sampling","samplerObserved","scala.collection.immutable.Vector1","com.cra.figaro.algorithm.sampling.VectorSliceSampler$.polar:146","none","false","1","29347736"
"4949a94d5ea5984a653f3c0d63511565de1c58a2b92b4ca2ab1d29f012cdfdca","allocation","sampling","samplerObserved","scala.collection.immutable.Vector1","com.cra.figaro.algorithm.sampling.VectorSliceSampler$.polar:152","none","false","1","6289064"
"4949a94d5ea5984a653f3c0d63511565de1c58a2b92b4ca2ab1d29f012cdfdca","allocation","sampling","samplerObserved","scala.collection.immutable.Vector1","com.cra.figaro.algorithm.sampling.VectorSliceSampler$.polar:154","none","false","4","32795312"
"4949a94d5ea5984a653f3c0d63511565de1c58a2b92b4ca2ab1d29f012cdfdca","allocation","sampling","samplerObserved","scala.collection.immutable.Vector1","com.cra.figaro.algorithm.sampling.VectorSliceSampler$.polar:156","none","false","6","91875184"
"4949a94d5ea5984a653f3c0d63511565de1c58a2b92b4ca2ab1d29f012cdfdca","allocation","sampling","samplerObserved","scala.collection.immutable.Vector1","com.cra.figaro.algorithm.sampling.VectorSliceSampler$.polar:158","none","false","2","10479608"
"4949a94d5ea5984a653f3c0d63511565de1c58a2b92b4ca2ab1d29f012cdfdca","allocation","sampling","samplerObserved","scala.collection.immutable.Vector1","com.cra.figaro.algorithm.sampling.VectorSliceSampler$.polar:198","none","false","1","2097448"
"4949a94d5ea5984a653f3c0d63511565de1c58a2b92b4ca2ab1d29f012cdfdca","allocation","sampling","samplerObserved","scala.collection.immutable.Vector1","com.cra.figaro.algorithm.sampling.VectorSliceSampler$.quantile$$anonfun$1:130","none","false","98","3266568256"
"4949a94d5ea5984a653f3c0d63511565de1c58a2b92b4ca2ab1d29f012cdfdca","allocation","sampling","samplerObserved","scala.collection.immutable.VectorBuilder","com.cra.figaro.algorithm.sampling.VectorSliceSampler$.angular$1:179","none","false","30","439961496"
"4949a94d5ea5984a653f3c0d63511565de1c58a2b92b4ca2ab1d29f012cdfdca","allocation","sampling","samplerObserved","scala.collection.immutable.VectorBuilder","com.cra.figaro.algorithm.sampling.VectorSliceSampler$.dot$1:147","none","false","12","106901888"
"4949a94d5ea5984a653f3c0d63511565de1c58a2b92b4ca2ab1d29f012cdfdca","allocation","sampling","samplerObserved","scala.collection.immutable.VectorBuilder","com.cra.figaro.algorithm.sampling.VectorSliceSampler$.polar:154","none","false","4","25332728"
"4949a94d5ea5984a653f3c0d63511565de1c58a2b92b4ca2ab1d29f012cdfdca","allocation","sampling","samplerObserved","scala.collection.immutable.VectorBuilder","com.cra.figaro.algorithm.sampling.VectorSliceSampler$.polar:156","none","false","2","21378208"
"4949a94d5ea5984a653f3c0d63511565de1c58a2b92b4ca2ab1d29f012cdfdca","allocation","sampling","samplerObserved","scala.runtime.DoubleRef","com.cra.figaro.algorithm.sampling.VectorSliceSampler$.polar:177","none","false","2","25149664"
"4949a94d5ea5984a653f3c0d63511565de1c58a2b92b4ca2ab1d29f012cdfdca","allocation","sampling","samplerObserved","scala.runtime.DoubleRef","com.cra.figaro.algorithm.sampling.VectorSliceSampler$.polar:191","none","false","1","16625200"
"4949a94d5ea5984a653f3c0d63511565de1c58a2b92b4ca2ab1d29f012cdfdca","allocation","sampling","samplerObserved","scala.runtime.IntRef","com.cra.figaro.algorithm.sampling.VectorSliceSampler$.polar:166","none","false","1","2094520"
"4949a94d5ea5984a653f3c0d63511565de1c58a2b92b4ca2ab1d29f012cdfdca","allocation","sampling","samplerObserved","scala.runtime.ObjectRef","com.cra.figaro.algorithm.sampling.VectorSliceSampler$.polar:148","none","false","1","6287072"
"4949a94d5ea5984a653f3c0d63511565de1c58a2b92b4ca2ab1d29f012cdfdca","allocation","sampling","samplerObserved","scala.runtime.ObjectRef","com.cra.figaro.algorithm.sampling.VectorSliceSampler$.quantile:116","none","false","3","29376720"
"4949a94d5ea5984a653f3c0d63511565de1c58a2b92b4ca2ab1d29f012cdfdca","allocation","unknown","unknown","[Ljava.lang.management.MemoryUsage;","unknown","none","false","31","2295192"
"4949a94d5ea5984a653f3c0d63511565de1c58a2b92b4ca2ab1d29f012cdfdca","allocation","unknown","unknown","java.lang.Class","unknown","none","false","1","2856"
"4949a94d5ea5984a653f3c0d63511565de1c58a2b92b4ca2ab1d29f012cdfdca","allocation","unknown","unknown","java.lang.String","unknown","none","false","1","5744"
"4949a94d5ea5984a653f3c0d63511565de1c58a2b92b4ca2ab1d29f012cdfdca","execution","diagnostics","diagnostics","com.cra.figaro.algorithm.sampling.parallel.McmcDiagnostics$$$Lambda$4898.apply","com.cra.figaro.algorithm.sampling.parallel.McmcDiagnostics$$$Lambda$4898.apply:-1","none","false","1","1"
"4949a94d5ea5984a653f3c0d63511565de1c58a2b92b4ca2ab1d29f012cdfdca","execution","diagnostics","diagnostics","com.cra.figaro.algorithm.sampling.parallel.McmcDiagnostics$.$anonfun$8","com.cra.figaro.algorithm.sampling.parallel.McmcDiagnostics$.$anonfun$8:74","none","false","1","1"
"4949a94d5ea5984a653f3c0d63511565de1c58a2b92b4ca2ab1d29f012cdfdca","execution","diagnostics","diagnostics","com.cra.figaro.algorithm.sampling.parallel.McmcDiagnostics$.autocovariance","com.cra.figaro.algorithm.sampling.parallel.McmcDiagnostics$.autocovariance:225","none","false","38","38"
"4949a94d5ea5984a653f3c0d63511565de1c58a2b92b4ca2ab1d29f012cdfdca","execution","diagnostics","diagnostics","com.cra.figaro.algorithm.sampling.parallel.McmcDiagnostics$.autocovariance","com.cra.figaro.algorithm.sampling.parallel.McmcDiagnostics$.autocovariance:233","none","false","4","4"
"4949a94d5ea5984a653f3c0d63511565de1c58a2b92b4ca2ab1d29f012cdfdca","execution","diagnostics","diagnostics","com.cra.figaro.algorithm.sampling.parallel.McmcDiagnostics$.autocovariance","com.cra.figaro.algorithm.sampling.parallel.McmcDiagnostics$.autocovariance:261","none","false","9","9"
"4949a94d5ea5984a653f3c0d63511565de1c58a2b92b4ca2ab1d29f012cdfdca","execution","diagnostics","diagnostics","com.cra.figaro.algorithm.sampling.parallel.McmcDiagnostics$.average","com.cra.figaro.algorithm.sampling.parallel.McmcDiagnostics$.average:96","none","false","39","39"
"4949a94d5ea5984a653f3c0d63511565de1c58a2b92b4ca2ab1d29f012cdfdca","execution","diagnostics","diagnostics","com.cra.figaro.algorithm.sampling.parallel.McmcDiagnostics$.ess","com.cra.figaro.algorithm.sampling.parallel.McmcDiagnostics$.ess:284","none","false","1","1"
"4949a94d5ea5984a653f3c0d63511565de1c58a2b92b4ca2ab1d29f012cdfdca","execution","diagnostics","diagnostics","com.cra.figaro.algorithm.sampling.parallel.McmcDiagnostics$.interrupted","com.cra.figaro.algorithm.sampling.parallel.McmcDiagnostics$.interrupted:10","com.cra.figaro.algorithm.sampling.parallel.McmcDiagnostics$.autocovariance:229","false","16","16"
"4949a94d5ea5984a653f3c0d63511565de1c58a2b92b4ca2ab1d29f012cdfdca","execution","diagnostics","diagnostics","com.cra.figaro.algorithm.sampling.parallel.McmcDiagnostics$.interrupted","com.cra.figaro.algorithm.sampling.parallel.McmcDiagnostics$.interrupted:10","com.cra.figaro.algorithm.sampling.parallel.McmcDiagnostics$.average:94","false","1","1"
"4949a94d5ea5984a653f3c0d63511565de1c58a2b92b4ca2ab1d29f012cdfdca","execution","diagnostics","diagnostics","com.cra.figaro.algorithm.sampling.parallel.McmcDiagnostics$.interrupted","com.cra.figaro.algorithm.sampling.parallel.McmcDiagnostics$.interrupted:10","com.cra.figaro.algorithm.sampling.parallel.McmcDiagnostics$.sortedIndices:138","false","2","2"
"4949a94d5ea5984a653f3c0d63511565de1c58a2b92b4ca2ab1d29f012cdfdca","execution","diagnostics","diagnostics","com.cra.figaro.algorithm.sampling.parallel.McmcDiagnostics$.interrupted","com.cra.figaro.algorithm.sampling.parallel.McmcDiagnostics$.interrupted:10","com.cra.figaro.algorithm.sampling.parallel.McmcDiagnostics$.sortedIndices:157","false","649","649"
"4949a94d5ea5984a653f3c0d63511565de1c58a2b92b4ca2ab1d29f012cdfdca","execution","diagnostics","diagnostics","com.cra.figaro.algorithm.sampling.parallel.McmcDiagnostics$.interrupted","com.cra.figaro.algorithm.sampling.parallel.McmcDiagnostics$.interrupted:10","com.cra.figaro.algorithm.sampling.parallel.McmcDiagnostics$.variance:106","false","1","1"
"4949a94d5ea5984a653f3c0d63511565de1c58a2b92b4ca2ab1d29f012cdfdca","execution","diagnostics","diagnostics","com.cra.figaro.algorithm.sampling.parallel.McmcDiagnostics$.rankNormalize","com.cra.figaro.algorithm.sampling.parallel.McmcDiagnostics$.rankNormalize:187","none","false","1","1"
"4949a94d5ea5984a653f3c0d63511565de1c58a2b92b4ca2ab1d29f012cdfdca","execution","diagnostics","diagnostics","com.cra.figaro.algorithm.sampling.parallel.McmcDiagnostics$.rankNormalize","com.cra.figaro.algorithm.sampling.parallel.McmcDiagnostics$.rankNormalize:198","none","false","18","18"
"4949a94d5ea5984a653f3c0d63511565de1c58a2b92b4ca2ab1d29f012cdfdca","execution","diagnostics","diagnostics","com.cra.figaro.algorithm.sampling.parallel.McmcDiagnostics$.rankNormalize$$anonfun$1","com.cra.figaro.algorithm.sampling.parallel.McmcDiagnostics$.rankNormalize$$anonfun$1:202","none","false","21","21"
"4949a94d5ea5984a653f3c0d63511565de1c58a2b92b4ca2ab1d29f012cdfdca","execution","diagnostics","diagnostics","com.cra.figaro.algorithm.sampling.parallel.McmcDiagnostics$.sortedIndices","com.cra.figaro.algorithm.sampling.parallel.McmcDiagnostics$.sortedIndices:152","none","false","2","2"
"4949a94d5ea5984a653f3c0d63511565de1c58a2b92b4ca2ab1d29f012cdfdca","execution","diagnostics","diagnostics","com.cra.figaro.algorithm.sampling.parallel.McmcDiagnostics$.sortedIndices","com.cra.figaro.algorithm.sampling.parallel.McmcDiagnostics$.sortedIndices:156","none","false","1","1"
"4949a94d5ea5984a653f3c0d63511565de1c58a2b92b4ca2ab1d29f012cdfdca","execution","diagnostics","diagnostics","com.cra.figaro.algorithm.sampling.parallel.McmcDiagnostics$.sortedIndices","com.cra.figaro.algorithm.sampling.parallel.McmcDiagnostics$.sortedIndices:159","none","false","5","5"
"4949a94d5ea5984a653f3c0d63511565de1c58a2b92b4ca2ab1d29f012cdfdca","execution","diagnostics","diagnostics","com.cra.figaro.algorithm.sampling.parallel.McmcDiagnostics$.sortedIndices","com.cra.figaro.algorithm.sampling.parallel.McmcDiagnostics$.sortedIndices:166","none","false","43","43"
"4949a94d5ea5984a653f3c0d63511565de1c58a2b92b4ca2ab1d29f012cdfdca","execution","diagnostics","diagnostics","com.cra.figaro.algorithm.sampling.parallel.McmcDiagnostics$.sortedIndices","com.cra.figaro.algorithm.sampling.parallel.McmcDiagnostics$.sortedIndices:168","none","false","12","12"
"4949a94d5ea5984a653f3c0d63511565de1c58a2b92b4ca2ab1d29f012cdfdca","execution","diagnostics","diagnostics","com.cra.figaro.algorithm.sampling.parallel.McmcDiagnostics$.summarize","com.cra.figaro.algorithm.sampling.parallel.McmcDiagnostics$.summarize:38","none","false","1","1"
"4949a94d5ea5984a653f3c0d63511565de1c58a2b92b4ca2ab1d29f012cdfdca","execution","diagnostics","diagnostics","java.lang.ClassValue$ClassValueMap.removeEntry","com.cra.figaro.algorithm.sampling.parallel.McmcDiagnostics$.split:114","none","false","1","1"
"4949a94d5ea5984a653f3c0d63511565de1c58a2b92b4ca2ab1d29f012cdfdca","execution","diagnostics","diagnostics","java.lang.ClassValue.getFromBackup","com.cra.figaro.algorithm.sampling.parallel.McmcDiagnostics$.autocovariance:225","none","false","1","1"
"4949a94d5ea5984a653f3c0d63511565de1c58a2b92b4ca2ab1d29f012cdfdca","execution","diagnostics","diagnostics","java.lang.Double.isFinite","com.cra.figaro.algorithm.sampling.parallel.McmcDiagnostics$.autocovariance:240","none","false","32","32"
"4949a94d5ea5984a653f3c0d63511565de1c58a2b92b4ca2ab1d29f012cdfdca","execution","diagnostics","diagnostics","java.lang.Double.valueOf","com.cra.figaro.algorithm.sampling.parallel.McmcDiagnostics$$$Lambda$4944.apply:-1","none","false","10","10"
"4949a94d5ea5984a653f3c0d63511565de1c58a2b92b4ca2ab1d29f012cdfdca","execution","diagnostics","diagnostics","java.lang.Double.valueOf","com.cra.figaro.algorithm.sampling.parallel.McmcDiagnostics$.$anonfun$5:63","none","false","2","2"
"4949a94d5ea5984a653f3c0d63511565de1c58a2b92b4ca2ab1d29f012cdfdca","execution","diagnostics","diagnostics","java.lang.Double.valueOf","com.cra.figaro.algorithm.sampling.parallel.McmcDiagnostics$.$anonfun$6$$anonfun$1:71","none","false","2","2"
"4949a94d5ea5984a653f3c0d63511565de1c58a2b92b4ca2ab1d29f012cdfdca","execution","diagnostics","diagnostics","java.lang.Double.valueOf","com.cra.figaro.algorithm.sampling.parallel.McmcDiagnostics$.summarize:44","none","false","1","1"
"4949a94d5ea5984a653f3c0d63511565de1c58a2b92b4ca2ab1d29f012cdfdca","execution","diagnostics","diagnostics","java.lang.invoke.Invokers$Holder.linkToTargetMethod","com.cra.figaro.algorithm.sampling.parallel.McmcDiagnostics$.$anonfun$6:71","none","false","1","1"
"4949a94d5ea5984a653f3c0d63511565de1c58a2b92b4ca2ab1d29f012cdfdca","execution","diagnostics","diagnostics","java.util.DualPivotQuicksort.insertionSort","com.cra.figaro.algorithm.sampling.parallel.McmcDiagnostics$.sortedValues:126","none","false","1","1"
"4949a94d5ea5984a653f3c0d63511565de1c58a2b92b4ca2ab1d29f012cdfdca","execution","diagnostics","diagnostics","java.util.DualPivotQuicksort.mixedInsertionSort","com.cra.figaro.algorithm.sampling.parallel.McmcDiagnostics$.sortedValues:126","none","false","137","137"
"4949a94d5ea5984a653f3c0d63511565de1c58a2b92b4ca2ab1d29f012cdfdca","execution","diagnostics","diagnostics","java.util.DualPivotQuicksort.sort","com.cra.figaro.algorithm.sampling.parallel.McmcDiagnostics$.sortedValues:126","none","false","187","187"
"4949a94d5ea5984a653f3c0d63511565de1c58a2b92b4ca2ab1d29f012cdfdca","execution","diagnostics","diagnostics","org.apache.commons.math3.distribution.NormalDistribution.inverseCumulativeProbability","com.cra.figaro.algorithm.sampling.parallel.McmcDiagnostics$.rankNormalize:194","none","false","15","15"
"4949a94d5ea5984a653f3c0d63511565de1c58a2b92b4ca2ab1d29f012cdfdca","execution","diagnostics","diagnostics","org.apache.commons.math3.random.AbstractWell.<init>","com.cra.figaro.algorithm.sampling.parallel.McmcDiagnostics$.rankNormalize:184","none","false","9","9"
"4949a94d5ea5984a653f3c0d63511565de1c58a2b92b4ca2ab1d29f012cdfdca","execution","diagnostics","diagnostics","org.apache.commons.math3.special.Erf.erfInv","com.cra.figaro.algorithm.sampling.parallel.McmcDiagnostics$.rankNormalize:194","none","false","196","196"
"4949a94d5ea5984a653f3c0d63511565de1c58a2b92b4ca2ab1d29f012cdfdca","execution","diagnostics","diagnostics","org.apache.commons.math3.transform.FastFourierTransformer.bitReversalShuffle2","com.cra.figaro.algorithm.sampling.parallel.McmcDiagnostics$.autocovariance:233","none","false","38","38"
"4949a94d5ea5984a653f3c0d63511565de1c58a2b92b4ca2ab1d29f012cdfdca","execution","diagnostics","diagnostics","org.apache.commons.math3.transform.FastFourierTransformer.bitReversalShuffle2","com.cra.figaro.algorithm.sampling.parallel.McmcDiagnostics$.autocovariance:254","none","false","46","46"
"4949a94d5ea5984a653f3c0d63511565de1c58a2b92b4ca2ab1d29f012cdfdca","execution","diagnostics","diagnostics","org.apache.commons.math3.transform.FastFourierTransformer.normalizeTransformedData","com.cra.figaro.algorithm.sampling.parallel.McmcDiagnostics$.autocovariance:254","none","false","6","6"
"4949a94d5ea5984a653f3c0d63511565de1c58a2b92b4ca2ab1d29f012cdfdca","execution","diagnostics","diagnostics","org.apache.commons.math3.transform.FastFourierTransformer.transformInPlace","com.cra.figaro.algorithm.sampling.parallel.McmcDiagnostics$.autocovariance:233","none","false","281","281"
"4949a94d5ea5984a653f3c0d63511565de1c58a2b92b4ca2ab1d29f012cdfdca","execution","diagnostics","diagnostics","org.apache.commons.math3.transform.FastFourierTransformer.transformInPlace","com.cra.figaro.algorithm.sampling.parallel.McmcDiagnostics$.autocovariance:254","none","false","297","297"
"4949a94d5ea5984a653f3c0d63511565de1c58a2b92b4ca2ab1d29f012cdfdca","execution","diagnostics","diagnostics","org.apache.commons.math3.util.FastMath.log","com.cra.figaro.algorithm.sampling.parallel.McmcDiagnostics$.rankNormalize:194","none","false","36","36"
"4949a94d5ea5984a653f3c0d63511565de1c58a2b92b4ca2ab1d29f012cdfdca","execution","diagnostics","diagnostics","scala.Array$.copy","com.cra.figaro.algorithm.sampling.parallel.McmcDiagnostics$.$anonfun$1:39","none","false","1","1"
"4949a94d5ea5984a653f3c0d63511565de1c58a2b92b4ca2ab1d29f012cdfdca","execution","diagnostics","diagnostics","scala.Array$.slowcopy","com.cra.figaro.algorithm.sampling.parallel.McmcDiagnostics$.$anonfun$1:39","none","false","4","4"
"4949a94d5ea5984a653f3c0d63511565de1c58a2b92b4ca2ab1d29f012cdfdca","execution","diagnostics","diagnostics","scala.Option.exists","com.cra.figaro.algorithm.sampling.parallel.McmcDiagnostics$.summarize:77","none","false","1","1"
"4949a94d5ea5984a653f3c0d63511565de1c58a2b92b4ca2ab1d29f012cdfdca","execution","diagnostics","diagnostics","scala.collection.AbstractIterator.toArray","com.cra.figaro.algorithm.sampling.parallel.McmcDiagnostics$.rankNormalize:202","none","false","1","1"
"4949a94d5ea5984a653f3c0d63511565de1c58a2b92b4ca2ab1d29f012cdfdca","execution","diagnostics","diagnostics","scala.collection.ArrayOps$.flatMap$extension","com.cra.figaro.algorithm.sampling.parallel.McmcDiagnostics$.split:114","none","false","1","1"
"4949a94d5ea5984a653f3c0d63511565de1c58a2b92b4ca2ab1d29f012cdfdca","execution","diagnostics","diagnostics","scala.collection.ArrayOps$.iterator$extension","com.cra.figaro.algorithm.sampling.parallel.McmcDiagnostics$.summarize:43","none","false","1","1"
"4949a94d5ea5984a653f3c0d63511565de1c58a2b92b4ca2ab1d29f012cdfdca","execution","diagnostics","diagnostics","scala.collection.ArrayOps$.map$extension","com.cra.figaro.algorithm.sampling.parallel.McmcDiagnostics$.$anonfun$5:63","none","false","9","9"
"4949a94d5ea5984a653f3c0d63511565de1c58a2b92b4ca2ab1d29f012cdfdca","execution","diagnostics","diagnostics","scala.collection.ArrayOps$.map$extension","com.cra.figaro.algorithm.sampling.parallel.McmcDiagnostics$.$anonfun$6$$anonfun$1:71","none","false","19","19"
"4949a94d5ea5984a653f3c0d63511565de1c58a2b92b4ca2ab1d29f012cdfdca","execution","diagnostics","diagnostics","scala.collection.ArrayOps$.map$extension","com.cra.figaro.algorithm.sampling.parallel.McmcDiagnostics$.$anonfun$8:74","none","false","17","17"
"4949a94d5ea5984a653f3c0d63511565de1c58a2b92b4ca2ab1d29f012cdfdca","execution","diagnostics","diagnostics","scala.collection.ArrayOps$.map$extension","com.cra.figaro.algorithm.sampling.parallel.McmcDiagnostics$.rho$1:274","none","false","4","4"
"4949a94d5ea5984a653f3c0d63511565de1c58a2b92b4ca2ab1d29f012cdfdca","execution","diagnostics","diagnostics","scala.collection.ArrayOps$.map$extension","com.cra.figaro.algorithm.sampling.parallel.McmcDiagnostics$.summarize:44","none","false","12","12"
"4949a94d5ea5984a653f3c0d63511565de1c58a2b92b4ca2ab1d29f012cdfdca","execution","diagnostics","diagnostics","scala.collection.IterableOnceOps.forall","com.cra.figaro.algorithm.sampling.parallel.McmcDiagnostics$.summarize$$anonfun$4:38","none","false","9","9"
"4949a94d5ea5984a653f3c0d63511565de1c58a2b92b4ca2ab1d29f012cdfdca","execution","diagnostics","diagnostics","scala.collection.IterableOnceOps.reduceLeft$","com.cra.figaro.algorithm.sampling.parallel.McmcDiagnostics$.rho$1:274","none","false","5","5"
"4949a94d5ea5984a653f3c0d63511565de1c58a2b92b4ca2ab1d29f012cdfdca","execution","diagnostics","diagnostics","scala.collection.IterableOnceOps.reduceLeft$","com.cra.figaro.algorithm.sampling.parallel.McmcDiagnostics$.summarize:43","none","false","1","1"
"4949a94d5ea5984a653f3c0d63511565de1c58a2b92b4ca2ab1d29f012cdfdca","execution","diagnostics","diagnostics","scala.collection.IterableOnceOps.sum$$anonfun$2","com.cra.figaro.algorithm.sampling.parallel.McmcDiagnostics$.rho$1:274","none","false","5","5"
"4949a94d5ea5984a653f3c0d63511565de1c58a2b92b4ca2ab1d29f012cdfdca","execution","diagnostics","diagnostics","scala.collection.Iterator$$anon$19.next","com.cra.figaro.algorithm.sampling.parallel.McmcDiagnostics$.summarize$$anonfun$4:38","none","false","1","1"
"4949a94d5ea5984a653f3c0d63511565de1c58a2b92b4ca2ab1d29f012cdfdca","execution","diagnostics","diagnostics","scala.collection.immutable.Vector1.map","com.cra.figaro.algorithm.sampling.parallel.McmcDiagnostics$.summarize:69","none","false","1","1"
"4949a94d5ea5984a653f3c0d63511565de1c58a2b92b4ca2ab1d29f012cdfdca","execution","diagnostics","diagnostics","scala.collection.mutable.ArrayBuilder.addAll","com.cra.figaro.algorithm.sampling.parallel.McmcDiagnostics$.rankNormalize:181","none","false","6","6"
"4949a94d5ea5984a653f3c0d63511565de1c58a2b92b4ca2ab1d29f012cdfdca","execution","diagnostics","diagnostics","scala.collection.mutable.ArrayBuilder.addAll","com.cra.figaro.algorithm.sampling.parallel.McmcDiagnostics$.summarize:40","none","false","2","2"
"4949a94d5ea5984a653f3c0d63511565de1c58a2b92b4ca2ab1d29f012cdfdca","execution","diagnostics","diagnostics","scala.reflect.ClassTag$.apply","com.cra.figaro.algorithm.sampling.parallel.McmcDiagnostics$.rankNormalize$$anonfun$1:202","none","false","3","3"
"4949a94d5ea5984a653f3c0d63511565de1c58a2b92b4ca2ab1d29f012cdfdca","execution","diagnostics","diagnostics","scala.reflect.ClassTag$.apply","com.cra.figaro.algorithm.sampling.parallel.McmcDiagnostics$.rho$1:274","none","false","3","3"
"4949a94d5ea5984a653f3c0d63511565de1c58a2b92b4ca2ab1d29f012cdfdca","execution","diagnostics","diagnostics","scala.reflect.ClassTag$.apply","com.cra.figaro.algorithm.sampling.parallel.McmcDiagnostics$.split$$anonfun$1:114","none","false","3","3"
"4949a94d5ea5984a653f3c0d63511565de1c58a2b92b4ca2ab1d29f012cdfdca","execution","diagnostics","diagnostics","scala.reflect.ManifestFactory$DoubleManifest.newArray","com.cra.figaro.algorithm.sampling.parallel.McmcDiagnostics$.$anonfun$1:39","none","false","2","2"
"4949a94d5ea5984a653f3c0d63511565de1c58a2b92b4ca2ab1d29f012cdfdca","execution","diagnostics","diagnostics","scala.runtime.java8.JFunction1$mcDD$sp.apply","com.cra.figaro.algorithm.sampling.parallel.McmcDiagnostics$.$anonfun$5:63","none","false","9","9"
"4949a94d5ea5984a653f3c0d63511565de1c58a2b92b4ca2ab1d29f012cdfdca","execution","diagnostics","diagnostics","scala.runtime.java8.JFunction1$mcDD$sp.apply","com.cra.figaro.algorithm.sampling.parallel.McmcDiagnostics$.$anonfun$6$$anonfun$1:71","none","false","16","16"
"4949a94d5ea5984a653f3c0d63511565de1c58a2b92b4ca2ab1d29f012cdfdca","execution","diagnostics","diagnostics","scala.runtime.java8.JFunction1$mcDD$sp.apply","com.cra.figaro.algorithm.sampling.parallel.McmcDiagnostics$.$anonfun$8:74","none","false","10","10"
"4949a94d5ea5984a653f3c0d63511565de1c58a2b92b4ca2ab1d29f012cdfdca","execution","diagnostics","diagnostics","scala.runtime.java8.JFunction1$mcDD$sp.apply","com.cra.figaro.algorithm.sampling.parallel.McmcDiagnostics$.summarize:44","none","false","8","8"
"4949a94d5ea5984a653f3c0d63511565de1c58a2b92b4ca2ab1d29f012cdfdca","execution","diagnostics","diagnostics","scala.runtime.java8.JFunction1$mcZD$sp.apply","com.cra.figaro.algorithm.sampling.parallel.McmcDiagnostics$.summarize$$anonfun$4:38","none","false","1","1"
"4949a94d5ea5984a653f3c0d63511565de1c58a2b92b4ca2ab1d29f012cdfdca","execution","other","other","com.cra.figaro.example.VectorSamplingPerformance$.main$$anonfun$1$$anonfun$1$$anonfun$1$$anonfun$1$$anonfun$1","com.cra.figaro.example.VectorSamplingPerformance$.main$$anonfun$1$$anonfun$1$$anonfun$1$$anonfun$1$$anonfun$1:111","none","false","1","1"
"4949a94d5ea5984a653f3c0d63511565de1c58a2b92b4ca2ab1d29f012cdfdca","execution","other","other","com.sun.management.internal.GcInfoCompositeData$1.<init>","com.sun.management.internal.GcInfoCompositeData$1.<init>:72","none","false","1","1"
"4949a94d5ea5984a653f3c0d63511565de1c58a2b92b4ca2ab1d29f012cdfdca","execution","other","other","java.lang.Double.valueOf","java.lang.Double.valueOf:632","none","false","11","11"
"4949a94d5ea5984a653f3c0d63511565de1c58a2b92b4ca2ab1d29f012cdfdca","execution","other","other","java.lang.invoke.DirectMethodHandle$Holder.newInvokeSpecial","java.lang.invoke.DirectMethodHandle$Holder.newInvokeSpecial:-1","none","false","1","1"
"4949a94d5ea5984a653f3c0d63511565de1c58a2b92b4ca2ab1d29f012cdfdca","execution","other","other","java.lang.invoke.DirectMethodHandle.allocateInstance","java.lang.invoke.DirectMethodHandle.allocateInstance:520","none","false","1","1"
"4949a94d5ea5984a653f3c0d63511565de1c58a2b92b4ca2ab1d29f012cdfdca","execution","other","other","java.util.Objects.requireNonNull","java.util.Objects.requireNonNull:208","none","false","1","1"
"4949a94d5ea5984a653f3c0d63511565de1c58a2b92b4ca2ab1d29f012cdfdca","execution","other","other","java.util.concurrent.ScheduledThreadPoolExecutor.canRunInCurrentRunState","java.util.concurrent.ScheduledThreadPoolExecutor.canRunInCurrentRunState:324","none","false","1","1"
"4949a94d5ea5984a653f3c0d63511565de1c58a2b92b4ca2ab1d29f012cdfdca","execution","other","other","java.util.concurrent.SynchronousQueue$TransferStack$SNode.casNext","java.util.concurrent.SynchronousQueue$TransferStack$SNode.casNext:246","none","false","1","1"
"4949a94d5ea5984a653f3c0d63511565de1c58a2b92b4ca2ab1d29f012cdfdca","execution","other","other","java.util.concurrent.ThreadPoolExecutor.runWorker","java.util.concurrent.ThreadPoolExecutor.runWorker:1122","none","false","1","1"
"4949a94d5ea5984a653f3c0d63511565de1c58a2b92b4ca2ab1d29f012cdfdca","execution","other","other","java.util.concurrent.ThreadPoolExecutor.runWorker","java.util.concurrent.ThreadPoolExecutor.runWorker:1128","none","false","2","2"
"4949a94d5ea5984a653f3c0d63511565de1c58a2b92b4ca2ab1d29f012cdfdca","execution","other","other","java.util.concurrent.ThreadPoolExecutor.runWorker","java.util.concurrent.ThreadPoolExecutor.runWorker:1129","none","false","2","2"
"4949a94d5ea5984a653f3c0d63511565de1c58a2b92b4ca2ab1d29f012cdfdca","execution","other","other","java.util.concurrent.locks.AbstractQueuedSynchronizer$ConditionObject.awaitNanos","java.util.concurrent.locks.AbstractQueuedSynchronizer$ConditionObject.awaitNanos:1667","none","false","3","3"
"4949a94d5ea5984a653f3c0d63511565de1c58a2b92b4ca2ab1d29f012cdfdca","execution","other","other","java.util.concurrent.locks.AbstractQueuedSynchronizer$ConditionObject.awaitNanos","java.util.concurrent.locks.AbstractQueuedSynchronizer$ConditionObject.awaitNanos:1668","none","false","1","1"
"4949a94d5ea5984a653f3c0d63511565de1c58a2b92b4ca2ab1d29f012cdfdca","execution","other","other","java.util.concurrent.locks.AbstractQueuedSynchronizer.acquireInterruptibly","java.util.concurrent.locks.AbstractQueuedSynchronizer.acquireInterruptibly:958","none","false","1","1"
"4949a94d5ea5984a653f3c0d63511565de1c58a2b92b4ca2ab1d29f012cdfdca","execution","other","other","javax.management.openmbean.TabularType.isAssignableFrom","javax.management.openmbean.TabularType.isAssignableFrom:246","none","false","1","1"
"4949a94d5ea5984a653f3c0d63511565de1c58a2b92b4ca2ab1d29f012cdfdca","execution","other","other","jdk.jfr.internal.RequestEngine.run_requests","jdk.jfr.internal.RequestEngine.run_requests:223","none","false","4","4"
"4949a94d5ea5984a653f3c0d63511565de1c58a2b92b4ca2ab1d29f012cdfdca","execution","other","other","jdk.jfr.internal.RequestEngine.run_requests","jdk.jfr.internal.RequestEngine.run_requests:227","none","false","1","1"
"4949a94d5ea5984a653f3c0d63511565de1c58a2b92b4ca2ab1d29f012cdfdca","execution","other","other","jdk.jfr.internal.RequestEngine.run_requests","jdk.jfr.internal.RequestEngine.run_requests:271","none","false","1","1"
"4949a94d5ea5984a653f3c0d63511565de1c58a2b92b4ca2ab1d29f012cdfdca","execution","other","other","sbt.internal.GCMonitorBase.totalCollectionTimeChanged","sbt.internal.GCMonitorBase.totalCollectionTimeChanged:41","none","false","1","1"
"4949a94d5ea5984a653f3c0d63511565de1c58a2b92b4ca2ab1d29f012cdfdca","execution","other","other","scala.collection.AbstractIterable.foreach","scala.collection.AbstractIterable.foreach:979","none","false","1","1"
"4949a94d5ea5984a653f3c0d63511565de1c58a2b92b4ca2ab1d29f012cdfdca","execution","other","other","scala.collection.convert.AsScalaConverters.asScala$","scala.collection.convert.AsScalaConverters.asScala$:29","none","false","1","1"
"4949a94d5ea5984a653f3c0d63511565de1c58a2b92b4ca2ab1d29f012cdfdca","execution","other","other","scala.collection.immutable.Vector3.map","scala.collection.immutable.Vector3.map:2253","none","false","2","2"
"4949a94d5ea5984a653f3c0d63511565de1c58a2b92b4ca2ab1d29f012cdfdca","execution","other","other","scala.collection.immutable.Vector3.map","scala.collection.immutable.Vector3.map:2254","none","false","77","77"
"4949a94d5ea5984a653f3c0d63511565de1c58a2b92b4ca2ab1d29f012cdfdca","execution","other","other","scala.collection.immutable.VectorStatics$.mapElems","scala.collection.immutable.VectorStatics$.mapElems:2254","none","false","43","43"
"4949a94d5ea5984a653f3c0d63511565de1c58a2b92b4ca2ab1d29f012cdfdca","execution","other","other","scala.collection.immutable.VectorStatics$.mapElemsRest","scala.collection.immutable.VectorStatics$.mapElemsRest:2253","none","false","1","1"
"4949a94d5ea5984a653f3c0d63511565de1c58a2b92b4ca2ab1d29f012cdfdca","execution","other","other","scala.collection.immutable.VectorStatics$.mapElemsRest","scala.collection.immutable.VectorStatics$.mapElemsRest:2254","none","false","35","35"
"4949a94d5ea5984a653f3c0d63511565de1c58a2b92b4ca2ab1d29f012cdfdca","execution","other","other","scala.runtime.function.JProcedure1.apply","scala.runtime.function.JProcedure1.apply:15","none","false","59","59"
"4949a94d5ea5984a653f3c0d63511565de1c58a2b92b4ca2ab1d29f012cdfdca","execution","other","other","sun.security.provider.DigestBase.engineUpdate","sun.security.provider.DigestBase.engineUpdate:112","none","false","1","1"
"4949a94d5ea5984a653f3c0d63511565de1c58a2b92b4ca2ab1d29f012cdfdca","execution","sampling","callbackBoundaryUnresolved","com.cra.figaro.example.VectorSamplingPerformance$$$Lambda$4809.apply","com.cra.figaro.algorithm.sampling.VectorSliceSampler$.evaluate$1:86","none","false","10","10"
"4949a94d5ea5984a653f3c0d63511565de1c58a2b92b4ca2ab1d29f012cdfdca","execution","sampling","callbackObserved","java.lang.Double.valueOf","com.cra.figaro.algorithm.sampling.VectorSliceSampler$.evaluate$1:86","com.cra.figaro.example.VectorSamplingPerformance$.density$$anonfun$1:19","false","3","3"
"4949a94d5ea5984a653f3c0d63511565de1c58a2b92b4ca2ab1d29f012cdfdca","execution","sampling","callbackObserved","scala.collection.AbstractIterable.reduceLeft","com.cra.figaro.algorithm.sampling.VectorSliceSampler$.evaluate$1:86","com.cra.figaro.example.VectorSamplingPerformance$.density$$anonfun$1:22","false","1","1"
"4949a94d5ea5984a653f3c0d63511565de1c58a2b92b4ca2ab1d29f012cdfdca","execution","sampling","callbackObserved","scala.collection.AbstractIterable.reduceLeft","com.cra.figaro.algorithm.sampling.VectorSliceSampler$.evaluate$1:86","com.cra.figaro.example.VectorSamplingPerformance$.density$$anonfun$1:23","false","9","9"
"4949a94d5ea5984a653f3c0d63511565de1c58a2b92b4ca2ab1d29f012cdfdca","execution","sampling","callbackObserved","scala.collection.AbstractIterable.reduceLeft","com.cra.figaro.algorithm.sampling.VectorSliceSampler$.evaluate$1:86","com.cra.figaro.example.VectorSamplingPerformance$.density$$anonfun$1:35","false","1","1"
"4949a94d5ea5984a653f3c0d63511565de1c58a2b92b4ca2ab1d29f012cdfdca","execution","sampling","callbackObserved","scala.collection.IterableOnceOps.forall","com.cra.figaro.algorithm.sampling.VectorSliceSampler$.evaluate$1:86","com.cra.figaro.example.VectorSamplingPerformance$.density$$anonfun$1:23","false","4","4"
"4949a94d5ea5984a653f3c0d63511565de1c58a2b92b4ca2ab1d29f012cdfdca","execution","sampling","callbackObserved","scala.collection.IterableOnceOps.reduceLeft$","com.cra.figaro.algorithm.sampling.VectorSliceSampler$.evaluate$1:86","com.cra.figaro.example.VectorSamplingPerformance$.density$$anonfun$1:19","false","13","13"
"4949a94d5ea5984a653f3c0d63511565de1c58a2b92b4ca2ab1d29f012cdfdca","execution","sampling","callbackObserved","scala.collection.IterableOnceOps.reduceLeft$","com.cra.figaro.algorithm.sampling.VectorSliceSampler$.evaluate$1:86","com.cra.figaro.example.VectorSamplingPerformance$.density$$anonfun$1:21","false","49","49"
"4949a94d5ea5984a653f3c0d63511565de1c58a2b92b4ca2ab1d29f012cdfdca","execution","sampling","callbackObserved","scala.collection.IterableOnceOps.reduceLeft$","com.cra.figaro.algorithm.sampling.VectorSliceSampler$.evaluate$1:86","com.cra.figaro.example.VectorSamplingPerformance$.density$$anonfun$1:22","false","96","96"
"4949a94d5ea5984a653f3c0d63511565de1c58a2b92b4ca2ab1d29f012cdfdca","execution","sampling","callbackObserved","scala.collection.IterableOnceOps.reduceLeft$","com.cra.figaro.algorithm.sampling.VectorSliceSampler$.evaluate$1:86","com.cra.figaro.example.VectorSamplingPerformance$.density$$anonfun$1:23","false","40","40"
"4949a94d5ea5984a653f3c0d63511565de1c58a2b92b4ca2ab1d29f012cdfdca","execution","sampling","callbackObserved","scala.collection.IterableOnceOps.reduceLeft$","com.cra.figaro.algorithm.sampling.VectorSliceSampler$.evaluate$1:86","com.cra.figaro.example.VectorSamplingPerformance$.density$$anonfun$1:25","false","9","9"
"4949a94d5ea5984a653f3c0d63511565de1c58a2b92b4ca2ab1d29f012cdfdca","execution","sampling","callbackObserved","scala.collection.IterableOnceOps.reduceLeft$","com.cra.figaro.algorithm.sampling.VectorSliceSampler$.evaluate$1:86","com.cra.figaro.example.VectorSamplingPerformance$.density$$anonfun$1:34","false","1","1"
"4949a94d5ea5984a653f3c0d63511565de1c58a2b92b4ca2ab1d29f012cdfdca","execution","sampling","callbackObserved","scala.collection.IterableOnceOps.reduceLeft$","com.cra.figaro.algorithm.sampling.VectorSliceSampler$.evaluate$1:86","com.cra.figaro.example.VectorSamplingPerformance$.density$$anonfun$1:35","false","1","1"
"4949a94d5ea5984a653f3c0d63511565de1c58a2b92b4ca2ab1d29f012cdfdca","execution","sampling","callbackObserved","scala.collection.immutable.Vector.foreach","com.cra.figaro.algorithm.sampling.VectorSliceSampler$.evaluate$1:86","com.cra.figaro.example.VectorSamplingPerformance$.density$$anonfun$1:26","false","1","1"
"4949a94d5ea5984a653f3c0d63511565de1c58a2b92b4ca2ab1d29f012cdfdca","execution","sampling","callbackObserved","scala.collection.immutable.Vector1.map","com.cra.figaro.algorithm.sampling.VectorSliceSampler$.evaluate$1:86","com.cra.figaro.example.VectorSamplingPerformance$.density$$anonfun$1:19","false","8","8"
"4949a94d5ea5984a653f3c0d63511565de1c58a2b92b4ca2ab1d29f012cdfdca","execution","sampling","callbackObserved","scala.collection.immutable.Vector1.map","com.cra.figaro.algorithm.sampling.VectorSliceSampler$.evaluate$1:86","com.cra.figaro.example.VectorSamplingPerformance$.density$$anonfun$1:22","false","31","31"
"4949a94d5ea5984a653f3c0d63511565de1c58a2b92b4ca2ab1d29f012cdfdca","execution","sampling","callbackObserved","scala.collection.immutable.Vector1.map","com.cra.figaro.algorithm.sampling.VectorSliceSampler$.evaluate$1:86","com.cra.figaro.example.VectorSamplingPerformance$.density$$anonfun$1:34","false","1","1"
"4949a94d5ea5984a653f3c0d63511565de1c58a2b92b4ca2ab1d29f012cdfdca","execution","sampling","callbackObserved","scala.collection.immutable.Vector1.map","com.cra.figaro.algorithm.sampling.VectorSliceSampler$.evaluate$1:86","com.cra.figaro.example.VectorSamplingPerformance$.density$$anonfun$1:35","false","2","2"
"4949a94d5ea5984a653f3c0d63511565de1c58a2b92b4ca2ab1d29f012cdfdca","execution","sampling","callbackObserved","scala.runtime.BoxesRunTime.unboxToDouble","com.cra.figaro.algorithm.sampling.VectorSliceSampler$.evaluate$1:86","com.cra.figaro.example.VectorSamplingPerformance$.density$$anonfun$1$$anonfun$4:29","false","15","15"
"4949a94d5ea5984a653f3c0d63511565de1c58a2b92b4ca2ab1d29f012cdfdca","execution","sampling","samplerObserved","com.cra.figaro.algorithm.sampling.VectorSliceSampler$.polar","com.cra.figaro.algorithm.sampling.VectorSliceSampler$.polar:181","none","false","1","1"
"4949a94d5ea5984a653f3c0d63511565de1c58a2b92b4ca2ab1d29f012cdfdca","execution","sampling","samplerObserved","com.cra.figaro.algorithm.sampling.VectorSliceSampler$.polar","com.cra.figaro.algorithm.sampling.VectorSliceSampler$.polar:190","none","false","2","2"
"4949a94d5ea5984a653f3c0d63511565de1c58a2b92b4ca2ab1d29f012cdfdca","execution","sampling","samplerObserved","com.cra.figaro.algorithm.sampling.VectorSliceSampler$.polar","com.cra.figaro.algorithm.sampling.VectorSliceSampler$.polar:192","none","false","1","1"
"4949a94d5ea5984a653f3c0d63511565de1c58a2b92b4ca2ab1d29f012cdfdca","execution","sampling","samplerObserved","com.cra.figaro.algorithm.sampling.VectorSliceSampler$.run","com.cra.figaro.algorithm.sampling.VectorSliceSampler$.run:103","none","false","3","3"
"4949a94d5ea5984a653f3c0d63511565de1c58a2b92b4ca2ab1d29f012cdfdca","execution","sampling","samplerObserved","com.cra.figaro.algorithm.sampling.VectorSliceSampler$.uniform","com.cra.figaro.algorithm.sampling.VectorSliceSampler$.uniform:53","none","false","6","6"
"4949a94d5ea5984a653f3c0d63511565de1c58a2b92b4ca2ab1d29f012cdfdca","execution","sampling","samplerObserved","java.lang.Double.isFinite","com.cra.figaro.algorithm.sampling.VectorSliceSampler$.norm$$anonfun$1:56","none","false","11","11"
"4949a94d5ea5984a653f3c0d63511565de1c58a2b92b4ca2ab1d29f012cdfdca","execution","sampling","samplerObserved","java.lang.Double.valueOf","com.cra.figaro.algorithm.sampling.VectorSliceSampler$$$Lambda$4852.apply:-1","none","false","1","1"
"4949a94d5ea5984a653f3c0d63511565de1c58a2b92b4ca2ab1d29f012cdfdca","execution","sampling","samplerObserved","java.lang.Double.valueOf","com.cra.figaro.algorithm.sampling.VectorSliceSampler$$$Lambda$4856.apply:-1","none","false","1","1"
"4949a94d5ea5984a653f3c0d63511565de1c58a2b92b4ca2ab1d29f012cdfdca","execution","sampling","samplerObserved","java.lang.Double.valueOf","com.cra.figaro.algorithm.sampling.VectorSliceSampler$.polar:198","none","false","3","3"
"4949a94d5ea5984a653f3c0d63511565de1c58a2b92b4ca2ab1d29f012cdfdca","execution","sampling","samplerObserved","java.lang.Math.log1p","com.cra.figaro.algorithm.sampling.VectorSliceSampler$.reference$1:115","none","false","1","1"
"4949a94d5ea5984a653f3c0d63511565de1c58a2b92b4ca2ab1d29f012cdfdca","execution","sampling","samplerObserved","java.lang.StrictMath.hypot","com.cra.figaro.algorithm.sampling.VectorSliceSampler$.norm$$anonfun$1:56","none","false","1","1"
"4949a94d5ea5984a653f3c0d63511565de1c58a2b92b4ca2ab1d29f012cdfdca","execution","sampling","samplerObserved","java.util.Random.nextGaussian","com.cra.figaro.algorithm.sampling.VectorSliceSampler$.$anonfun$4:152","none","false","7","7"
"4949a94d5ea5984a653f3c0d63511565de1c58a2b92b4ca2ab1d29f012cdfdca","execution","sampling","samplerObserved","scala.Predef$.require","com.cra.figaro.algorithm.sampling.VectorSliceSampler$.accepted$1:173","none","false","1","1"
"4949a94d5ea5984a653f3c0d63511565de1c58a2b92b4ca2ab1d29f012cdfdca","execution","sampling","samplerObserved","scala.collection.IterableOnceOps.forall","com.cra.figaro.algorithm.sampling.VectorSliceSampler$.evaluate$1:84","none","false","49","49"
"4949a94d5ea5984a653f3c0d63511565de1c58a2b92b4ca2ab1d29f012cdfdca","execution","sampling","samplerObserved","scala.collection.IterableOnceOps.reduceLeft$","com.cra.figaro.algorithm.sampling.VectorSliceSampler$.dot$1:147","none","false","2","2"
"4949a94d5ea5984a653f3c0d63511565de1c58a2b92b4ca2ab1d29f012cdfdca","execution","sampling","samplerObserved","scala.collection.SeqOps.isEmpty$","com.cra.figaro.algorithm.sampling.VectorSliceSampler$.polar:161","none","false","9","9"
"4949a94d5ea5984a653f3c0d63511565de1c58a2b92b4ca2ab1d29f012cdfdca","execution","sampling","samplerObserved","scala.collection.immutable.NewVectorIterator.next","com.cra.figaro.algorithm.sampling.VectorSliceSampler$.evaluate$1:84","none","false","7","7"
"4949a94d5ea5984a653f3c0d63511565de1c58a2b92b4ca2ab1d29f012cdfdca","execution","sampling","samplerObserved","scala.collection.immutable.Vector.zip","com.cra.figaro.algorithm.sampling.VectorSliceSampler$.angular$1:179","none","false","45","45"
"4949a94d5ea5984a653f3c0d63511565de1c58a2b92b4ca2ab1d29f012cdfdca","execution","sampling","samplerObserved","scala.collection.immutable.Vector.zip","com.cra.figaro.algorithm.sampling.VectorSliceSampler$.polar:154","none","false","1","1"
"4949a94d5ea5984a653f3c0d63511565de1c58a2b92b4ca2ab1d29f012cdfdca","execution","sampling","samplerObserved","scala.collection.immutable.Vector1.map","com.cra.figaro.algorithm.sampling.VectorSliceSampler$.accepted$1:172","none","false","56","56"
"4949a94d5ea5984a653f3c0d63511565de1c58a2b92b4ca2ab1d29f012cdfdca","execution","sampling","samplerObserved","scala.collection.immutable.Vector1.map","com.cra.figaro.algorithm.sampling.VectorSliceSampler$.angular$1:179","none","false","40","40"
"4949a94d5ea5984a653f3c0d63511565de1c58a2b92b4ca2ab1d29f012cdfdca","execution","sampling","samplerObserved","scala.collection.immutable.Vector1.map","com.cra.figaro.algorithm.sampling.VectorSliceSampler$.polar:146","none","false","9","9"
"4949a94d5ea5984a653f3c0d63511565de1c58a2b92b4ca2ab1d29f012cdfdca","execution","sampling","samplerObserved","scala.collection.immutable.Vector1.map","com.cra.figaro.algorithm.sampling.VectorSliceSampler$.polar:198","none","false","3","3"
"4949a94d5ea5984a653f3c0d63511565de1c58a2b92b4ca2ab1d29f012cdfdca","execution","sampling","samplerObserved","scala.collection.immutable.VectorBuilder.advance","com.cra.figaro.algorithm.sampling.VectorSliceSampler$.angular$1:179","none","false","1","1"
"4949a94d5ea5984a653f3c0d63511565de1c58a2b92b4ca2ab1d29f012cdfdca","execution","sampling","samplerObserved","scala.collection.immutable.VectorBuilder.result","com.cra.figaro.algorithm.sampling.VectorSliceSampler$.angular$1:179","none","false","2","2"
"4949a94d5ea5984a653f3c0d63511565de1c58a2b92b4ca2ab1d29f012cdfdca","execution","sampling","samplerObserved","scala.collection.immutable.VectorBuilder.result","com.cra.figaro.algorithm.sampling.VectorSliceSampler$.polar:156","none","false","1","1"
"4949a94d5ea5984a653f3c0d63511565de1c58a2b92b4ca2ab1d29f012cdfdca","execution","sampling","samplerObserved","scala.runtime.java8.JFunction1$mcDD$sp.apply","com.cra.figaro.algorithm.sampling.VectorSliceSampler$.polar:198","none","false","1","1"
