case,seed,method,status,truth,estimate,pilotCalls,productionCalls,componentCalls,seconds
common,95000,prior,Completed,0.5,0.5044166666666673,0,12000,0,0.013165
common,95000,single,Fitted,0.5,0.49536908917124034,1000,11000,0,0.0157814
common,95000,weighted,Fitted,0.5,0.4989732451542381,1000,11000,92560,0.0582058
common,95000,supplied,Completed,0.5,0.5009166666666679,0,12000,0,0.0112933
common,95001,single,Fitted,0.5,0.49689012251013437,1000,11000,0,0.012938
common,95001,weighted,Fitted,0.5,0.4996662564224977,1000,11000,15776,0.0155526
common,95001,supplied,Completed,0.5,0.49733333333333357,0,12000,0,0.0065648
common,95001,prior,Completed,0.5,0.49716666666666676,0,12000,0,0.0052412
common,95002,weighted,MixtureFitFailure,0.5,NaN,1000,0,13052,0.0072604
common,95002,supplied,Completed,0.5,0.49616666666666653,0,12000,0,0.0071501
common,95002,prior,Completed,0.5,0.49800000000000005,0,12000,0,0.0057212
common,95002,single,Fitted,0.5,0.5013562767954816,1000,11000,0,0.0073022
common,95003,supplied,Completed,0.5,0.5047500000000003,0,12000,0,0.0076407
common,95003,prior,Completed,0.5,0.5045833333333339,0,12000,0,0.0041934
common,95003,single,Fitted,0.5,0.5010252386037853,1000,11000,0,0.007494
common,95003,weighted,Fitted,0.5,0.494103329289103,1000,11000,15168,0.0109335
common,95004,prior,Completed,0.5,0.49975000000000075,0,12000,0,0.0039423
common,95004,single,Fitted,0.5,0.50059943622936,1000,11000,0,0.0063666
common,95004,weighted,MixtureFitFailure,0.5,NaN,1000,0,32760,0.0061641
common,95004,supplied,Completed,0.5,0.49933333333333413,0,12000,0,0.0059859
common,95005,single,Fitted,0.5,0.5046154445348435,1000,11000,0,0.0053788
common,95005,weighted,Fitted,0.5,0.4995639485501427,1000,11000,90610,0.0233761
common,95005,supplied,Completed,0.5,0.5005,0,12000,0,0.0075831
common,95005,prior,Completed,0.5,0.5040833333333333,0,12000,0,0.0041163
common,95006,weighted,Fitted,0.5,0.4997633976883732,1000,11000,22800,0.0111232
common,95006,supplied,Completed,0.5,0.49883333333333413,0,12000,0,0.0055219
common,95006,prior,Completed,0.5,0.5015000000000003,0,12000,0,0.0033737
common,95006,single,Fitted,0.5,0.49861832255606653,1000,11000,0,0.0063905
common,95007,supplied,Completed,0.5,0.49508333333333365,0,12000,0,0.0057304
common,95007,prior,Completed,0.5,0.501083333333334,0,12000,0,0.003335
common,95007,single,Fitted,0.5,0.4981234420490964,1000,11000,0,0.0057521
common,95007,weighted,MixtureFitFailure,0.5,NaN,1000,0,30318,0.0055655
common,95008,prior,Completed,0.5,0.5047500000000003,0,12000,0,0.0035839
common,95008,single,Fitted,0.5,0.4966839696826542,1000,11000,0,0.0054581
common,95008,weighted,Fitted,0.5,0.5002438125783347,1000,11000,26298,0.0115791
common,95008,supplied,Completed,0.5,0.5025000000000015,0,12000,0,0.0080935
common,95009,single,Fitted,0.5,0.499156349688862,1000,11000,0,0.0059526
common,95009,weighted,Fitted,0.5,0.4995992641014876,1000,11000,26992,0.0115406
common,95009,supplied,Completed,0.5,0.4958333333333344,0,12000,0,0.0053318
common,95009,prior,Completed,0.5,0.500916666666667,0,12000,0,0.0035717
common,95010,weighted,Fitted,0.5,0.5074524075139405,1000,11000,15120,0.0098016
common,95010,supplied,Completed,0.5,0.4984166666666675,0,12000,0,0.0058151
common,95010,prior,Completed,0.5,0.502833333333334,0,12000,0,0.0037826
common,95010,single,Fitted,0.5,0.5009326357351046,1000,11000,0,0.0066959
common,95011,supplied,Completed,0.5,0.49783333333333313,0,12000,0,0.0056737
common,95011,prior,Completed,0.5,0.5017500000000004,0,12000,0,0.003551
common,95011,single,Fitted,0.5,0.5023021219259551,1000,11000,0,0.0064169
common,95011,weighted,MixtureFitFailure,0.5,NaN,1000,0,46010,0.0073482
common,95012,prior,Completed,0.5,0.49908333333333404,0,12000,0,0.0037466
common,95012,single,Fitted,0.5,0.5043470771832324,1000,11000,0,0.0066469
common,95012,weighted,Fitted,0.5,0.4988927307597183,1000,11000,24048,0.0111768
common,95012,supplied,Completed,0.5,0.5015000000000012,0,12000,0,0.0086194
common,95013,single,Fitted,0.5,0.5010709404055768,1000,11000,0,0.0063052
common,95013,weighted,Fitted,0.5,0.5012608912391269,1000,11000,22044,0.0111974
common,95013,supplied,Completed,0.5,0.5047500000000003,0,12000,0,0.0064361
common,95013,prior,Completed,0.5,0.4960000000000007,0,12000,0,0.0047448
common,95014,weighted,MixtureFitFailure,0.5,NaN,1000,0,23952,0.0041959
common,95014,supplied,Completed,0.5,0.5058333333333347,0,12000,0,0.0055661
common,95014,prior,Completed,0.5,0.4975000000000005,0,12000,0,0.003845
common,95014,single,Fitted,0.5,0.4972122676369463,1000,11000,0,0.0055751
common,95015,supplied,Completed,0.5,0.495000000000001,0,12000,0,0.0056292
common,95015,prior,Completed,0.5,0.4924166666666672,0,12000,0,0.0035422
common,95015,single,Fitted,0.5,0.5032179374330187,1000,11000,0,0.0063501
common,95015,weighted,Fitted,0.5,0.5017959177067608,1000,11000,22748,0.0107931
common,95016,prior,Completed,0.5,0.49991666666666673,0,12000,0,0.0039811
common,95016,single,Fitted,0.5,0.5006801039678829,1000,11000,0,0.0060394
common,95016,weighted,Fitted,0.5,0.4982400569622584,1000,11000,53136,0.0171604
common,95016,supplied,Completed,0.5,0.49408333333333393,0,12000,0,0.0055637
common,95017,single,Fitted,0.5,0.4929970625896942,1000,11000,0,0.0061971
common,95017,weighted,Fitted,0.5,0.49376749509447476,1000,11000,81008,0.0192829
common,95017,supplied,Completed,0.5,0.4935833333333346,0,12000,0,0.0056623
common,95017,prior,Completed,0.5,0.49475000000000074,0,12000,0,0.003982
common,95018,weighted,Fitted,0.5,0.5009406823926538,1000,11000,18050,0.0098481
common,95018,supplied,Completed,0.5,0.5050833333333339,0,12000,0,0.0057924
common,95018,prior,Completed,0.5,0.4922500000000001,0,12000,0,0.0033586
common,95018,single,Fitted,0.5,0.4952415299080275,1000,11000,0,0.0056221
common,95019,supplied,Completed,0.5,0.503416666666667,0,12000,0,0.0055439
common,95019,prior,Completed,0.5,0.5046666666666669,0,12000,0,0.0036492
common,95019,single,Fitted,0.5,0.4978285545314057,1000,11000,0,0.00544
common,95019,weighted,Fitted,0.5,0.4912910537465128,1000,11000,32384,0.0122641
common,95020,prior,Completed,0.5,0.4963333333333339,0,12000,0,0.0052974
common,95020,single,Fitted,0.5,0.4962085575672668,1000,11000,0,0.0059576
common,95020,weighted,Fitted,0.5,0.5043451530122881,1000,11000,35928,0.0129848
common,95020,supplied,Completed,0.5,0.4960000000000007,0,12000,0,0.0065921
common,95021,single,Fitted,0.5,0.5023085828254271,1000,11000,0,0.0058539
common,95021,weighted,Fitted,0.5,0.4991480111964776,1000,11000,24900,0.0116563
common,95021,supplied,Completed,0.5,0.4967500000000002,0,12000,0,0.0056732
common,95021,prior,Completed,0.5,0.49800000000000005,0,12000,0,0.0037123
common,95022,weighted,MixtureFitFailure,0.5,NaN,1000,0,12558,0.0027232
common,95022,supplied,Completed,0.5,0.4975833333333334,0,12000,0,0.0057927
common,95022,prior,Completed,0.5,0.49325000000000047,0,12000,0,0.0035961
common,95022,single,Fitted,0.5,0.4992199404500897,1000,11000,0,0.0056819
common,95023,supplied,Completed,0.5,0.4977500000000007,0,12000,0,0.0058078
common,95023,prior,Completed,0.5,0.5019166666666667,0,12000,0,0.0033432
common,95023,single,Fitted,0.5,0.5017632283647505,1000,11000,0,0.0055208
common,95023,weighted,MixtureFitFailure,0.5,NaN,1000,0,19266,0.0035568
common,95024,prior,Completed,0.5,0.49983333333333324,0,12000,0,0.0041472
common,95024,single,Fitted,0.5,0.4993202751701158,1000,11000,0,0.0077786
common,95024,weighted,Fitted,0.5,0.49778024269807236,1000,11000,31080,0.0123485
common,95024,supplied,Completed,0.5,0.4995000000000007,0,12000,0,0.0053485
common,95025,single,Fitted,0.5,0.49809197183515685,1000,11000,0,0.0056252
common,95025,weighted,Fitted,0.5,0.501343876079763,1000,11000,25488,0.0110969
common,95025,supplied,Completed,0.5,0.5000833333333331,0,12000,0,0.0055271
common,95025,prior,Completed,0.5,0.5067500000000004,0,12000,0,0.0035869
common,95026,weighted,Fitted,0.5,0.5061901402975274,1000,11000,41410,0.0132551
common,95026,supplied,Completed,0.5,0.5049166666666671,0,12000,0,0.0052816
common,95026,prior,Completed,0.5,0.4981666666666668,0,12000,0,0.0032985
common,95026,single,Fitted,0.5,0.5061777516667513,1000,11000,0,0.0055967
common,95027,supplied,Completed,0.5,0.5091666666666677,0,12000,0,0.0058901
common,95027,prior,Completed,0.5,0.5065000000000005,0,12000,0,0.0033189
common,95027,single,Fitted,0.5,0.4955945000716264,1000,11000,0,0.0054129
common,95027,weighted,Fitted,0.5,0.5003017953152485,1000,11000,28826,0.0138079
common,95028,prior,Completed,0.5,0.49858333333333327,0,12000,0,0.0033951
common,95028,single,Fitted,0.5,0.5000957944123582,1000,11000,0,0.0058743
common,95028,weighted,MixtureFitFailure,0.5,NaN,1000,0,45672,0.0071806
common,95028,supplied,Completed,0.5,0.5097499999999998,0,12000,0,0.0056296
common,95029,single,Fitted,0.5,0.5002006559043785,1000,11000,0,0.0054848
common,95029,weighted,Fitted,0.5,0.5036096686770105,1000,11000,19646,0.0099693
common,95029,supplied,Completed,0.5,0.4958333333333344,0,12000,0,0.0053897
common,95029,prior,Completed,0.5,0.49608333333333393,0,12000,0,0.0034292
one_tail,95000,prior,Completed,0.0013498980316300946,0.0010000000000000002,0,12000,0,0.0037942
one_tail,95000,single,Fitted,0.0013498980316300946,0.0013679285575612667,3000,9000,0,0.0062753
one_tail,95000,weighted,Fitted,0.0013498980316300946,0.001349227411828585,3000,9000,12984,0.0099675
one_tail,95000,supplied,Completed,0.0013498980316300946,0.001375101601052716,0,12000,0,0.0052509
one_tail,95001,single,Fitted,0.0013498980316300946,0.001322642443791429,3000,9000,0,0.0058822
one_tail,95001,weighted,Fitted,0.0013498980316300946,0.0013218536006563341,3000,9000,8968,0.0089987
one_tail,95001,supplied,Completed,0.0013498980316300946,0.001312746474565716,0,12000,0,0.0055523
one_tail,95001,prior,Completed,0.0013498980316300946,0.0014166666666666676,0,12000,0,0.0054095
one_tail,95002,weighted,MixtureFitFailure,0.0013498980316300946,NaN,1000,0,200,7.219E-4
one_tail,95002,supplied,Completed,0.0013498980316300946,0.0013430142376574879,0,12000,0,0.0052276
one_tail,95002,prior,Completed,0.0013498980316300946,0.0011666666666666676,0,12000,0,0.0039038
one_tail,95002,single,Fitted,0.0013498980316300946,0.0013450402903200415,3000,9000,0,0.0054956
one_tail,95003,supplied,Completed,0.0013498980316300946,0.0013797178493917574,0,12000,0,0.0052381
one_tail,95003,prior,Completed,0.0013498980316300946,0.0011666666666666676,0,12000,0,0.0036387
one_tail,95003,single,Fitted,0.0013498980316300946,0.0013510263316585016,3000,9000,0,0.0057231
one_tail,95003,weighted,Fitted,0.0013498980316300946,0.0013299294092481288,3000,9000,9400,0.009166
one_tail,95004,prior,Completed,0.0013498980316300946,0.0013333333333333346,0,12000,0,0.0038592
one_tail,95004,single,Fitted,0.0013498980316300946,0.001367185407126761,3000,9000,0,0.0055016
one_tail,95004,weighted,Fitted,0.0013498980316300946,0.00133684524228003,3000,9000,12530,0.0099392
one_tail,95004,supplied,Completed,0.0013498980316300946,0.0013613466001940677,0,12000,0,0.005533
one_tail,95005,single,Fitted,0.0013498980316300946,0.0013125514419937525,3000,9000,0,0.0054713
one_tail,95005,weighted,Fitted,0.0013498980316300946,0.0013328983692069223,3000,9000,11796,0.009713
one_tail,95005,supplied,Completed,0.0013498980316300946,0.0013163345509946986,0,12000,0,0.0052567
one_tail,95005,prior,Completed,0.0013498980316300946,0.0012500000000000013,0,12000,0,0.0033693
one_tail,95006,weighted,Fitted,0.0013498980316300946,0.001390506247050595,3000,9000,9672,0.0116741
one_tail,95006,supplied,Completed,0.0013498980316300946,0.0013343046939869525,0,12000,0,0.005514
one_tail,95006,prior,Completed,0.0013498980316300946,0.0015000000000000007,0,12000,0,0.003818
one_tail,95006,single,Fitted,0.0013498980316300946,0.0013639071542272665,3000,9000,0,0.0057165
one_tail,95007,supplied,Completed,0.0013498980316300946,0.0013478751068027879,0,12000,0,0.0057655
one_tail,95007,prior,Completed,0.0013498980316300946,0.0010833333333333335,0,12000,0,0.003508
one_tail,95007,single,Fitted,0.0013498980316300946,0.0013419256365084522,3000,9000,0,0.0057277
one_tail,95007,weighted,Fitted,0.0013498980316300946,0.001338926409627494,3000,9000,14736,0.0108717
one_tail,95008,prior,Completed,0.0013498980316300946,0.0014166666666666676,0,12000,0,0.0044746
one_tail,95008,single,Fitted,0.0013498980316300946,0.0013402563603715633,3000,9000,0,0.0058802
one_tail,95008,weighted,Fitted,0.0013498980316300946,0.0013389250985362865,3000,9000,9644,0.0112055
one_tail,95008,supplied,Completed,0.0013498980316300946,0.0013421558867232788,0,12000,0,0.007682
one_tail,95009,single,Fitted,0.0013498980316300946,0.0013551197529775602,3000,9000,0,0.0080573
one_tail,95009,weighted,Fitted,0.0013498980316300946,0.0013626447493072502,3000,9000,10278,0.0098011
one_tail,95009,supplied,Completed,0.0013498980316300946,0.001293025697189739,0,12000,0,0.0063051
one_tail,95009,prior,Completed,0.0013498980316300946,8.33333333333334E-4,0,12000,0,0.0035151
one_tail,95010,weighted,Fitted,0.0013498980316300946,0.0013809571351199362,3000,9000,9168,0.0124472
one_tail,95010,supplied,Completed,0.0013498980316300946,0.0013546652384042028,0,12000,0,0.0067382
one_tail,95010,prior,Completed,0.0013498980316300946,0.0019166666666666679,0,12000,0,0.0035813
one_tail,95010,single,Fitted,0.0013498980316300946,0.0013811706619456135,3000,9000,0,0.0064471
one_tail,95011,supplied,Completed,0.0013498980316300946,0.0013310202368301564,0,12000,0,0.0061165
one_tail,95011,prior,Completed,0.0013498980316300946,0.0013333333333333346,0,12000,0,0.0036979
one_tail,95011,single,Fitted,0.0013498980316300946,0.0013456584174491766,3000,9000,0,0.0061539
one_tail,95011,weighted,Fitted,0.0013498980316300946,0.0013600041886629637,3000,9000,11694,0.0100139
one_tail,95012,prior,Completed,0.0013498980316300946,0.0015000000000000007,0,12000,0,0.0036458
one_tail,95012,single,Fitted,0.0013498980316300946,0.0013337293315212185,3000,9000,0,0.0058605
one_tail,95012,weighted,Fitted,0.0013498980316300946,0.0013289641049874566,3000,9000,10664,0.009332
one_tail,95012,supplied,Completed,0.0013498980316300946,0.0013254251690741413,0,12000,0,0.0059975
one_tail,95013,single,Fitted,0.0013498980316300946,0.0013395227040674488,3000,9000,0,0.0055219
one_tail,95013,weighted,Fitted,0.0013498980316300946,0.0013756788978543644,3000,9000,10914,0.00993
one_tail,95013,supplied,Completed,0.0013498980316300946,0.0013289859217436091,0,12000,0,0.0057864
one_tail,95013,prior,Completed,0.0013498980316300946,0.0015000000000000007,0,12000,0,0.0036944
one_tail,95014,weighted,Fitted,0.0013498980316300946,0.0013351899109550083,3000,9000,15992,0.0110505
one_tail,95014,supplied,Completed,0.0013498980316300946,0.0013715626377546158,0,12000,0,0.0092616
one_tail,95014,prior,Completed,0.0013498980316300946,0.0015000000000000007,0,12000,0,0.004388
one_tail,95014,single,Fitted,0.0013498980316300946,0.0013265059683215793,3000,9000,0,0.0060205
one_tail,95015,supplied,Completed,0.0013498980316300946,0.0013280763526129999,0,12000,0,0.0060877
one_tail,95015,prior,Completed,0.0013498980316300946,0.0010833333333333335,0,12000,0,0.0037849
one_tail,95015,single,Fitted,0.0013498980316300946,0.0013476403786582404,3000,9000,0,0.0054874
one_tail,95015,weighted,Fitted,0.0013498980316300946,0.0013439166589786138,3000,9000,9990,0.009759
one_tail,95016,prior,Completed,0.0013498980316300946,0.0014166666666666676,0,12000,0,0.0036311
one_tail,95016,single,Fitted,0.0013498980316300946,0.0013393762271726947,3000,9000,0,0.0057253
one_tail,95016,weighted,Fitted,0.0013498980316300946,0.0013582330217358817,3000,9000,10762,0.0094813
one_tail,95016,supplied,Completed,0.0013498980316300946,0.0013112898522185882,0,12000,0,0.0054609
one_tail,95017,single,Fitted,0.0013498980316300946,0.00135342217422857,3000,9000,0,0.0065027
one_tail,95017,weighted,Fitted,0.0013498980316300946,0.0013097639784442616,3000,9000,11730,0.01009
one_tail,95017,supplied,Completed,0.0013498980316300946,0.001354544106928222,0,12000,0,0.0054111
one_tail,95017,prior,Completed,0.0013498980316300946,0.0011666666666666676,0,12000,0,0.0038603
one_tail,95018,weighted,Fitted,0.0013498980316300946,0.0013362797032755941,3000,9000,10524,0.0096543
one_tail,95018,supplied,Completed,0.0013498980316300946,0.0013591094348759819,0,12000,0,0.0081473
one_tail,95018,prior,Completed,0.0013498980316300946,0.0013333333333333346,0,12000,0,0.0035235
one_tail,95018,single,Fitted,0.0013498980316300946,0.0013293078729096318,3000,9000,0,0.005636
one_tail,95019,supplied,Completed,0.0013498980316300946,0.001344539383949987,0,12000,0,0.0061932
one_tail,95019,prior,Completed,0.0013498980316300946,0.0014166666666666676,0,12000,0,0.003659
one_tail,95019,single,Fitted,0.0013498980316300946,0.0013321302973481647,3000,9000,0,0.0055734
one_tail,95019,weighted,Fitted,0.0013498980316300946,0.0013386335327453193,3000,9000,11152,0.0096169
one_tail,95020,prior,Completed,0.0013498980316300946,0.0014166666666666676,0,12000,0,0.0039028
one_tail,95020,single,Fitted,0.0013498980316300946,0.001365837971057191,3000,9000,0,0.0054728
one_tail,95020,weighted,MixtureFitFailure,0.0013498980316300946,NaN,3000,0,9140,0.0039567
one_tail,95020,supplied,Completed,0.0013498980316300946,0.0013400630586207604,0,12000,0,0.0054471
one_tail,95021,single,Fitted,0.0013498980316300946,0.0014055549390007997,3000,9000,0,0.0055699
one_tail,95021,weighted,Fitted,0.0013498980316300946,0.0013736864659542637,3000,9000,9746,0.0093
one_tail,95021,supplied,Completed,0.0013498980316300946,0.0013798674557736635,0,12000,0,0.0056147
one_tail,95021,prior,Completed,0.0013498980316300946,0.002083333333333335,0,12000,0,0.0035639
one_tail,95022,weighted,MixtureFitFailure,0.0013498980316300946,NaN,1000,0,200,7.716E-4
one_tail,95022,supplied,Completed,0.0013498980316300946,0.0013497328064218383,0,12000,0,0.0057542
one_tail,95022,prior,Completed,0.0013498980316300946,0.0010833333333333335,0,12000,0,0.0033792
one_tail,95022,single,Fitted,0.0013498980316300946,0.0013756709028918564,3000,9000,0,0.0056954
one_tail,95023,supplied,Completed,0.0013498980316300946,0.0013299412335637019,0,12000,0,0.0087111
one_tail,95023,prior,Completed,0.0013498980316300946,0.0016666666666666668,0,12000,0,0.0033142
one_tail,95023,single,Fitted,0.0013498980316300946,0.0013681693677690394,3000,9000,0,0.0056189
one_tail,95023,weighted,MixtureFitFailure,0.0013498980316300946,NaN,1000,0,200,8.314E-4
one_tail,95024,prior,Completed,0.0013498980316300946,0.0012500000000000013,0,12000,0,0.003603
one_tail,95024,single,Fitted,0.0013498980316300946,0.001349346680235897,3000,9000,0,0.0053038
one_tail,95024,weighted,Fitted,0.0013498980316300946,0.0013562095340358172,3000,9000,9980,0.0095953
one_tail,95024,supplied,Completed,0.0013498980316300946,0.0013803443950705038,0,12000,0,0.0053823
one_tail,95025,single,Fitted,0.0013498980316300946,0.0013396182562898681,3000,9000,0,0.0053136
one_tail,95025,weighted,Fitted,0.0013498980316300946,0.001338383530897472,3000,9000,10504,0.0095451
one_tail,95025,supplied,Completed,0.0013498980316300946,0.0013504217902179693,0,12000,0,0.0054374
one_tail,95025,prior,Completed,0.0013498980316300946,0.0014166666666666676,0,12000,0,0.0038158
one_tail,95026,weighted,Fitted,0.0013498980316300946,0.001374297749891493,3000,9000,10794,0.0096708
one_tail,95026,supplied,Completed,0.0013498980316300946,0.0013654803213508347,0,12000,0,0.0057337
one_tail,95026,prior,Completed,0.0013498980316300946,0.0011666666666666676,0,12000,0,0.0041743
one_tail,95026,single,Fitted,0.0013498980316300946,0.0013893769255860187,3000,9000,0,0.0059414
one_tail,95027,supplied,Completed,0.0013498980316300946,0.0013648682405778241,0,12000,0,0.0057474
one_tail,95027,prior,Completed,0.0013498980316300946,0.0013333333333333346,0,12000,0,0.0039849
one_tail,95027,single,Fitted,0.0013498980316300946,0.001322388068728718,3000,9000,0,0.0064822
one_tail,95027,weighted,Fitted,0.0013498980316300946,0.0013422179094152613,3000,9000,11324,0.009482
one_tail,95028,prior,Completed,0.0013498980316300946,0.0013333333333333346,0,12000,0,0.0042012
one_tail,95028,single,Fitted,0.0013498980316300946,0.0013463340826721868,3000,9000,0,0.0053874
one_tail,95028,weighted,Fitted,0.0013498980316300946,0.0013287578683484763,3000,9000,13026,0.0099532
one_tail,95028,supplied,Completed,0.0013498980316300946,0.0013768105951602674,0,12000,0,0.0053902
one_tail,95029,single,Fitted,0.0013498980316300946,0.0013535309446030524,3000,9000,0,0.0056108
one_tail,95029,weighted,Fitted,0.0013498980316300946,0.0013759793967402633,3000,9000,9072,0.0093175
one_tail,95029,supplied,Completed,0.0013498980316300946,0.001302226879961882,0,12000,0,0.0058917
one_tail,95029,prior,Completed,0.0013498980316300946,0.0020000000000000005,0,12000,0,0.0036185
two_tail,95000,prior,Completed,6.334248366623984E-5,8.333333333333338E-5,0,12000,0,0.0037537
two_tail,95000,single,Fitted,6.334248366623984E-5,6.473643740295218E-5,2000,10000,0,0.0054547
two_tail,95000,weighted,Fitted,6.334248366623984E-5,6.341943819294494E-5,3000,9000,4212,0.0091455
two_tail,95000,supplied,Completed,6.334248366623984E-5,6.401494949752439E-5,0,12000,0,0.0074981
two_tail,95001,single,Fitted,6.334248366623984E-5,6.178621020851689E-5,3000,9000,0,0.005635
two_tail,95001,weighted,Fitted,6.334248366623984E-5,6.321644807958732E-5,3000,9000,3660,0.0084398
two_tail,95001,supplied,Completed,6.334248366623984E-5,6.496185924353818E-5,0,12000,0,0.0081567
two_tail,95001,prior,Completed,6.334248366623984E-5,2.5E-4,0,12000,0,0.0043441
two_tail,95002,weighted,Fitted,6.334248366623984E-5,6.250942007275937E-5,3000,9000,4752,0.0082143
two_tail,95002,supplied,Completed,6.334248366623984E-5,6.496057535959406E-5,0,12000,0,0.007485
two_tail,95002,prior,Completed,6.334248366623984E-5,1.666666666666668E-4,0,12000,0,0.0034129
two_tail,95002,single,Fitted,6.334248366623984E-5,6.170888324684394E-5,2000,10000,0,0.0053966
two_tail,95003,supplied,Completed,6.334248366623984E-5,6.515993822769542E-5,0,12000,0,0.0075824
two_tail,95003,prior,Completed,6.334248366623984E-5,0.0,0,12000,0,0.0034018
two_tail,95003,single,Fitted,6.334248366623984E-5,6.26333495802686E-5,3000,9000,0,0.0055594
two_tail,95003,weighted,Fitted,6.334248366623984E-5,6.265345466046615E-5,3000,9000,3248,0.0087086
two_tail,95004,prior,Completed,6.334248366623984E-5,1.666666666666668E-4,0,12000,0,0.0038629
two_tail,95004,single,Fitted,6.334248366623984E-5,6.611142634606767E-5,2000,10000,0,0.0054767
two_tail,95004,weighted,Fitted,6.334248366623984E-5,6.203477365345609E-5,3000,9000,3628,0.0084914
two_tail,95004,supplied,Completed,6.334248366623984E-5,6.235553126743901E-5,0,12000,0,0.0072748
two_tail,95005,single,Fitted,6.334248366623984E-5,6.493359537095011E-5,2000,10000,0,0.006466
two_tail,95005,weighted,Fitted,6.334248366623984E-5,6.240431641829008E-5,3000,9000,4308,0.0085436
two_tail,95005,supplied,Completed,6.334248366623984E-5,6.2333790065438E-5,0,12000,0,0.008142
two_tail,95005,prior,Completed,6.334248366623984E-5,8.333333333333338E-5,0,12000,0,0.0032986
two_tail,95006,weighted,Fitted,6.334248366623984E-5,6.487515471554385E-5,4000,8000,9936,0.0089711
two_tail,95006,supplied,Completed,6.334248366623984E-5,6.314751998096102E-5,0,12000,0,0.0074293
two_tail,95006,prior,Completed,6.334248366623984E-5,0.0,0,12000,0,0.0033979
two_tail,95006,single,Fitted,6.334248366623984E-5,6.99481729225218E-5,2000,10000,0,0.0052955
two_tail,95007,supplied,Completed,6.334248366623984E-5,6.31308522008675E-5,0,12000,0,0.0072702
two_tail,95007,prior,Completed,6.334248366623984E-5,0.0,0,12000,0,0.0036248
two_tail,95007,single,Fitted,6.334248366623984E-5,6.371158580124692E-5,2000,10000,0,0.0052649
two_tail,95007,weighted,Fitted,6.334248366623984E-5,6.375499830847491E-5,3000,9000,4044,0.0081807
two_tail,95008,prior,Completed,6.334248366623984E-5,1.666666666666668E-4,0,12000,0,0.0033188
two_tail,95008,single,Fitted,6.334248366623984E-5,6.278329397917531E-5,3000,9000,0,0.0061874
two_tail,95008,weighted,Fitted,6.334248366623984E-5,6.226285244507692E-5,4000,8000,10108,0.0098206
two_tail,95008,supplied,Completed,6.334248366623984E-5,6.263786631769895E-5,0,12000,0,0.0069346
two_tail,95009,single,Fitted,6.334248366623984E-5,6.235549073478352E-5,2000,10000,0,0.005843
two_tail,95009,weighted,Fitted,6.334248366623984E-5,6.285026640077297E-5,3000,9000,4012,0.0085041
two_tail,95009,supplied,Completed,6.334248366623984E-5,6.445207706429281E-5,0,12000,0,0.0074633
two_tail,95009,prior,Completed,6.334248366623984E-5,0.0,0,12000,0,0.0033543
two_tail,95010,weighted,Fitted,6.334248366623984E-5,6.530144537878312E-5,3000,9000,3840,0.0078978
two_tail,95010,supplied,Completed,6.334248366623984E-5,6.474172099301693E-5,0,12000,0,0.0075147
two_tail,95010,prior,Completed,6.334248366623984E-5,1.666666666666668E-4,0,12000,0,0.0038404
two_tail,95010,single,Fitted,6.334248366623984E-5,7.029268554676345E-5,2000,10000,0,0.0059707
two_tail,95011,supplied,Completed,6.334248366623984E-5,6.383354398205211E-5,0,12000,0,0.0073646
two_tail,95011,prior,Completed,6.334248366623984E-5,0.0,0,12000,0,0.0032769
two_tail,95011,single,Fitted,6.334248366623984E-5,6.694369542096493E-5,2000,10000,0,0.0054069
two_tail,95011,weighted,Fitted,6.334248366623984E-5,6.321841405426233E-5,3000,9000,4408,0.0085586
two_tail,95012,prior,Completed,6.334248366623984E-5,8.333333333333338E-5,0,12000,0,0.003724
two_tail,95012,single,Fitted,6.334248366623984E-5,6.0986122040129855E-5,2000,10000,0,0.005757
two_tail,95012,weighted,Fitted,6.334248366623984E-5,6.246772162651861E-5,3000,9000,3820,0.008113
two_tail,95012,supplied,Completed,6.334248366623984E-5,6.09302337855317E-5,0,12000,0,0.0072036
two_tail,95013,single,Fitted,6.334248366623984E-5,5.872025121154278E-5,2000,10000,0,0.0056698
two_tail,95013,weighted,Fitted,6.334248366623984E-5,6.206880893161713E-5,3000,9000,3604,0.0089195
two_tail,95013,supplied,Completed,6.334248366623984E-5,6.27020595531123E-5,0,12000,0,0.0075316
two_tail,95013,prior,Completed,6.334248366623984E-5,0.0,0,12000,0,0.0035821
two_tail,95014,weighted,Fitted,6.334248366623984E-5,6.3675804300279E-5,3000,9000,4288,0.0088642
two_tail,95014,supplied,Completed,6.334248366623984E-5,6.595192444494616E-5,0,12000,0,0.0070957
two_tail,95014,prior,Completed,6.334248366623984E-5,8.333333333333338E-5,0,12000,0,0.0036456
two_tail,95014,single,Fitted,6.334248366623984E-5,6.104779041335178E-5,2000,10000,0,0.0072915
two_tail,95015,supplied,Completed,6.334248366623984E-5,6.245040303107282E-5,0,12000,0,0.0071692
two_tail,95015,prior,Completed,6.334248366623984E-5,8.333333333333338E-5,0,12000,0,0.0034059
two_tail,95015,single,Fitted,6.334248366623984E-5,6.816274480711109E-5,2000,10000,0,0.0058776
two_tail,95015,weighted,Fitted,6.334248366623984E-5,6.242581508079366E-5,3000,9000,3996,0.0078613
two_tail,95016,prior,Completed,6.334248366623984E-5,0.0,0,12000,0,0.0034077
two_tail,95016,single,Fitted,6.334248366623984E-5,6.168850193010635E-5,2000,10000,0,0.0057574
two_tail,95016,weighted,Fitted,6.334248366623984E-5,6.35967512958159E-5,3000,9000,3880,0.0079791
two_tail,95016,supplied,Completed,6.334248366623984E-5,6.441156250909141E-5,0,12000,0,0.0075125
two_tail,95017,single,Fitted,6.334248366623984E-5,6.221935595587584E-5,2000,10000,0,0.0053349
two_tail,95017,weighted,Fitted,6.334248366623984E-5,6.232186969738436E-5,3000,9000,4216,0.0087628
two_tail,95017,supplied,Completed,6.334248366623984E-5,6.231198277719358E-5,0,12000,0,0.0072833
two_tail,95017,prior,Completed,6.334248366623984E-5,0.0,0,12000,0,0.0033983
two_tail,95018,weighted,Fitted,6.334248366623984E-5,6.341056692333517E-5,3000,9000,3864,0.0085157
two_tail,95018,supplied,Completed,6.334248366623984E-5,6.40978308888941E-5,0,12000,0,0.0071963
two_tail,95018,prior,Completed,6.334248366623984E-5,1.666666666666668E-4,0,12000,0,0.0033302
two_tail,95018,single,Fitted,6.334248366623984E-5,6.385852698305151E-5,2000,10000,0,0.0056291
two_tail,95019,supplied,Completed,6.334248366623984E-5,6.38739043388114E-5,0,12000,0,0.0069716
two_tail,95019,prior,Completed,6.334248366623984E-5,0.0,0,12000,0,0.0035349
two_tail,95019,single,Fitted,6.334248366623984E-5,6.02265341828884E-5,2000,10000,0,0.0054484
two_tail,95019,weighted,Fitted,6.334248366623984E-5,6.312368325758321E-5,3000,9000,4152,0.0078006
two_tail,95020,prior,Completed,6.334248366623984E-5,8.333333333333338E-5,0,12000,0,0.0034427
two_tail,95020,single,Fitted,6.334248366623984E-5,6.367198582696538E-5,2000,10000,0,0.0053849
two_tail,95020,weighted,Fitted,6.334248366623984E-5,6.414222795802028E-5,3000,9000,3832,0.0077623
two_tail,95020,supplied,Completed,6.334248366623984E-5,6.355233173623979E-5,0,12000,0,0.0074285
two_tail,95021,single,Fitted,6.334248366623984E-5,6.095675023943332E-5,2000,10000,0,0.0053256
two_tail,95021,weighted,Fitted,6.334248366623984E-5,6.207128966878478E-5,3000,9000,3868,0.0088733
two_tail,95021,supplied,Completed,6.334248366623984E-5,6.468587117985942E-5,0,12000,0,0.0073436
two_tail,95021,prior,Completed,6.334248366623984E-5,8.333333333333338E-5,0,12000,0,0.0036192
two_tail,95022,weighted,Fitted,6.334248366623984E-5,6.590901533219749E-5,3000,9000,3672,0.0087374
two_tail,95022,supplied,Completed,6.334248366623984E-5,6.399554037637707E-5,0,12000,0,0.007144
two_tail,95022,prior,Completed,6.334248366623984E-5,8.333333333333338E-5,0,12000,0,0.0033497
two_tail,95022,single,Fitted,6.334248366623984E-5,6.400692279557834E-5,2000,10000,0,0.0053351
two_tail,95023,supplied,Completed,6.334248366623984E-5,6.406285875456408E-5,0,12000,0,0.0072298
two_tail,95023,prior,Completed,6.334248366623984E-5,8.333333333333338E-5,0,12000,0,0.0032606
two_tail,95023,single,Fitted,6.334248366623984E-5,6.430315130811095E-5,3000,9000,0,0.0052985
two_tail,95023,weighted,Fitted,6.334248366623984E-5,6.363770531701188E-5,3000,9000,3924,0.00814
two_tail,95024,prior,Completed,6.334248366623984E-5,1.666666666666668E-4,0,12000,0,0.0032426
two_tail,95024,single,Fitted,6.334248366623984E-5,6.559657068921351E-5,2000,10000,0,0.0052031
two_tail,95024,weighted,Fitted,6.334248366623984E-5,6.436494244680789E-5,3000,9000,3928,0.008291
two_tail,95024,supplied,Completed,6.334248366623984E-5,6.440741859014926E-5,0,12000,0,0.0071012
two_tail,95025,single,Fitted,6.334248366623984E-5,6.008158415963931E-5,2000,10000,0,0.0061132
two_tail,95025,weighted,Fitted,6.334248366623984E-5,6.333580192417657E-5,3000,9000,3904,0.008797
two_tail,95025,supplied,Completed,6.334248366623984E-5,6.357697534332755E-5,0,12000,0,0.0075231
two_tail,95025,prior,Completed,6.334248366623984E-5,0.0,0,12000,0,0.003254
two_tail,95026,weighted,Fitted,6.334248366623984E-5,6.390704533306466E-5,3000,9000,4060,0.0078697
two_tail,95026,supplied,Completed,6.334248366623984E-5,6.4701977737671E-5,0,12000,0,0.007284
two_tail,95026,prior,Completed,6.334248366623984E-5,1.666666666666668E-4,0,12000,0,0.003256
two_tail,95026,single,Fitted,6.334248366623984E-5,6.324743853258468E-5,2000,10000,0,0.0058214
two_tail,95027,supplied,Completed,6.334248366623984E-5,6.20832387621172E-5,0,12000,0,0.0074007
two_tail,95027,prior,Completed,6.334248366623984E-5,0.0,0,12000,0,0.0033475
two_tail,95027,single,Fitted,6.334248366623984E-5,6.079223254843383E-5,2000,10000,0,0.0053657
two_tail,95027,weighted,Fitted,6.334248366623984E-5,6.322381604579778E-5,3000,9000,3972,0.0081859
two_tail,95028,prior,Completed,6.334248366623984E-5,1.666666666666668E-4,0,12000,0,0.0036515
two_tail,95028,single,Fitted,6.334248366623984E-5,5.677948707098346E-5,2000,10000,0,0.0056544
two_tail,95028,weighted,Fitted,6.334248366623984E-5,6.254744376054798E-5,3000,9000,4384,0.0085666
two_tail,95028,supplied,Completed,6.334248366623984E-5,6.288170052337516E-5,0,12000,0,0.0072722
two_tail,95029,single,Fitted,6.334248366623984E-5,6.238435374232949E-5,2000,10000,0,0.0058259
two_tail,95029,weighted,Fitted,6.334248366623984E-5,6.43039520673512E-5,3000,9000,3936,0.0086115
two_tail,95029,supplied,Completed,6.334248366623984E-5,6.430557790398889E-5,0,12000,0,0.0074434
two_tail,95029,prior,Completed,6.334248366623984E-5,0.0,0,12000,0,0.0033819
